Rank,Name,OVR,Position,Alternative positions,Nation,League,Team,Age,Height,Weight,Preferred foot,Weak foot,Skill moves,play style,Gender,url,PAC,SHO,PAS,DRI,DEF,PHY,Acceleration,Sprint Speed,Positioning,Finishing,Shot Power,Long Shots,Volleys,Penalties,Vision,Crossing,Free Kick Accuracy,Short Passing,Long Passing,Curve,Dribbling,Agility,Balance,Reactions,Ball Control,Composure,Interceptions,Heading Accuracy,Def Awareness,Standing Tackle,Sliding Tackle,Jumping,Stamina,Strength,Aggression,GK Diving,GK Handling,GK Kicking,GK Positioning,GK Reflexes
3,Aitana Bonmatí,91,CM,CAM,Spain,Liga F,FC Barcelona,28,162,53,Right,5,4,"Finesse Shot, Incisive Pass, Pinged Pass, Tiki Taka, First Touch, Relentless, Technical+",Women's Football,https://www.ea.com/games/ea-sports-fc/ratings/player-ratings/241667,81,86,86,91,77,75,82,80,91,91,79,89,70,70,90,74,77,91,90,78,92,93,86,91,91,85,88,54,75,81,67,75,82,75,64,9,15,11,12,14
6,Alexia Putellas,90,CM,CAM,Spain,Liga F,FC Barcelona,32,173,69,Left,5,5,"Finesse Shot, Incisive Pass, Pinged Pass, Tiki Taka, Technical, Flair, First Touch+",Women's Football,https://www.ea.com/games/ea-sports-fc/ratings/player-ratings/227203,82,89,90,91,72,78,81,82,91,91,86,89,90,89,91,88,89,91,90,89,90,90,89,90,92,92,78,74,60,81,64,84,85,78,70,15,17,11,15,10
8,Caroline Graham Hansen,90,RW,RM,Norway,Liga F,FC Barcelona,31,175,59,Right,5,5,"Finesse Shot, Technical, Flair, First Touch, Quick Step, Trivela, Trickster+",Women's Football,https://www.ea.com/games/ea-sports-fc/ratings/player-ratings/227102,89,87,88,90,47,76,90,88,87,86,88,89,83,79,89,90,77,89,84,92,93,94,75,83,90,84,35,71,45,50,46,84,87,74,66,17,11,15,13,9
10,Sam Kerr,90,ST,,Australia,Barclays WSL,Chelsea,32,168,66,Right,4,4,"Power Header, Rapid, Quick Step, Acrobatic, Aerial, Finesse Shot+",Women's Football,https://www.ea.com/games/ea-sports-fc/ratings/player-ratings/227125,85,88,74,90,42,83,86,84,92,92,85,85,92,71,79,70,68,78,67,76,90,90,82,89,91,91,24,93,44,39,30,89,87,86,70,7,12,8,16,13
14,Sophia Smith,89,ST,RW,United States,NWSL,Portland Thorns,25,164,58,Right,5,4,"Finesse Shot, Technical, Flair, Trickster, Quick Step, First Touch+",Women's Football,https://www.ea.com/games/ea-sports-fc/ratings/player-ratings/264012,93,86,79,89,45,84,92,93,89,89,86,82,84,78,74,73,72,88,75,74,89,85,86,89,91,80,43,79,41,42,39,92,93,85,68,12,13,13,13,6
17,Ada Hegerberg,89,ST,,Norway,Arkema PL,OL Lyonnes,30,176,68,Right,4,4,"Technical, First Touch, Trivela, Aerial",Women's Football,https://www.ea.com/games/ea-sports-fc/ratings/player-ratings/227310,74,89,77,86,39,79,73,75,93,91,85,86,90,84,76,71,75,83,72,79,90,74,45,90,90,86,23,92,42,33,30,91,75,85,65,15,7,12,10,14
19,Mapi León,89,CB,,Spain,Liga F,FC Barcelona,30,170,58,Left,3,2,"Long Ball Pass, Jockey, Block, Anticipate, Slide Tackle, Intercept+",Women's Football,https://www.ea.com/games/ea-sports-fc/ratings/player-ratings/236479,75,73,83,76,90,82,73,77,70,63,89,87,49,64,62,86,88,88,90,87,68,73,86,90,82,91,90,83,91,91,89,88,75,85,84,12,8,11,14,12
24,Marie Katoto,88,ST,,France,Arkema PL,Paris SG,27,177,66,Right,4,4,"Press Proven, Trivela, Aerial, Power Header+",Women's Football,https://www.ea.com/games/ea-sports-fc/ratings/player-ratings/246272,85,87,77,84,39,74,88,82,91,90,84,83,91,82,79,71,72,85,70,71,84,84,68,82,87,85,27,91,37,35,30,95,71,85,44,14,12,11,14,8
26,Debinha,88,CAM,RM,Brazil,NWSL,KC Current,34,155,52,Right,5,5,"Technical, Flair, First Touch, Quick Step, Trivela, Acrobatic, Trickster+",Women's Football,https://www.ea.com/games/ea-sports-fc/ratings/player-ratings/226893,84,81,87,91,46,68,83,84,87,82,80,78,86,78,90,85,80,87,85,89,93,90,94,77,91,84,49,56,49,39,44,72,81,61,70,9,8,10,8,13
27,Kadidiatou Diani,88,RW,"ST, RM",France,Arkema PL,OL Lyonnes,31,168,64,Right,4,4,"Technical, Flair, Quick Step, Trivela",Women's Football,https://www.ea.com/games/ea-sports-fc/ratings/player-ratings/227361,90,85,81,88,56,79,89,91,91,90,79,84,74,71,84,79,70,87,74,74,87,89,84,86,90,84,55,81,46,59,49,88,80,89,52,15,7,7,15,13
31,Patri Guijarro,88,CDM,CM,Spain,Liga F,FC Barcelona,28,171,74,Right,4,4,"Finesse Shot, Incisive Pass, Tiki Taka, Flair, First Touch, Press Proven, Long Ball Pass+",Women's Football,https://www.ea.com/games/ea-sports-fc/ratings/player-ratings/237289,78,82,83,87,85,77,78,78,80,80,89,91,58,70,83,69,66,90,93,75,86,82,87,85,90,84,83,84,86,87,85,87,78,77,71,14,8,9,17,17
35,Beth Mead,88,RW,"LW, RM",England,Barclays WSL,Arsenal,31,163,58,Right,4,5,"Whipped Pass, Technical, First Touch",Women's Football,https://www.ea.com/games/ea-sports-fc/ratings/player-ratings/245802,82,84,84,88,67,73,83,81,87,85,87,87,73,68,87,88,88,85,74,81,90,74,84,89,90,82,73,68,61,69,68,84,81,84,31,11,15,17,16,10
36,Wendie Renard,88,CB,,France,Arkema PL,OL Lyonnes,35,187,70,Right,3,2,"Power Header, Long Ball Pass, Jockey, Aerial, Anticipate+",Women's Football,https://www.ea.com/games/ea-sports-fc/ratings/player-ratings/227316,48,66,71,69,91,84,40,55,70,63,80,60,55,67,59,60,58,80,84,66,69,52,33,87,75,84,89,94,92,92,81,77,71,91,84,7,14,17,11,15
37,Guro Reiten,88,LM,"LW, CAM",Norway,Barclays WSL,Chelsea,31,167,60,Left,3,4,"Finesse Shot, Dead Ball, Incisive Pass, Whipped Pass, Rapid, Quick Step, Relentless",Women's Football,https://www.ea.com/games/ea-sports-fc/ratings/player-ratings/227323,88,80,85,86,60,66,87,88,86,82,81,82,61,69,87,93,80,84,81,74,84,92,89,88,85,88,65,50,60,60,57,69,91,57,58,16,16,12,11,16
39,Irene Paredes,88,CB,,Spain,Liga F,FC Barcelona,34,178,67,Right,3,2,"Power Header, Jockey, Bruiser, Aerial, Slide Tackle+",Women's Football,https://www.ea.com/games/ea-sports-fc/ratings/player-ratings/227190,71,51,67,68,89,84,69,72,39,51,60,41,60,51,51,59,40,85,68,69,57,66,65,91,80,80,89,85,92,87,88,82,72,88,87,15,12,13,14,16
41,Christiane Endler,88,GK,,Chile,Arkema PL,OL Lyonnes,34,183,73,Left,3,1,"Cross Claimer, 1v1 Close Down+",Women's Football,https://www.ea.com/games/ea-sports-fc/ratings/player-ratings/245956,87,82,84,90,42,89,46,35,10,15,63,17,8,13,69,15,11,31,35,17,15,39,42,83,22,45,15,13,15,11,12,60,35,46,21,87,82,84,89,90
48,Alexandra Popp,87,ST,LM,Germany,GPFBL,VfL Wolfsburg,35,174,65,Left,5,3,"Bruiser, Trivela, Acrobatic, Aerial, Power Header+",Women's Football,https://www.ea.com/games/ea-sports-fc/ratings/player-ratings/226302,76,87,75,80,52,90,73,79,91,86,91,85,88,86,74,74,73,82,64,73,78,77,78,88,83,82,44,94,45,52,48,94,91,91,84,12,14,13,7,14
51,Sakina Karchaoui,87,LB,LM,France,Arkema PL,Paris SG,30,160,55,Left,4,5,"Whipped Pass, Jockey, Block, Anticipate, Technical, Quick Step, Relentless",Women's Football,https://www.ea.com/games/ea-sports-fc/ratings/player-ratings/233662,89,66,82,87,80,65,92,87,82,55,76,75,59,70,73,89,67,86,78,80,87,90,85,82,87,86,84,66,78,84,79,74,87,50,72,9,14,16,14,10
54,Mallory Swanson,87,LM,"ST, LW",United States,NWSL,Chicago Stars FC,28,163,54,Right,5,4,"Finesse Shot, Technical, Flair, First Touch, Quick Step",Women's Football,https://www.ea.com/games/ea-sports-fc/ratings/player-ratings/232073,89,81,80,85,42,71,88,90,88,83,81,80,70,80,84,76,68,85,77,73,85,84,88,85,86,78,43,68,36,41,39,78,89,62,70,12,11,15,16,17
58,Rose Lavelle,87,CAM,CM,United States,NWSL,Gotham FC,31,163,56,Left,4,4,"Incisive Pass, Tiki Taka, Technical, First Touch, Pinged Pass+",Women's Football,https://www.ea.com/games/ea-sports-fc/ratings/player-ratings/232075,86,79,84,87,45,63,85,86,85,82,74,78,68,74,86,74,69,91,85,72,90,80,85,84,87,79,48,44,41,48,45,64,80,54,63,16,8,13,11,10
63,Ewa Pajor,87,ST,LW,Poland,Liga F,FC Barcelona,29,167,61,Right,3,3,Rapid+,Women's Football,https://www.ea.com/games/ea-sports-fc/ratings/player-ratings/241846,88,88,63,89,21,70,89,87,90,91,85,85,89,89,71,47,66,74,49,64,89,90,83,79,90,89,20,74,18,12,10,89,82,81,24,15,8,12,8,12
70,Khadija Shaw,86,ST,,Jamaica,Barclays WSL,Manchester City,29,180,70,Right,4,3,"Press Proven, Aerial+",Women's Football,https://www.ea.com/games/ea-sports-fc/ratings/player-ratings/246219,69,86,71,78,32,85,70,69,89,90,88,80,77,75,79,59,55,78,68,58,79,55,42,86,86,86,25,91,23,30,20,92,81,92,71,10,15,10,7,10
74,Fridolina Rolfö,86,LB,LW,Sweden,Liga F,FC Barcelona,32,179,69,Left,5,4,"Whipped Pass, Technical, First Touch, Trickster, Quick Step, Jockey+",Women's Football,https://www.ea.com/games/ea-sports-fc/ratings/player-ratings/227013,82,83,82,87,83,84,84,81,84,82,85,81,81,85,82,80,63,90,75,74,89,77,68,87,90,81,83,78,83,85,80,86,81,91,68,7,11,16,14,9
77,Selma Bacha,86,LB,LW,France,Arkema PL,OL Lyonnes,25,161,58,Left,3,4,"Dead Ball, Intercept, Anticipate, Technical, Quick Step, Relentless, Whipped Pass+",Women's Football,https://www.ea.com/games/ea-sports-fc/ratings/player-ratings/265674,87,73,85,82,79,79,92,83,80,65,92,78,49,60,79,92,81,87,80,88,80,94,89,77,81,84,80,58,76,84,87,79,91,71,85,14,14,6,9,14
79,Lauren Hemp,86,LW,LM,England,Barclays WSL,Manchester City,25,164,59,Left,3,4,"Finesse Shot, Whipped Pass, Rapid, First Touch, Quick Step, Trivela",Women's Football,https://www.ea.com/games/ea-sports-fc/ratings/player-ratings/257008,90,76,84,87,63,70,91,90,83,76,83,70,69,68,83,92,80,81,79,86,87,90,91,86,88,70,69,63,56,69,57,78,88,63,62,7,6,11,12,8
81,Mary Earps,86,GK,,England,Arkema PL,Paris SG,33,173,68,Right,3,1,Footwork,Women's Football,https://www.ea.com/games/ea-sports-fc/ratings/player-ratings/247504,83,83,83,85,41,85,44,36,10,10,62,13,12,26,68,13,12,31,29,14,12,29,40,86,20,35,14,7,11,15,14,64,38,63,31,83,83,83,85,85
83,Lauren James,86,RW,"CAM, RM",England,Barclays WSL,Chelsea,24,175,77,Right,4,5,"Long Ball Pass, Whipped Pass, Rapid, Flair, First Touch, Quick Step, Trickster+",Women's Football,https://www.ea.com/games/ea-sports-fc/ratings/player-ratings/265249,89,81,80,87,40,82,93,86,82,82,85,78,71,70,81,88,73,76,77,81,92,69,77,77,90,74,40,66,30,43,38,90,75,91,68,14,5,9,13,9
84,Lena Oberdorf,86,CDM,CM,Germany,GPFBL,FC Bayern München,24,174,68,Right,3,3,"Power Shot, Long Ball Pass, Intercept, Anticipate, Slide Tackle, Press Proven, Bruiser+",Women's Football,https://www.ea.com/games/ea-sports-fc/ratings/player-ratings/248717,62,62,76,75,87,89,70,56,70,56,80,60,57,57,80,67,63,81,80,62,71,71,74,85,80,82,86,79,88,90,81,88,81,92,92,14,14,9,11,11
87,Grace Geyoro,86,CM,CAM,France,Arkema PL,Paris SG,28,168,61,Right,3,3,"Incisive Pass, Long Ball Pass, Anticipate, Relentless+",Women's Football,https://www.ea.com/games/ea-sports-fc/ratings/player-ratings/237197,79,72,82,83,83,79,86,73,80,75,74,71,52,59,83,70,65,89,86,72,82,74,82,87,86,79,88,64,80,90,80,81,93,74,71,13,16,16,14,11
92,Chloe Kelly,86,RW,RM,England,Barclays WSL,Manchester City,28,168,58,Right,4,4,"Dead Ball, Whipped Pass, Technical, Flair, Trickster, Quick Step",Women's Football,https://www.ea.com/games/ea-sports-fc/ratings/player-ratings/257001,88,79,85,85,43,68,89,88,84,76,88,79,71,65,86,89,81,84,84,86,85,85,76,83,86,81,50,50,44,38,38,77,77,75,35,10,8,14,6,12
94,Lindsey Horan,86,CM,CAM,United States,Arkema PL,OL Lyonnes,32,175,67,Right,3,4,"Finesse Shot, Power Shot, Dead Ball, Long Ball Pass, Acrobatic, Aerial, Incisive Pass+",Women's Football,https://www.ea.com/games/ea-sports-fc/ratings/player-ratings/231432,77,84,86,84,63,79,79,76,87,83,89,86,83,70,88,79,87,90,90,68,85,79,64,86,87,81,69,89,59,60,49,92,83,83,63,7,15,13,9,11
95,Lea Schüller,86,ST,,Germany,GPFBL,FC Bayern München,28,173,60,Right,3,3,"Power Header, Quick Step",Women's Football,https://www.ea.com/games/ea-sports-fc/ratings/player-ratings/244302,87,83,70,82,33,74,85,88,91,92,78,72,73,74,68,66,65,77,61,78,80,86,77,87,86,74,31,87,24,26,27,91,82,75,55,16,13,14,11,9
97,Jill Roord,86,CAM,"CM, RW",Holland,Barclays WSL,Manchester City,29,175,63,Right,4,4,"Technical, First Touch",Women's Football,https://www.ea.com/games/ea-sports-fc/ratings/player-ratings/240714,75,84,84,85,52,73,78,72,86,82,86,90,80,74,87,78,80,87,82,81,85,80,75,87,87,82,57,59,59,46,34,80,76,83,44,11,14,13,9,10
98,Kim Little,86,CM,"CDM, CAM",Scotland,Barclays WSL,Arsenal,35,162,57,Right,4,3,"Incisive Pass, Press Proven+",Women's Football,https://www.ea.com/games/ea-sports-fc/ratings/player-ratings/245872,76,78,83,88,62,66,79,74,89,74,85,74,82,78,86,78,65,89,80,77,88,85,88,89,91,84,74,56,38,75,74,67,92,53,65,12,5,6,10,6
101,Ona Batlle,85,LB,RB,Spain,Liga F,FC Barcelona,26,160,51,Right,4,3,"Whipped Pass, Jockey, Anticipate, Rapid, Quick Step, Relentless",Women's Football,https://www.ea.com/games/ea-sports-fc/ratings/player-ratings/253436,80,50,78,80,80,71,82,78,66,51,53,40,46,47,71,85,40,85,77,77,80,82,85,83,78,82,81,52,84,84,82,70,90,62,72,13,8,15,14,5
101,Millie Bright,85,CB,,England,Barclays WSL,Chelsea,32,178,76,Right,4,2,"Power Header, Long Ball Pass, Intercept, Anticipate, Aerial, Bruiser+",Women's Football,https://www.ea.com/games/ea-sports-fc/ratings/player-ratings/238257,57,50,69,58,86,87,51,62,38,49,63,46,35,59,57,50,52,84,86,51,59,34,36,84,60,85,80,89,90,87,78,86,78,92,88,11,12,12,8,16
101,Lucy Bronze,85,RB,,England,Barclays WSL,Chelsea,34,172,70,Right,3,3,"Power Header, Jockey, Block, Long Throw, Aerial",Women's Football,https://www.ea.com/games/ea-sports-fc/ratings/player-ratings/227246,71,68,80,79,84,87,70,71,73,55,85,79,66,62,73,85,72,82,81,82,79,72,70,85,81,87,83,82,85,84,83,83,82,92,82,10,14,16,8,15
101,Rachel Daly,85,ST,CAM,England,Barclays WSL,Aston Villa,34,167,62,Right,3,4,Finesse Shot,Women's Football,https://www.ea.com/games/ea-sports-fc/ratings/player-ratings/235657,77,85,76,82,64,76,78,77,89,90,85,75,77,85,79,79,52,80,66,77,84,72,67,85,87,70,45,78,69,68,64,88,81,81,54,12,9,14,9,17
101,Caitlin Foord,85,LW,LM,Australia,Barclays WSL,Arsenal,31,169,61,Right,3,3,"Rapid, Quick Step",Women's Football,https://www.ea.com/games/ea-sports-fc/ratings/player-ratings/227110,87,78,80,83,45,70,89,85,87,82,73,78,64,59,79,85,54,86,74,75,82,83,88,83,83,79,43,50,45,45,41,72,90,64,60,12,16,12,12,13
101,Merle Frohms,85,GK,,Germany,GPFBL,VfL Wolfsburg,31,175,60,Right,3,1,"Long Ball Pass, Deflector, Far Reach+",Women's Football,https://www.ea.com/games/ea-sports-fc/ratings/player-ratings/247789,85,82,76,84,51,86,45,59,7,8,57,7,7,18,31,9,10,28,38,11,8,61,44,80,20,44,18,10,6,13,11,67,29,70,20,85,82,76,86,84
101,Cristiana Girelli,85,ST,RW,Italy,Calcio A Femminile,Juventus,36,174,64,Right,4,3,"Finesse Shot, Power Header, Aerial",Women's Football,https://www.ea.com/games/ea-sports-fc/ratings/player-ratings/227073,80,85,70,80,46,78,82,79,88,92,79,76,70,87,79,56,78,77,56,77,80,70,71,88,82,81,45,89,39,42,40,93,71,80,77,11,12,11,11,13
101,Kathrin Hendrich,85,CB,RB,Germany,GPFBL,VfL Wolfsburg,34,173,55,Right,3,2,"Pinged Pass, Long Ball Pass, Block, Anticipate, Jockey+",Women's Football,https://www.ea.com/games/ea-sports-fc/ratings/player-ratings/226375,73,44,70,73,86,76,73,73,59,42,64,27,30,56,54,62,49,84,78,72,66,79,62,87,80,73,86,84,89,85,85,84,81,71,82,13,10,13,9,9
101,Svenja Huth,85,RM,"CAM, RW",Germany,GPFBL,VfL Wolfsburg,35,163,54,Right,4,3,"Whipped Pass, Jockey, Anticipate, Technical, First Touch, Quick Step",Women's Football,https://www.ea.com/games/ea-sports-fc/ratings/player-ratings/227337,82,71,82,85,52,68,84,81,80,70,73,68,79,70,81,85,75,85,77,78,84,92,94,81,85,79,62,32,40,59,66,58,92,67,42,17,10,7,12,10
101,Ashley Lawrence,85,RB,,Canada,Barclays WSL,Chelsea,30,164,60,Right,4,3,"Whipped Pass, Technical, Quick Step, Jockey+",Women's Football,https://www.ea.com/games/ea-sports-fc/ratings/player-ratings/227392,84,67,82,80,82,77,84,84,73,58,79,76,66,67,82,83,70,84,81,78,78,86,87,85,78,83,80,73,84,85,81,84,84,72,80,14,10,11,9,14
101,Eugénie Le Sommer,85,ST,LW,France,Arkema PL,OL Lyonnes,37,161,58,Right,5,4,"Incisive Pass, Technical, First Touch",Women's Football,https://www.ea.com/games/ea-sports-fc/ratings/player-ratings/227331,70,85,79,85,43,74,69,71,90,86,86,81,82,83,83,79,70,83,69,81,87,77,82,83,87,83,33,87,42,40,33,87,70,80,59,17,9,13,12,14
101,Clara Mateo,85,RM,"CAM, RW",France,Arkema PL,Paris FC,28,168,60,Right,3,4,"Finesse Shot, Incisive Pass, Flair, First Touch, Relentless, Trivela",Women's Football,https://www.ea.com/games/ea-sports-fc/ratings/player-ratings/245697,84,83,80,84,59,73,84,84,86,85,81,85,79,72,83,73,74,85,79,76,85,77,78,80,86,85,60,73,56,59,48,82,92,68,60,11,11,9,17,16
101,Katie McCabe,85,LB,"LW, LM",Republic of Ireland,Barclays WSL,Arsenal,30,164,55,Left,3,4,"Long Ball Pass, Whipped Pass, Slide Tackle, Bruiser, Rapid, Long Throw",Women's Football,https://www.ea.com/games/ea-sports-fc/ratings/player-ratings/265239,80,74,80,80,81,82,81,79,79,76,75,70,69,74,68,87,75,84,79,78,78,88,79,80,80,84,81,74,86,79,78,83,92,73,94,8,14,13,13,6
101,Vivianne Miedema,85,ST,CAM,Holland,Barclays WSL,Manchester City,29,178,65,Right,4,4,"Finesse Shot, Technical",Women's Football,https://www.ea.com/games/ea-sports-fc/ratings/player-ratings/233746,82,84,70,85,32,80,84,80,86,85,86,84,83,75,69,64,73,79,56,76,85,80,73,85,87,90,27,82,22,30,23,92,83,82,70,14,16,17,14,17
101,Chiamaka Nnadozie,85,GK,,Nigeria,Arkema PL,Paris FC,25,180,69,Right,3,1,"Footwork, Deflector+",Women's Football,https://www.ea.com/games/ea-sports-fc/ratings/player-ratings/246641,84,83,80,86,63,84,63,62,14,11,60,9,7,13,55,12,13,29,22,14,17,48,42,79,21,57,23,12,22,13,10,71,36,61,35,84,83,80,84,86
101,Asisat Oshoala,85,ST,,Nigeria,NWSL,Bay FC,31,169,60,Right,4,4,"Power Shot, Rapid, Quick Step, Trivela",Women's Football,https://www.ea.com/games/ea-sports-fc/ratings/player-ratings/246629,91,84,78,85,50,85,92,91,82,90,78,79,85,72,75,79,75,80,77,77,87,91,84,82,82,72,50,78,45,47,49,90,78,92,75,9,12,6,11,5
101,Alessia Russo,85,ST,CAM,England,Barclays WSL,Arsenal,27,173,64,Right,3,4,"Finesse Shot, Power Header, Rapid, First Touch, Aerial",Women's Football,https://www.ea.com/games/ea-sports-fc/ratings/player-ratings/258980,82,83,69,84,39,72,81,82,86,87,85,78,77,64,69,64,65,78,57,64,86,81,73,80,84,84,34,88,29,37,35,92,72,79,49,9,12,10,14,13
101,Becky Sauerbrunn,85,CB,,United States,NWSL,Portland Thorns,40,170,64,Right,3,2,"Jockey, Intercept, Bruiser",Women's Football,https://www.ea.com/games/ea-sports-fc/ratings/player-ratings/226177,61,44,61,69,87,83,63,60,50,44,45,42,37,43,61,51,36,71,63,46,65,60,68,77,74,82,84,83,92,86,82,88,72,91,76,15,12,7,10,11
101,Kailen Sheridan,85,GK,,Canada,NWSL,San Diego Wave,30,176,72,Right,2,1,"Long Ball Pass, Far Throw, Far Reach+",Women's Football,https://www.ea.com/games/ea-sports-fc/ratings/player-ratings/237673,85,82,80,85,41,84,38,45,15,10,60,17,9,25,42,13,15,24,33,13,14,58,46,81,26,43,13,17,18,14,13,65,40,64,26,85,82,80,84,85
101,Keira Walsh,85,CDM,CM,England,Liga F,FC Barcelona,29,165,64,Right,3,3,"Tiki Taka, Jockey, Press Proven, Pinged Pass+",Women's Football,https://www.ea.com/games/ea-sports-fc/ratings/player-ratings/242830,64,46,81,79,79,74,63,65,70,41,56,42,42,55,83,67,51,92,88,53,78,74,68,83,83,85,77,60,82,84,81,69,88,70,70,16,9,10,8,8
101,Leah Williamson,85,CB,CDM,England,Barclays WSL,Arsenal,29,170,57,Right,3,3,"Long Ball Pass, Jockey, Anticipate, Bruiser",Women's Football,https://www.ea.com/games/ea-sports-fc/ratings/player-ratings/246426,74,45,73,72,86,76,73,75,31,45,48,46,45,50,63,60,67,82,88,60,61,72,73,88,83,82,86,84,90,84,82,87,70,77,80,13,13,11,9,8
148,Sandy Baltimore,84,RM,"CM, RW",France,Barclays WSL,Chelsea,26,156,62,Left,2,3,"Incisive Pass, Whipped Pass, Technical, Quick Step",Women's Football,https://www.ea.com/games/ea-sports-fc/ratings/player-ratings/261733,84,72,85,84,64,69,89,80,84,73,68,72,62,74,87,87,71,87,81,90,84,81,91,72,87,80,70,43,66,67,61,65,73,71,58,8,12,13,10,12
148,Ann-Katrin Berger,84,GK,,Germany,NWSL,Gotham FC,35,180,63,Right,3,1,"Footwork, Cross Claimer+",Women's Football,https://www.ea.com/games/ea-sports-fc/ratings/player-ratings/258310,85,84,80,84,45,81,40,52,9,7,60,6,6,35,39,8,11,24,20,12,11,38,40,82,14,58,10,15,9,10,10,66,29,67,19,85,84,80,81,84
148,Hannah Blundell,84,LB,RB,England,Barclays WSL,Manchester Utd,32,163,54,Right,4,2,"Anticipate, Bruiser",Women's Football,https://www.ea.com/games/ea-sports-fc/ratings/player-ratings/247797,70,54,72,73,85,72,69,71,65,56,61,43,43,52,48,79,56,84,76,63,67,69,75,84,80,76,86,75,87,86,83,75,82,65,77,13,14,5,11,12
148,Lisa Boattin,84,LB,"LM, CB",Italy,Calcio A Femminile,Juventus,29,160,53,Left,4,3,"Whipped Pass, Bruiser",Women's Football,https://www.ea.com/games/ea-sports-fc/ratings/player-ratings/227096,75,66,81,81,81,85,76,75,61,61,76,75,45,69,77,79,76,85,80,81,80,77,75,89,83,82,83,70,86,80,79,84,88,86,79,11,10,17,16,12
148,Kadeisha Buchanan,84,CB,,Canada,Barclays WSL,Chelsea,30,170,65,Right,3,2,"Long Ball Pass, Jockey, Anticipate, Slide Tackle, Intercept+",Women's Football,https://www.ea.com/games/ea-sports-fc/ratings/player-ratings/227383,67,44,58,65,86,84,66,68,46,34,63,49,43,45,47,31,56,75,71,51,61,63,63,78,68,81,85,81,91,84,84,87,79,88,80,13,17,9,10,17
148,Mariona,84,LW,"ST, LM",Spain,Barclays WSL,Arsenal,30,166,64,Right,4,4,"Incisive Pass, Technical, Flair, First Touch, Relentless, Trivela, Tiki Taka+",Women's Football,https://www.ea.com/games/ea-sports-fc/ratings/player-ratings/237288,77,84,84,85,57,77,78,76,84,89,75,87,56,87,84,84,72,88,80,75,85,85,93,85,85,84,41,61,57,65,61,71,91,75,65,13,8,11,11,9
148,Jane Campbell,84,GK,,United States,NWSL,Houston Dash,31,175,66,Right,2,1,"Long Ball Pass, Far Throw, Footwork",Women's Football,https://www.ea.com/games/ea-sports-fc/ratings/player-ratings/238212,84,83,85,83,40,85,38,44,14,18,64,14,12,32,38,17,15,22,38,14,15,54,55,79,21,38,19,17,12,18,19,55,39,42,21,84,83,85,85,83
148,Catarina Macario,84,CAM,"ST, CM",United States,Barclays WSL,Chelsea,26,165,58,Right,3,4,"Dead Ball, Technical",Women's Football,https://www.ea.com/games/ea-sports-fc/ratings/player-ratings/262330,83,82,80,87,57,72,82,83,80,82,82,87,74,76,83,79,82,81,74,90,88,84,84,78,90,86,59,72,53,59,47,83,74,71,70,12,7,14,7,13
148,Arianna Caruso,84,CM,"CAM, RW",Italy,Calcio A Femminile,Juventus,26,165,55,Right,3,4,"Incisive Pass, Technical, Flair, First Touch, Relentless",Women's Football,https://www.ea.com/games/ea-sports-fc/ratings/player-ratings/266933,74,80,82,87,71,72,75,73,84,83,74,80,86,73,84,79,79,86,78,80,89,80,79,85,89,79,73,73,65,76,67,77,85,64,73,15,13,13,11,7
148,Tabitha Chawinga,84,ST,"LW, LM",Malawi,Arkema PL,OL Lyonnes,30,172,68,Left,2,4,"Finesse Shot, Rapid, Quick Step, Trivela",Women's Football,https://www.ea.com/games/ea-sports-fc/ratings/player-ratings/278219,94,81,70,84,36,78,93,95,87,85,79,78,74,69,68,69,58,79,55,72,85,83,78,78,86,79,30,76,27,38,30,89,79,90,42,11,6,14,8,12
148,Sara Däbritz,84,CM,LW,Germany,Arkema PL,OL Lyonnes,31,171,58,Left,4,4,"Finesse Shot, Long Ball Pass, Press Proven",Women's Football,https://www.ea.com/games/ea-sports-fc/ratings/player-ratings/227327,76,81,84,87,74,72,75,76,82,81,83,84,69,70,86,78,75,87,85,83,89,86,69,80,88,80,80,52,77,76,68,74,76,78,53,13,14,16,11,16
148,Linda Dallmann,84,RM,"CAM, LM, RW",Germany,GPFBL,FC Bayern München,31,158,51,Right,4,4,"Finesse Shot, Incisive Pass, Technical",Women's Football,https://www.ea.com/games/ea-sports-fc/ratings/player-ratings/239345,77,78,81,87,46,59,79,75,83,84,67,78,69,65,83,77,65,85,82,75,88,91,91,85,85,76,50,34,46,48,44,57,78,51,57,8,13,16,9,13
148,Sara Doorsoun,84,CB,,Germany,GPFBL,Frankfurt,34,170,58,Right,3,2,"Long Ball Pass, Block, Quick Step",Women's Football,https://www.ea.com/games/ea-sports-fc/ratings/player-ratings/238470,77,60,74,76,85,83,74,80,57,55,68,63,58,56,74,66,42,83,79,64,70,82,80,84,81,79,83,81,86,85,86,89,83,83,82,11,15,12,13,8
148,Crystal Dunn,84,CM,"RM, LW",United States,NWSL,Gotham FC,33,155,55,Right,4,4,"Rapid, Quick Step, Relentless",Women's Football,https://www.ea.com/games/ea-sports-fc/ratings/player-ratings/226336,87,79,83,85,77,80,86,88,85,78,80,78,75,80,84,83,68,86,82,80,84,83,92,81,87,83,79,54,81,80,79,79,84,80,75,12,13,9,8,16
148,Ingrid Syrstad Engen,84,CB,CDM,Norway,Liga F,FC Barcelona,28,177,67,Right,3,3,"Aerial, Intercept+",Women's Football,https://www.ea.com/games/ea-sports-fc/ratings/player-ratings/242896,72,61,81,77,86,80,70,73,76,60,73,51,65,51,84,75,51,88,82,69,78,60,61,81,83,84,86,82,86,88,83,87,70,84,79,11,14,12,14,8
148,Manuela Giugliano,84,CM,"CDM, CAM",Italy,Calcio A Femminile,Roma,28,160,51,Right,4,4,"Long Ball Pass, Technical, Flair",Women's Football,https://www.ea.com/games/ea-sports-fc/ratings/player-ratings/227095,81,80,84,86,72,74,80,82,83,81,79,82,68,72,85,78,82,86,85,80,85,89,90,80,87,76,74,47,74,76,70,68,86,64,83,11,12,11,10,11
148,Alex Greenwood,84,CB,LB,England,Barclays WSL,Manchester City,32,167,62,Left,3,2,"Long Ball Pass, Jockey, Aerial, Block+",Women's Football,https://www.ea.com/games/ea-sports-fc/ratings/player-ratings/227254,71,65,80,74,85,82,70,72,47,62,78,65,43,85,60,79,82,87,89,80,67,65,70,82,84,85,87,83,86,84,80,85,86,76,90,12,10,12,15,14
148,Pernille Harder,84,CAM,"RM, ST",Denmark,GPFBL,FC Bayern München,33,169,60,Right,4,4,"Power Shot, Incisive Pass, Flair, Trivela, Technical+",Women's Football,https://www.ea.com/games/ea-sports-fc/ratings/player-ratings/259287,81,78,81,88,27,77,80,82,86,78,77,76,73,84,83,78,73,84,78,71,90,89,71,81,88,90,21,76,21,22,23,88,76,81,66,12,6,8,13,6
148,Yui Hasegawa,84,CDM,"CM, CAM",Japan,Barclays WSL,Manchester City,29,156,48,Right,4,4,"Tiki Taka, Intercept, Press Proven, Trivela",Women's Football,https://www.ea.com/games/ea-sports-fc/ratings/player-ratings/245830,78,71,84,86,79,63,76,79,64,67,73,82,68,63,87,76,71,89,89,68,88,76,88,84,87,78,85,48,84,82,73,61,77,51,76,14,12,14,6,12
148,Amanda Ilestedt,84,CB,,Sweden,Barclays WSL,Arsenal,33,178,65,Right,3,2,Anticipate+,Women's Football,https://www.ea.com/games/ea-sports-fc/ratings/player-ratings/226979,68,46,65,63,87,78,62,72,37,48,51,40,35,58,46,58,52,82,70,51,60,36,38,79,74,79,85,85,88,89,86,84,73,78,83,15,9,9,7,14
148,Dominique Janssen,84,CB,LB,Holland,Barclays WSL,Manchester Utd,31,174,63,Right,5,2,"Long Ball Pass, Block, Quick Step, Aerial",Women's Football,https://www.ea.com/games/ea-sports-fc/ratings/player-ratings/233756,78,59,75,75,83,83,75,81,63,54,75,54,47,66,70,64,74,84,76,74,72,71,75,85,79,78,82,84,83,83,88,90,80,83,85,17,15,16,15,16
148,Fran Kirby,84,CAM,RW,England,Barclays WSL,Brighton,32,157,52,Right,4,4,"Finesse Shot, Technical, Flair, Trivela",Women's Football,https://www.ea.com/games/ea-sports-fc/ratings/player-ratings/227255,86,83,78,88,42,59,87,85,88,81,87,81,88,73,77,73,71,82,77,74,88,89,93,86,89,82,35,71,36,43,39,79,67,58,45,13,9,12,16,16
148,Amel Majri,84,LW,"CM, LM",France,Arkema PL,OL Lyonnes,33,164,54,Left,3,5,"Finesse Shot, Technical, Flair, Trickster, Trivela, Acrobatic, Whipped Pass+",Women's Football,https://www.ea.com/games/ea-sports-fc/ratings/player-ratings/227350,78,76,85,88,79,74,81,76,85,78,77,70,67,74,81,90,80,87,77,89,89,88,84,83,89,85,79,74,83,79,75,86,61,78,79,10,16,12,14,10
148,Griedge Mbock,84,CB,,France,Arkema PL,Paris SG,31,172,68,Right,3,2,"Pinged Pass, Intercept, Aerial",Women's Football,https://www.ea.com/games/ea-sports-fc/ratings/player-ratings/227346,63,55,66,66,85,83,62,64,53,51,73,48,44,59,50,59,45,80,77,52,61,61,53,77,73,79,82,88,82,90,82,83,68,90,84,7,16,12,12,15
148,Lara Prašnikar,84,ST,LW,Slovenia,GPFBL,Frankfurt,27,171,64,Right,4,4,"Technical, First Touch",Women's Football,https://www.ea.com/games/ea-sports-fc/ratings/player-ratings/264939,77,84,69,83,44,79,79,75,88,90,75,83,84,70,76,46,68,81,66,67,84,73,75,84,88,72,51,80,41,34,36,88,89,78,67,15,13,7,13,8
148,Alba Redondo,84,ST,"LW, RW",Spain,Liga F,Real Madrid,29,169,61,Right,3,4,"Finesse Shot, Technical, First Touch, Quick Step, Relentless, Aerial",Women's Football,https://www.ea.com/games/ea-sports-fc/ratings/player-ratings/246774,84,85,70,84,26,64,86,83,87,87,85,82,80,74,66,65,59,81,64,59,84,84,76,88,85,75,21,82,16,23,18,87,75,67,37,10,13,6,9,7
148,Trinity Rodman,84,RM,"ST, RW",United States,NWSL,Washington Spirit,24,173,60,Right,4,4,"Finesse Shot, Rapid, Flair, Trickster, Quick Step, Relentless, Trivela",Women's Football,https://www.ea.com/games/ea-sports-fc/ratings/player-ratings/266928,94,82,78,83,43,83,93,94,82,84,82,80,71,76,80,79,68,81,70,71,82,88,83,84,84,80,41,69,38,42,38,88,90,81,80,9,9,12,7,14
148,Georgia Stanway,84,CDM,CM,England,GPFBL,FC Bayern München,27,162,58,Right,3,3,"Pinged Pass, Long Ball Pass, Jockey, Technical, Flair, First Touch",Women's Football,https://www.ea.com/games/ea-sports-fc/ratings/player-ratings/243404,80,78,80,86,76,75,83,78,77,79,75,80,68,86,84,60,71,90,84,69,88,84,83,85,86,69,77,43,82,81,78,67,83,66,87,12,8,15,10,8
148,Ella Toone,84,CAM,CM,England,Barclays WSL,Manchester Utd,26,163,57,Right,3,5,"Chip Shot, Incisive Pass, Technical, Trickster, Trivela, Flair+",Women's Football,https://www.ea.com/games/ea-sports-fc/ratings/player-ratings/263011,81,79,78,86,51,65,83,80,86,80,83,78,75,59,86,76,56,83,70,70,92,67,84,84,85,82,45,69,41,57,56,78,84,64,38,7,11,8,9,8
148,Marta,84,CAM,"ST, RM",Brazil,NWSL,Orlando Pride,40,162,56,Left,4,5,"Technical, First Touch, Trickster, Trivela, Acrobatic, Flair+",Women's Football,https://www.ea.com/games/ea-sports-fc/ratings/player-ratings/226890,72,82,85,88,44,74,74,70,86,80,85,79,89,86,92,85,84,82,79,89,90,80,92,78,88,89,47,53,48,37,36,71,83,71,73,16,15,11,9,12
148,Glódís Perla Viggósdóttir,84,CB,,Iceland,GPFBL,FC Bayern München,30,172,65,Right,3,2,"Long Ball Pass, Intercept, Aerial",Women's Football,https://www.ea.com/games/ea-sports-fc/ratings/player-ratings/264886,73,54,68,61,86,81,73,73,34,53,64,48,49,64,61,42,58,83,80,63,41,66,76,86,80,73,83,86,88,88,84,88,88,77,80,6,13,6,8,14
148,Caroline Weir,84,CAM,CM,Scotland,Liga F,Real Madrid,30,173,62,Left,4,4,"Chip Shot, Incisive Pass, Technical, First Touch, Trickster, Trivela",Women's Football,https://www.ea.com/games/ea-sports-fc/ratings/player-ratings/245879,72,83,84,84,73,69,72,72,84,83,86,86,70,61,86,73,84,89,82,83,85,70,88,83,85,85,76,60,75,75,63,71,83,65,62,13,14,8,8,15
148,Manuela Zinsberger,84,GK,,Austria,Barclays WSL,Arsenal,30,177,67,Right,4,1,"Cross Claimer, 1v1 Close Down",Women's Football,https://www.ea.com/games/ea-sports-fc/ratings/player-ratings/265242,84,77,78,85,46,85,48,42,11,18,59,25,12,53,69,31,24,23,15,19,11,46,62,81,36,56,10,6,20,13,16,71,22,78,26,84,77,78,85,85
220,Rasheedat Ajibade,83,LW,"ST, LM",Nigeria,Liga F,Atlético de Madrid,26,167,53,Right,4,4,"Rapid, Flair, Quick Step, Relentless",Women's Football,https://www.ea.com/games/ea-sports-fc/ratings/player-ratings/246630,91,83,74,84,37,76,92,90,85,85,82,81,80,70,79,79,70,75,60,75,85,80,82,81,85,82,21,75,31,40,42,92,84,84,42,10,13,7,12,11
220,Lineth Beerensteyn,83,LW,"RW, ST, LM",Holland,GPFBL,VfL Wolfsburg,29,162,60,Right,2,4,"Finesse Shot, Technical, Quick Step",Women's Football,https://www.ea.com/games/ea-sports-fc/ratings/player-ratings/240717,89,80,72,86,52,75,90,89,84,88,77,74,65,64,70,69,57,80,66,72,87,82,88,85,87,77,48,68,52,52,45,85,77,77,63,14,16,16,13,16
220,Mathilde Bourdieu,83,ST,,France,Arkema PL,Paris FC,27,165,67,Right,4,3,"Power Shot, First Touch, Press Proven, Acrobatic",Women's Football,https://www.ea.com/games/ea-sports-fc/ratings/player-ratings/264968,80,84,71,82,36,76,84,77,86,87,84,83,81,71,71,64,69,80,59,71,80,73,83,82,87,80,26,72,34,34,30,89,72,85,53,7,12,8,9,11
220,Klara Bühl,83,LM,"CAM, LW",Germany,GPFBL,FC Bayern München,25,172,65,Right,4,4,"Finesse Shot, Incisive Pass, Whipped Pass, Jockey, Press Proven",Women's Football,https://www.ea.com/games/ea-sports-fc/ratings/player-ratings/248822,83,85,77,83,34,71,81,84,84,89,83,84,78,72,77,78,64,80,72,71,82,88,81,83,85,73,41,77,34,21,20,88,80,78,40,9,6,13,14,9
220,Olga Carmona,83,LB,LW,Spain,Liga F,Real Madrid,25,160,51,Left,3,4,"Intercept, Rapid, Relentless",Women's Football,https://www.ea.com/games/ea-sports-fc/ratings/player-ratings/262457,89,74,77,80,78,73,89,89,77,74,75,77,45,85,69,84,71,81,75,74,75,85,89,84,82,81,80,68,81,79,74,83,81,72,65,8,10,13,7,6
220,Ellie Carpenter,83,RB,,Australia,Arkema PL,OL Lyonnes,26,164,60,Right,3,3,"Block, Long Throw",Women's Football,https://www.ea.com/games/ea-sports-fc/ratings/player-ratings/240030,81,51,78,77,81,79,82,80,60,45,68,48,42,43,65,87,41,84,85,71,76,71,77,78,80,84,83,68,79,87,81,84,73,81,78,9,17,15,11,14
220,Steph Catley,83,LB,LW,Australia,Barclays WSL,Arsenal,32,171,60,Left,2,3,"Whipped Pass, Rapid, Quick Step",Women's Football,https://www.ea.com/games/ea-sports-fc/ratings/player-ratings/227119,85,66,80,78,78,76,83,86,70,70,68,60,60,52,69,84,75,86,76,82,75,82,74,80,82,80,82,75,80,77,74,86,83,76,66,14,8,15,9,8
220,Cata Coll,83,GK,,Spain,Liga F,FC Barcelona,25,170,68,Right,3,1,Cross Claimer,Women's Football,https://www.ea.com/games/ea-sports-fc/ratings/player-ratings/268942,81,80,75,89,53,82,53,54,13,8,56,5,7,28,61,9,21,49,35,15,9,50,66,78,34,50,14,7,9,12,14,67,30,65,20,81,80,75,82,89
220,Erin Cuthbert,83,CM,CDM,Scotland,Barclays WSL,Chelsea,27,163,60,Right,3,4,"Power Shot, Pinged Pass, Whipped Pass, Anticipate, Press Proven, Relentless, Trivela",Women's Football,https://www.ea.com/games/ea-sports-fc/ratings/player-ratings/245882,79,80,82,82,75,69,77,81,83,80,79,86,68,66,86,79,77,84,80,76,84,62,87,82,85,81,78,59,69,83,80,72,85,65,60,12,7,5,7,14
220,Melchie Dumornay,83,ST,CM,Haiti,Arkema PL,OL Lyonnes,22,160,51,Right,3,4,"Finesse Shot, Incisive Pass, Technical, Flair, Quick Step, Trivela, Chip Shot+",Women's Football,https://www.ea.com/games/ea-sports-fc/ratings/player-ratings/265898,92,83,78,85,59,69,90,93,82,86,86,80,74,69,79,70,74,83,73,86,84,89,85,80,87,83,59,75,52,64,53,86,73,71,53,13,9,8,6,8
220,Damaris Egurrola,83,CM,CDM,Holland,Arkema PL,OL Lyonnes,26,176,65,Left,3,3,"Power Header, Aerial, Long Ball Pass+",Women's Football,https://www.ea.com/games/ea-sports-fc/ratings/player-ratings/265536,61,68,82,79,80,82,58,64,75,73,65,61,57,61,84,79,57,86,89,68,80,69,50,83,84,82,84,85,79,79,73,85,81,84,76,9,6,7,14,8
220,Magdalena Eriksson,83,CB,LB,Sweden,GPFBL,FC Bayern München,32,173,66,Left,3,2,"Block, Anticipate, Aerial",Women's Football,https://www.ea.com/games/ea-sports-fc/ratings/player-ratings/226998,63,46,72,66,85,81,61,64,54,40,56,44,47,56,57,73,52,80,83,63,59,70,61,86,71,84,80,88,89,83,81,86,77,81,86,7,17,12,10,9
220,Jess Fishlock,83,CM,"CDM, CAM",Wales,NWSL,Seattle Reign,39,157,54,Right,4,4,Incisive Pass,Women's Football,https://www.ea.com/games/ea-sports-fc/ratings/player-ratings/267201,75,81,80,82,74,72,76,75,83,82,79,81,78,76,86,66,73,86,83,75,80,76,89,77,87,83,79,54,76,79,67,71,84,69,67,5,13,5,14,7
220,Laura Freigang,83,CAM,ST,Germany,GPFBL,Frankfurt,28,171,62,Right,3,4,"Jockey, Flair, First Touch, Press Proven",Women's Football,https://www.ea.com/games/ea-sports-fc/ratings/player-ratings/261773,83,84,73,82,26,77,84,83,89,88,80,83,79,70,79,50,68,81,77,69,82,75,81,86,85,81,20,81,21,21,17,93,86,84,46,8,10,13,5,14
220,Leah Galton,83,LM,"CAM, LW",England,Barclays WSL,Manchester Utd,32,170,61,Left,3,4,"Rapid, Trivela, Aerial",Women's Football,https://www.ea.com/games/ea-sports-fc/ratings/player-ratings/265275,73,82,82,82,62,79,72,73,86,82,86,83,76,62,84,83,67,86,78,76,84,65,65,86,85,84,61,68,56,67,60,82,81,85,62,5,14,14,5,7
220,Vanessa Gilles,83,CB,,Canada,Arkema PL,OL Lyonnes,30,174,58,Right,3,2,"Power Header, Block, Aerial, Anticipate+",Women's Football,https://www.ea.com/games/ea-sports-fc/ratings/player-ratings/247513,60,38,53,53,86,82,56,64,50,27,68,32,33,38,32,25,35,77,74,38,43,42,66,77,65,64,81,88,86,89,81,81,65,90,81,8,10,9,14,12
220,Giulia Gwinn,83,RB,LB,Germany,GPFBL,FC Bayern München,26,172,58,Right,3,4,"Jockey, Anticipate, Rapid, First Touch, Long Throw",Women's Football,https://www.ea.com/games/ea-sports-fc/ratings/player-ratings/247788,82,61,77,84,80,69,84,81,78,57,64,60,65,61,71,82,39,82,81,78,87,87,80,83,81,76,79,77,82,81,79,83,81,62,67,5,8,10,15,5
220,Aubrey Kingsbury,83,GK,,United States,NWSL,Washington Spirit,34,175,65,Right,2,1,Far Throw,Women's Football,https://www.ea.com/games/ea-sports-fc/ratings/player-ratings/266816,84,82,70,84,41,83,37,47,13,8,53,5,7,11,35,10,12,22,29,10,14,53,45,77,23,50,13,11,13,14,11,50,23,35,23,84,82,70,83,84
220,Saki Kumagai,83,CM,"CDM, CB",Japan,Calcio A Femminile,Roma,35,172,63,Right,4,3,"Intercept, Anticipate, Press Proven",Women's Football,https://www.ea.com/games/ea-sports-fc/ratings/player-ratings/226997,51,70,77,80,85,78,50,52,84,77,62,74,20,60,87,60,66,85,77,57,82,56,83,84,85,70,84,81,87,84,83,78,76,76,83,9,12,14,7,9
220,Racheal Kundananji,83,LW,"ST, LM",Zambia,NWSL,Bay FC,25,175,65,Right,5,4,"Chip Shot, Technical, First Touch, Quick Step, Relentless, Trivela, Aerial",Women's Football,https://www.ea.com/games/ea-sports-fc/ratings/player-ratings/272076,91,82,73,85,42,87,91,91,80,85,84,78,78,75,76,75,73,76,60,76,85,88,78,81,85,81,40,79,35,41,35,95,82,91,80,10,6,14,15,7
220,Elena Linari,83,CB,,Italy,Calcio A Femminile,Roma,32,173,65,Right,4,2,Long Ball Pass,Women's Football,https://www.ea.com/games/ea-sports-fc/ratings/player-ratings/227069,72,43,63,68,83,80,73,72,33,32,65,44,38,56,44,43,35,86,81,30,60,61,62,78,82,69,81,84,83,85,82,90,75,83,78,12,9,7,8,9
220,Lieke Martens van Leer,83,LW,LM,Holland,Arkema PL,Paris SG,33,170,66,Right,4,5,"Incisive Pass, Tiki Taka, Technical, Flair, First Touch",Women's Football,https://www.ea.com/games/ea-sports-fc/ratings/player-ratings/233748,73,83,82,87,44,71,74,73,82,85,84,81,78,79,84,82,80,82,78,90,88,84,72,81,89,85,45,57,47,39,34,75,64,76,66,7,9,13,16,16
220,Alyssa Naeher,83,GK,,United States,NWSL,Chicago Stars FC,38,173,64,Right,3,1,"Far Throw, Deflector",Women's Football,https://www.ea.com/games/ea-sports-fc/ratings/player-ratings/226335,85,81,83,82,46,87,45,48,14,19,62,14,12,42,39,17,15,28,31,14,16,57,56,70,26,56,21,16,18,19,20,62,39,54,25,85,81,83,87,82
220,Yuki Nagasato,83,CM,ST,Japan,NWSL,Houston Dash,38,168,56,Right,5,4,Chip Shot,Women's Football,https://www.ea.com/games/ea-sports-fc/ratings/player-ratings/267275,79,80,81,85,66,73,82,77,84,82,79,81,68,72,85,71,72,86,82,72,84,92,81,83,86,81,77,63,48,78,60,79,80,71,68,6,11,6,6,6
220,Katharina Naschenweng,83,LB,,Austria,GPFBL,FC Bayern München,28,168,57,Left,3,3,"Long Ball Pass, Jockey, Block, Flair",Women's Football,https://www.ea.com/games/ea-sports-fc/ratings/player-ratings/264994,79,56,77,79,82,74,76,81,69,55,54,60,41,62,70,80,57,81,82,65,78,84,82,80,80,71,81,76,82,84,81,81,84,67,78,11,6,13,6,6
220,Ashleigh Neville,83,LB,"RB, LM",England,Barclays WSL,Spurs,33,171,64,Right,4,3,"Power Header, Whipped Pass, Jockey, Anticipate, Slide Tackle, Rapid, Relentless",Women's Football,https://www.ea.com/games/ea-sports-fc/ratings/player-ratings/265252,76,70,77,77,85,83,75,77,80,74,69,65,68,59,68,79,69,82,76,78,80,68,74,79,76,81,85,83,86,85,83,90,81,83,86,5,9,15,13,12
220,Constance Picaud,83,GK,,France,Arkema PL,FC Fleury 91,27,180,62,Right,2,1,Far Reach,Women's Football,https://www.ea.com/games/ea-sports-fc/ratings/player-ratings/264895,82,79,76,86,47,82,46,49,11,9,57,9,10,15,45,11,13,31,27,14,21,48,51,79,30,43,18,13,20,11,10,55,30,39,25,82,79,76,82,86
220,Claudia Pina,83,LW,"CAM, LM",Spain,Liga F,FC Barcelona,24,160,69,Right,5,4,"Finesse Shot, Incisive Pass, Tiki Taka, Flair, Trivela",Women's Football,https://www.ea.com/games/ea-sports-fc/ratings/player-ratings/262531,73,83,82,84,45,69,73,73,84,87,82,85,61,64,84,84,82,84,75,81,84,83,84,86,85,81,37,69,31,55,51,68,75,66,69,6,13,6,13,12
220,Mayra Ramírez,83,ST,,Colombia,Barclays WSL,Chelsea,27,178,74,Right,3,4,"Finesse Shot, Technical, First Touch, Quick Step, Relentless, Aerial",Women's Football,https://www.ea.com/games/ea-sports-fc/ratings/player-ratings/272001,90,83,75,85,33,86,89,90,81,85,83,81,80,75,81,75,61,78,65,68,85,91,86,81,84,81,22,79,32,24,34,95,93,87,71,5,8,11,10,5
220,Ashley Sanchez,83,CAM,ST,United States,NWSL,NC Courage,27,163,56,Right,3,4,"Whipped Pass, Jockey, Anticipate, Technical, Trivela",Women's Football,https://www.ea.com/games/ea-sports-fc/ratings/player-ratings/266091,80,80,79,84,38,70,81,80,80,79,81,83,76,71,86,70,74,84,76,70,83,87,83,85,84,82,32,75,37,31,33,84,81,74,42,7,6,10,9,5
220,Ouleymata Sarr,83,ST,,France,NWSL,Washington Spirit,30,175,61,Right,4,4,"Finesse Shot, Chip Shot, Power Header, Rapid, Quick Step",Women's Football,https://www.ea.com/games/ea-sports-fc/ratings/player-ratings/241545,90,79,77,83,45,78,87,92,82,83,79,74,70,69,76,72,68,84,73,74,84,79,64,83,86,81,39,81,45,41,36,94,79,83,58,15,8,16,16,8
220,Almuth Schult,83,GK,,Germany,NWSL,KC Current,35,180,71,Right,2,1,"Long Ball Pass, Footwork, Deflector",Women's Football,https://www.ea.com/games/ea-sports-fc/ratings/player-ratings/226303,82,81,82,84,38,85,35,42,13,11,62,11,13,20,34,11,25,25,24,14,9,35,40,78,23,45,13,11,17,10,11,68,30,78,35,82,81,82,85,84
220,Christine Sinclair,83,ST,CM,Canada,NWSL,Portland Thorns,42,175,67,Right,5,4,"Finesse Shot, Power Shot, Power Header, Trivela",Women's Football,https://www.ea.com/games/ea-sports-fc/ratings/player-ratings/226359,65,86,83,81,44,82,65,65,89,84,90,86,86,86,87,77,75,86,83,78,84,56,63,78,88,88,49,74,42,35,34,84,77,90,67,17,9,7,12,8
220,Sherida Spitse,83,CDM,CB,Holland,Nederland Vrouwen Liga,Ajax,36,167,61,Right,3,3,"Dead Ball, Long Ball Pass",Women's Football,https://www.ea.com/games/ea-sports-fc/ratings/player-ratings/233747,66,76,85,73,79,80,65,66,64,67,88,86,78,87,75,86,87,86,89,91,69,69,70,75,79,88,85,60,77,82,85,74,83,80,76,16,16,7,8,11
220,Hina Sugita,83,CM,"CDM, RM",Japan,NWSL,Portland Thorns,29,161,53,Left,5,4,"Finesse Shot, Incisive Pass, Anticipate, Flair, Press Proven, Relentless",Women's Football,https://www.ea.com/games/ea-sports-fc/ratings/player-ratings/245839,73,79,82,83,73,67,75,71,83,80,78,80,77,69,86,78,66,86,82,68,81,92,85,84,85,76,72,65,74,78,69,71,86,59,60,12,6,14,9,12
220,Gaëtane Thiney,83,CAM,CM,France,Arkema PL,Paris FC,40,170,62,Right,3,4,"Finesse Shot, Incisive Pass, Whipped Pass, Technical, First Touch",Women's Football,https://www.ea.com/games/ea-sports-fc/ratings/player-ratings/227326,56,81,84,83,50,72,52,59,88,82,78,79,79,80,86,81,79,86,80,85,84,70,69,88,86,84,44,75,48,52,41,76,70,80,52,14,14,14,7,10
220,Lia Wälti,83,CDM,CM,Switzerland,Barclays WSL,Arsenal,33,167,56,Right,4,3,"Anticipate, Slide Tackle, Press Proven",Women's Football,https://www.ea.com/games/ea-sports-fc/ratings/player-ratings/265240,80,62,77,83,81,76,80,80,68,56,69,66,68,63,79,65,45,86,81,73,85,78,77,79,84,77,82,69,81,85,82,80,85,73,72,7,11,10,6,14
220,Lynn Williams,83,LW,"RM, LM",United States,NWSL,Gotham FC,33,172,62,Right,3,4,"Finesse Shot, Block, Rapid, Quick Step, Aerial",Women's Football,https://www.ea.com/games/ea-sports-fc/ratings/player-ratings/236640,92,82,76,82,53,75,91,92,86,82,83,81,78,83,77,78,73,78,69,70,79,85,81,85,84,83,46,81,40,66,42,91,85,74,59,14,8,14,8,10
320,Ramona Bachmann,82,LM,"ST, LW",Switzerland,NWSL,Houston Dash,35,162,59,Right,3,3,"Incisive Pass, Whipped Pass, Technical, First Touch",Women's Football,https://www.ea.com/games/ea-sports-fc/ratings/player-ratings/264892,72,81,79,83,53,77,74,71,87,83,77,86,69,69,84,79,69,82,73,74,82,78,80,85,86,75,56,61,53,51,43,78,71,80,79,5,14,13,15,13
320,Luana,82,CM,CDM,Brazil,NWSL,Orlando Pride,33,163,60,Right,4,3,Technical,Women's Football,https://www.ea.com/games/ea-sports-fc/ratings/player-ratings/253175,54,73,81,82,68,66,42,64,79,74,74,77,47,67,84,75,63,88,85,51,84,65,72,80,86,78,73,52,64,74,65,57,69,66,66,14,5,13,13,11
320,Bella Bixby,82,GK,,United States,NWSL,Portland Thorns,30,183,70,Right,2,1,Footwork,Women's Football,https://www.ea.com/games/ea-sports-fc/ratings/player-ratings/267215,83,79,74,87,42,80,41,43,18,25,56,15,7,27,37,12,10,29,28,11,13,57,44,77,22,39,9,8,13,15,12,64,39,67,27,83,79,74,80,87
320,Stina Blackstenius,82,ST,,Sweden,Barclays WSL,Arsenal,30,174,65,Right,4,4,"Finesse Shot, Rapid, Trivela",Women's Football,https://www.ea.com/games/ea-sports-fc/ratings/player-ratings/233364,83,83,62,81,39,75,80,85,86,86,86,79,79,65,67,53,55,70,50,64,86,68,67,82,81,80,36,65,43,32,26,84,75,84,52,9,16,13,15,11
320,Barbara Bonansea,82,RW,"LW, RM",Italy,Calcio A Femminile,Juventus,34,173,60,Right,5,4,"Technical, Flair, Quick Step",Women's Football,https://www.ea.com/games/ea-sports-fc/ratings/player-ratings/227072,79,80,76,84,38,74,80,79,87,82,79,79,79,71,78,75,68,79,69,73,85,78,68,88,86,82,29,75,28,45,30,82,83,70,69,16,15,14,10,11
320,Annaïg Butel,82,CB,,France,NWSL,Washington Spirit,34,167,53,Right,3,2,"Long Ball Pass, Intercept",Women's Football,https://www.ea.com/games/ea-sports-fc/ratings/player-ratings/227357,64,42,65,65,84,78,66,62,46,37,59,34,36,49,56,53,44,80,72,49,59,52,56,82,75,79,82,82,87,85,82,83,76,74,89,8,10,10,13,14
320,Rafaelle,82,CB,,Brazil,NWSL,Orlando Pride,34,175,64,Left,3,2,"Long Ball Pass, Jockey, Intercept",Women's Football,https://www.ea.com/games/ea-sports-fc/ratings/player-ratings/227421,61,39,68,65,83,80,54,66,52,35,48,34,27,56,48,69,30,80,78,60,57,73,54,77,73,78,85,81,85,82,82,82,74,82,82,16,16,8,12,7
320,Daphne Corboz,82,CDM,CM,France,Arkema PL,Paris FC,32,157,54,Right,4,3,"Incisive Pass, Block, Anticipate",Women's Football,https://www.ea.com/games/ea-sports-fc/ratings/player-ratings/264963,65,76,83,82,75,77,64,66,80,72,85,79,61,71,86,79,70,87,84,72,82,70,86,78,86,79,80,46,79,78,74,68,79,81,67,12,8,5,8,12
320,Antônia Silva,82,RB,,Brazil,Liga F,Real Madrid,32,170,64,Right,3,4,"Long Ball Pass, Intercept, Bruiser, Technical, Long Throw",Women's Football,https://www.ea.com/games/ea-sports-fc/ratings/player-ratings/272009,81,48,73,80,80,81,80,82,66,41,61,48,39,49,70,75,42,79,75,51,81,74,74,84,80,81,84,75,80,80,79,88,83,82,75,6,10,7,10,9
320,Kenza Dali,82,CM,CAM,France,Barclays WSL,Aston Villa,34,165,61,Right,3,4,"Dead Ball, Incisive Pass, Technical, Flair, First Touch, Relentless",Women's Football,https://www.ea.com/games/ea-sports-fc/ratings/player-ratings/227353,72,79,82,85,68,71,76,68,83,79,80,81,68,68,84,78,83,84,80,79,89,75,83,81,85,80,77,57,69,72,49,75,81,73,51,11,8,16,15,11
320,Athenea,82,RW,"LW, RM",Spain,Liga F,Real Madrid,25,160,52,Right,5,4,Technical,Women's Football,https://www.ea.com/games/ea-sports-fc/ratings/player-ratings/259372,85,78,75,83,24,72,83,87,80,82,75,76,72,63,80,81,60,81,57,60,84,83,73,80,85,72,21,77,16,18,15,85,78,69,70,10,10,11,11,8
320,Vanessa DiBernardo,82,CM,CAM,United States,NWSL,KC Current,34,163,53,Right,3,4,Incisive Pass,Women's Football,https://www.ea.com/games/ea-sports-fc/ratings/player-ratings/267268,75,76,80,84,65,73,76,75,86,76,76,81,54,71,84,71,74,85,78,70,83,85,85,77,85,81,73,53,60,73,48,72,82,71,65,14,6,6,12,14
320,Bethany England,82,ST,,England,Barclays WSL,Spurs,31,166,59,Right,4,3,"Power Header, Press Proven",Women's Football,https://www.ea.com/games/ea-sports-fc/ratings/player-ratings/256489,66,85,67,77,40,72,64,67,86,88,85,81,80,75,66,59,60,79,54,74,79,54,79,78,81,78,37,87,42,29,26,86,73,79,49,5,6,10,8,14
320,Paula Fernández,82,CM,LM,Spain,Liga F,Levante UD,26,167,62,Right,3,3,"Tiki Taka, Intercept, Anticipate, First Touch, Press Proven, Relentless, Aerial",Women's Football,https://www.ea.com/games/ea-sports-fc/ratings/player-ratings/272007,77,74,80,79,80,78,76,77,79,75,72,79,63,61,81,75,70,85,80,66,80,73,74,80,81,77,84,81,81,81,61,90,89,82,50,9,6,14,9,7
320,Adrianna Franch,82,GK,,United States,NWSL,KC Current,35,175,70,Right,2,1,Far Throw,Women's Football,https://www.ea.com/games/ea-sports-fc/ratings/player-ratings/232077,81,80,76,82,39,84,37,41,15,12,57,14,12,32,40,17,15,26,32,14,16,56,59,80,25,54,23,16,17,19,20,61,40,56,27,81,80,76,84,82
320,Gabriela García,82,CDM,CM,Venezuela,Liga F,Atlético de Madrid,29,185,68,Right,3,3,"Incisive Pass, Jockey, Press Proven, Relentless, Aerial, Power Header+",Women's Football,https://www.ea.com/games/ea-sports-fc/ratings/player-ratings/272201,71,82,79,80,78,86,72,71,84,84,81,82,68,75,81,71,70,84,80,69,81,74,72,82,82,81,81,91,75,77,72,93,91,86,79,10,13,11,11,14
320,Valentina Giacinti,82,ST,,Italy,Calcio A Femminile,Roma,32,170,59,Right,4,3,,Women's Football,https://www.ea.com/games/ea-sports-fc/ratings/player-ratings/228168,73,81,68,79,29,72,74,72,86,87,75,76,76,73,76,47,54,82,57,59,80,62,68,85,83,82,20,79,31,18,23,88,74,82,40,13,12,11,9,15
320,Théa Gréboval,82,CB,,France,Arkema PL,Paris FC,29,168,61,Left,3,2,"Long Ball Pass, Jockey, Block, Intercept, Aerial",Women's Football,https://www.ea.com/games/ea-sports-fc/ratings/player-ratings/241546,64,60,72,65,83,83,63,65,51,47,81,76,38,64,60,71,77,79,75,70,59,66,69,76,70,71,82,85,83,84,80,88,70,88,85,14,14,11,7,15
320,Giada Greggi,82,CM,CDM,Italy,Calcio A Femminile,Roma,26,156,50,Right,5,3,Technical,Women's Football,https://www.ea.com/games/ea-sports-fc/ratings/player-ratings/266973,84,71,72,83,75,72,83,84,79,69,73,76,62,60,85,34,63,85,82,57,83,86,80,78,84,78,75,58,77,79,74,74,84,63,80,9,7,10,13,13
320,Emilie Haavi,82,LW,"RW, LM",Norway,Calcio A Femminile,Roma,33,164,59,Right,4,3,Rapid,Women's Football,https://www.ea.com/games/ea-sports-fc/ratings/player-ratings/227101,88,77,80,83,64,69,88,88,79,78,76,77,72,71,78,86,71,80,76,82,82,92,92,78,80,84,65,71,58,66,63,81,86,62,64,11,15,14,8,8
320,Chantal Hagel,82,CM,CDM,Germany,GPFBL,VfL Wolfsburg,27,172,67,Left,3,3,Press Proven,Women's Football,https://www.ea.com/games/ea-sports-fc/ratings/player-ratings/264986,57,79,78,80,73,81,64,52,83,76,81,83,78,81,81,69,69,84,78,74,79,73,74,85,83,81,79,65,69,77,64,77,83,83,72,11,6,8,11,13
320,Ashley Hatch,82,ST,LM,United States,NWSL,Washington Spirit,31,173,65,Right,4,4,"Power Header, Technical, Trivela, Aerial",Women's Football,https://www.ea.com/games/ea-sports-fc/ratings/player-ratings/243263,70,84,73,81,47,69,71,69,86,87,84,80,76,78,70,63,72,83,70,61,79,83,64,83,85,78,45,80,40,48,39,85,73,77,41,12,16,12,14,14
320,Marina Hegering,82,CB,,Germany,GPFBL,VfL Wolfsburg,36,170,59,Right,3,3,Long Ball Pass,Women's Football,https://www.ea.com/games/ea-sports-fc/ratings/player-ratings/248715,62,51,64,71,83,78,60,64,49,60,50,35,37,58,42,40,60,84,78,64,62,73,75,81,78,83,78,86,85,85,82,84,75,76,83,12,14,7,12,11
320,Sofia Huerta,82,RB,,United States,NWSL,Seattle Reign,33,170,60,Right,3,4,"Incisive Pass, Pinged Pass, Whipped Pass, Relentless",Women's Football,https://www.ea.com/games/ea-sports-fc/ratings/player-ratings/242024,80,57,75,78,77,77,81,79,65,46,73,67,59,48,64,82,67,79,75,78,75,83,79,78,81,78,75,76,80,76,80,87,91,75,60,8,12,16,12,16
320,Ji So Yun,82,CAM,ST,Korea Republic,NWSL,Seattle Reign,35,161,52,Right,3,5,"Tiki Taka, First Touch",Women's Football,https://www.ea.com/games/ea-sports-fc/ratings/player-ratings/266549,73,77,81,83,63,60,72,73,80,79,73,76,75,75,83,82,77,84,77,65,84,80,83,80,86,64,58,58,62,72,55,67,75,57,48,12,5,13,9,6
320,Sveindís Jane Jónsdóttir,82,RW,"LW, RM",Iceland,GPFBL,VfL Wolfsburg,24,178,63,Right,3,3,"Rapid, Quick Step, Long Throw+",Women's Football,https://www.ea.com/games/ea-sports-fc/ratings/player-ratings/266384,92,73,76,81,46,71,91,92,83,74,71,73,70,59,72,82,64,79,72,73,81,89,70,83,83,69,50,78,27,49,51,86,71,79,47,9,7,13,7,7
320,Meghan Klingenberg,82,LB,RB,United States,NWSL,Portland Thorns,37,158,53,Right,3,3,"Whipped Pass, Long Throw",Women's Football,https://www.ea.com/games/ea-sports-fc/ratings/player-ratings/226329,77,54,74,78,82,79,79,75,64,45,68,61,53,48,62,80,58,79,73,79,73,84,91,78,79,82,83,74,87,78,81,85,79,78,81,12,8,8,14,15
320,Sydney Lohmann,82,RM,"CAM, RW",Germany,GPFBL,FC Bayern München,25,174,64,Right,3,3,"Block, Rapid, Aerial",Women's Football,https://www.ea.com/games/ea-sports-fc/ratings/player-ratings/247791,74,79,79,82,70,82,74,74,85,81,81,79,58,61,82,70,62,85,82,67,82,80,69,85,85,76,78,60,78,60,73,82,76,90,68,13,9,13,13,11
320,Frida Maanum,82,CM,"CAM, CDM",Norway,Barclays WSL,Arsenal,26,173,58,Right,3,3,"Power Shot, Incisive Pass, Press Proven, Relentless, Trivela",Women's Football,https://www.ea.com/games/ea-sports-fc/ratings/player-ratings/239761,66,81,81,80,72,65,66,66,84,83,82,85,57,67,82,77,76,84,80,75,82,75,67,79,80,80,82,60,61,80,74,67,80,60,60,13,17,15,9,17
320,Hailie Mace,82,RB,LB,United States,NWSL,KC Current,29,168,62,Right,3,3,"Incisive Pass, Pinged Pass, Whipped Pass, Intercept",Women's Football,https://www.ea.com/games/ea-sports-fc/ratings/player-ratings/267339,76,60,75,74,82,74,77,75,62,48,76,72,59,47,70,78,69,79,71,79,71,81,54,80,77,74,82,77,84,80,82,85,80,73,68,12,6,15,6,14
320,Melvine Malard,82,LW,"ST, LM",France,Barclays WSL,Manchester Utd,25,171,62,Right,4,3,"Trivela, Acrobatic",Women's Football,https://www.ea.com/games/ea-sports-fc/ratings/player-ratings/258706,81,80,78,84,41,66,83,79,79,83,77,79,84,70,79,79,67,81,71,73,85,87,66,78,85,78,38,68,38,40,34,79,67,70,52,15,14,9,15,7
320,Janina Minge,82,CDM,CB,Germany,GPFBL,VfL Wolfsburg,26,170,61,Right,3,3,"Incisive Pass, Intercept, Relentless",Women's Football,https://www.ea.com/games/ea-sports-fc/ratings/player-ratings/265063,70,80,79,81,77,80,72,69,85,79,81,82,77,77,84,69,69,83,81,78,80,80,79,85,84,74,86,66,74,80,69,80,86,82,66,8,15,12,13,5
320,Casey Murphy,82,GK,,United States,NWSL,NC Courage,30,185,70,Right,2,1,Cross Claimer,Women's Football,https://www.ea.com/games/ea-sports-fc/ratings/player-ratings/243775,84,80,74,82,40,86,40,41,13,12,56,11,11,19,39,16,14,24,18,14,14,58,51,71,18,38,15,15,12,12,16,60,27,54,18,84,80,74,86,82
320,Leila Ouahabi,82,LB,,Spain,Barclays WSL,Manchester City,33,172,61,Left,3,3,Jockey,Women's Football,https://www.ea.com/games/ea-sports-fc/ratings/player-ratings/233150,73,52,71,72,81,74,74,72,60,51,59,54,30,46,47,80,44,83,73,70,67,69,72,80,81,68,79,77,85,81,81,85,79,76,58,15,7,15,13,16
320,Nikita Parris,82,RM,"ST, RW",England,Barclays WSL,Manchester Utd,32,162,54,Right,4,4,"Rapid, First Touch, Trivela",Women's Football,https://www.ea.com/games/ea-sports-fc/ratings/player-ratings/235659,88,75,78,82,44,65,90,87,81,75,77,75,63,76,83,77,68,82,66,71,83,86,83,83,81,70,45,45,41,49,39,70,74,61,63,11,12,10,17,7
320,Tanja Pawollek,82,CM,CDM,Poland,GPFBL,Frankfurt,27,170,63,Left,4,3,"Long Ball Pass, Press Proven, Aerial",Women's Football,https://www.ea.com/games/ea-sports-fc/ratings/player-ratings/264954,51,76,77,78,78,81,66,39,78,79,71,80,59,65,83,57,69,85,79,70,79,73,74,86,80,70,83,54,82,80,75,71,90,80,73,9,14,8,6,9
320,Ève Périsset,82,RB,"CB, LB",France,Barclays WSL,Chelsea,31,160,55,Right,3,3,"Whipped Pass, Jockey, Intercept, Anticipate",Women's Football,https://www.ea.com/games/ea-sports-fc/ratings/player-ratings/236428,76,52,79,76,79,72,80,73,45,44,61,63,41,60,61,87,74,85,78,82,73,78,85,78,80,69,81,55,78,85,81,75,75,71,72,8,16,15,17,16
320,Pauline Peyraud-Magnin,82,GK,,France,Calcio A Femminile,Juventus,34,175,63,Left,2,1,"Far Reach, Deflector",Women's Football,https://www.ea.com/games/ea-sports-fc/ratings/player-ratings/246178,80,80,82,83,47,82,51,40,10,11,62,11,9,12,31,13,15,29,25,17,15,58,44,79,22,38,19,11,15,14,15,57,35,43,24,80,80,82,82,83
320,Felicitas Rauch,82,LB,,Germany,NWSL,NC Courage,30,167,61,Left,3,3,Bruiser,Women's Football,https://www.ea.com/games/ea-sports-fc/ratings/player-ratings/233838,80,57,72,76,80,76,78,82,68,46,71,67,41,57,50,79,80,79,70,77,70,84,91,80,78,73,78,75,82,82,79,83,84,73,73,17,15,16,13,9
320,Misa,82,GK,,Spain,Liga F,Real Madrid,26,173,66,Left,3,1,"Cross Claimer, Deflector",Women's Football,https://www.ea.com/games/ea-sports-fc/ratings/player-ratings/258789,84,77,77,80,61,84,59,63,14,17,58,19,17,29,27,20,21,33,27,18,22,56,55,78,18,34,21,15,14,18,19,74,30,56,31,84,77,77,84,80
320,Cecilia Salvai,82,CB,LB,Italy,Calcio A Femminile,Juventus,32,175,61,Left,3,2,"Long Ball Pass, Block, Anticipate",Women's Football,https://www.ea.com/games/ea-sports-fc/ratings/player-ratings/227074,73,49,70,67,82,83,70,75,54,43,58,52,50,52,54,65,43,82,84,46,56,74,70,85,76,76,79,79,86,82,78,87,79,85,80,10,17,9,9,17
320,Sophie Schmidt,82,CM,CDM,Canada,NWSL,Houston Dash,37,172,66,Right,4,3,"Long Ball Pass, Block, Anticipate, Technical, Trivela, Aerial",Women's Football,https://www.ea.com/games/ea-sports-fc/ratings/player-ratings/227405,49,75,77,78,80,73,50,48,80,74,76,78,65,76,85,62,68,83,81,67,79,53,71,83,85,82,85,63,78,86,78,67,79,72,68,11,10,9,16,8
320,Olivia Schough,82,LM,"LW, ST",Sweden,Sverige Liga,FC Rosengård,35,172,60,Right,3,4,"Finesse Shot, Dead Ball",Women's Football,https://www.ea.com/games/ea-sports-fc/ratings/player-ratings/226985,79,80,78,81,41,73,79,79,84,83,76,79,70,74,79,80,73,83,64,74,82,75,61,83,84,76,29,70,44,39,37,82,79,78,51,13,15,12,10,11
320,Desiree Scott,82,CDM,CM,Canada,NWSL,KC Current,38,155,62,Right,3,3,,Women's Football,https://www.ea.com/games/ea-sports-fc/ratings/player-ratings/227410,61,54,70,75,82,79,64,59,56,46,69,60,42,51,73,45,51,85,80,45,71,70,88,74,80,80,86,63,84,86,72,77,61,86,86,13,17,16,10,15
320,Tabea Sellner,82,RM,"ST, RW",Germany,GPFBL,VfL Wolfsburg,29,170,62,Right,4,3,"Incisive Pass, Whipped Pass, Jockey, Anticipate, Quick Step",Women's Football,https://www.ea.com/games/ea-sports-fc/ratings/player-ratings/262058,80,80,80,81,28,69,81,79,84,79,84,83,72,70,85,80,60,84,71,69,81,81,72,87,82,75,22,59,28,24,20,68,76,69,60,6,10,9,6,12
320,Emily Sonnett,82,CB,,United States,NWSL,Gotham FC,32,170,62,Right,3,3,"Intercept, Anticipate, Bruiser, Quick Step, Relentless",Women's Football,https://www.ea.com/games/ea-sports-fc/ratings/player-ratings/232074,80,57,76,73,83,84,80,80,64,48,74,61,58,47,74,78,57,81,73,75,70,56,87,79,78,76,84,79,84,81,84,91,82,85,82,14,8,12,12,10
320,Ángela Sosa,82,CAM,"CM, RM",Spain,Liga F,Levante UD,33,166,56,Right,3,4,"Finesse Shot, Incisive Pass, Pinged Pass, Tiki Taka, Technical, Trickster, Trivela",Women's Football,https://www.ea.com/games/ea-sports-fc/ratings/player-ratings/246287,77,83,84,84,64,74,78,77,80,81,89,85,70,79,82,84,85,85,82,90,86,83,85,70,83,84,63,45,70,69,55,74,87,68,75,7,6,9,8,13
320,Daniëlle van de Donk,82,CM,CAM,Holland,Arkema PL,OL Lyonnes,34,160,54,Right,3,3,"Bruiser, First Touch, Relentless, Press Proven+",Women's Football,https://www.ea.com/games/ea-sports-fc/ratings/player-ratings/233751,72,76,80,86,66,73,74,70,79,78,74,77,69,73,82,74,69,84,80,79,86,85,88,80,88,84,74,56,55,75,62,70,77,65,87,15,9,17,11,10
320,Emily van Egmond,82,CDM,CM,Australia,NWSL,San Diego Wave,32,178,65,Right,3,3,"Long Ball Pass, Press Proven",Women's Football,https://www.ea.com/games/ea-sports-fc/ratings/player-ratings/227113,59,61,78,73,82,84,60,58,59,52,81,62,61,58,75,75,59,82,80,78,73,58,33,75,82,87,82,76,82,84,79,82,90,83,78,11,14,9,15,16
320,Manuela Vanegas,82,CB,,Colombia,Liga F,Real Sociedad,25,167,68,Left,2,2,"Dead Ball, Jockey, Intercept, Slide Tackle, Bruiser, Aerial",Women's Football,https://www.ea.com/games/ea-sports-fc/ratings/player-ratings/272208,80,63,73,71,82,83,78,81,60,50,77,80,43,70,61,64,75,83,77,77,66,84,69,80,72,81,82,88,80,82,81,95,72,89,77,13,9,11,6,8
456,Nicole Anyomi,81,ST,RW,Germany,GPFBL,Frankfurt,26,170,63,Right,4,4,"Jockey, Technical, Flair, Trickster, Quick Step",Women's Football,https://www.ea.com/games/ea-sports-fc/ratings/player-ratings/264947,89,76,73,84,57,81,87,90,78,80,78,71,67,58,67,72,64,82,64,64,84,83,84,76,86,79,45,85,51,59,64,95,84,85,64,6,15,11,9,7
456,Viviane Asseyi,81,ST,"RW, LW",France,Barclays WSL,West Ham,32,163,59,Right,3,3,Rapid,Women's Football,https://www.ea.com/games/ea-sports-fc/ratings/player-ratings/227348,87,79,77,81,50,71,85,89,85,85,80,66,70,77,79,78,74,80,67,70,81,79,78,78,83,78,48,70,45,52,40,84,72,77,49,8,16,13,7,13
456,Leire Baños,81,CDM,CM,Spain,Liga F,Athletic Club,29,167,64,Right,3,3,"Incisive Pass, Long Ball Pass, Jockey, Intercept, Press Proven",Women's Football,https://www.ea.com/games/ea-sports-fc/ratings/player-ratings/272008,76,76,79,79,78,82,75,77,80,77,77,75,68,66,81,69,72,84,80,70,80,82,72,79,79,77,82,67,81,78,70,82,84,83,75,14,14,14,11,14
456,Lauren Barnes,81,CB,,United States,NWSL,Seattle Reign,37,165,57,Left,3,2,"Long Ball Pass, Bruiser",Women's Football,https://www.ea.com/games/ea-sports-fc/ratings/player-ratings/233246,76,53,75,77,82,81,75,76,58,41,68,66,57,47,62,80,66,81,74,78,73,73,81,83,81,81,82,68,84,83,82,82,81,82,78,5,7,11,13,15
456,Jule Brand,81,LW,"CAM, LM",Germany,GPFBL,VfL Wolfsburg,23,177,62,Right,4,3,"Incisive Pass, Whipped Pass, Rapid, Flair, Quick Step",Women's Football,https://www.ea.com/games/ea-sports-fc/ratings/player-ratings/261740,91,73,74,81,56,72,92,91,80,80,68,70,58,56,74,76,59,79,68,64,80,85,74,79,85,74,50,68,53,59,55,76,80,70,68,8,13,9,13,7
456,Niamh Charles,81,LB,"RM, RB",England,Barclays WSL,Chelsea,26,172,64,Right,5,3,"Rapid, Long Throw",Women's Football,https://www.ea.com/games/ea-sports-fc/ratings/player-ratings/263007,81,65,80,76,78,70,82,80,75,65,67,62,61,56,80,79,45,85,79,77,75,69,73,77,80,81,77,76,77,79,77,84,83,68,57,5,10,12,10,9
456,Danielle Colaprico,81,CDM,CM,United States,NWSL,San Diego Wave,33,158,58,Right,4,3,Intercept,Women's Football,https://www.ea.com/games/ea-sports-fc/ratings/player-ratings/231736,79,76,79,81,76,71,80,78,80,77,75,76,73,71,85,68,67,84,81,70,79,79,87,78,84,76,81,56,80,78,69,72,83,65,72,7,15,16,12,8
456,Geyse,81,ST,RW,Brazil,Barclays WSL,Manchester Utd,28,169,60,Right,3,4,"Technical, Flair, Trickster, Quick Step, Trivela",Women's Football,https://www.ea.com/games/ea-sports-fc/ratings/player-ratings/248794,92,79,74,85,34,87,92,92,83,82,76,79,75,72,74,67,64,79,72,77,84,92,92,78,84,81,24,71,32,27,47,87,84,89,85,13,12,9,6,10
456,Elisa De Almeida,81,CB,,France,Arkema PL,Paris SG,28,173,61,Right,2,2,"Pinged Pass, Jockey, Bruiser",Women's Football,https://www.ea.com/games/ea-sports-fc/ratings/player-ratings/253469,72,34,65,61,83,73,69,75,41,30,45,30,34,34,47,64,30,81,70,45,54,45,68,81,72,67,82,82,83,84,83,82,68,70,85,13,9,11,9,9
456,Océane Deslandes,81,CB,,France,Arkema PL,Montpellier,25,169,61,Left,3,3,"Incisive Pass, Pinged Pass, Long Ball Pass, Anticipate",Women's Football,https://www.ea.com/games/ea-sports-fc/ratings/player-ratings/264866,68,55,78,72,82,79,63,72,52,43,71,70,39,60,69,75,67,84,81,82,73,44,56,79,79,81,79,80,83,83,79,84,74,82,76,11,8,8,5,8
456,Paulina Dudek,81,CB,,Poland,Arkema PL,Paris SG,28,169,62,Left,2,2,"Long Ball Pass, Intercept, Anticipate, Aerial",Women's Football,https://www.ea.com/games/ea-sports-fc/ratings/player-ratings/264884,62,46,62,68,85,72,56,66,49,44,59,35,39,66,53,45,41,75,74,62,67,60,66,76,69,73,83,86,85,87,81,80,62,71,85,14,11,13,15,14
456,Julie Dufour,81,LM,"RM, LW",France,Arkema PL,Paris FC,25,163,56,Right,3,4,"Whipped Pass, Technical, Flair, Quick Step, Relentless",Women's Football,https://www.ea.com/games/ea-sports-fc/ratings/player-ratings/265860,86,76,78,82,51,61,84,87,77,76,75,78,72,67,79,75,73,82,76,78,82,91,81,76,81,81,53,49,51,52,41,65,76,54,59,12,14,5,7,5
456,Nerea Eizagirre,81,LW,"CAM, LM",Spain,Liga F,Real Sociedad,26,165,65,Right,3,4,"Finesse Shot, Dead Ball, Pinged Pass, Technical, Flair, First Touch, Trivela",Women's Football,https://www.ea.com/games/ea-sports-fc/ratings/player-ratings/259334,79,83,79,85,63,71,80,78,80,84,84,85,60,80,80,70,83,82,77,84,85,91,91,78,84,75,68,79,45,72,60,84,89,69,52,11,11,9,7,15
456,Abby Erceg,81,CB,,New Zealand,NWSL,Rac. Louisville,36,177,68,Right,3,2,"Block, Aerial",Women's Football,https://www.ea.com/games/ea-sports-fc/ratings/player-ratings/233341,47,39,59,64,84,80,50,44,43,36,45,39,36,40,57,46,40,71,62,45,61,43,59,75,70,84,81,83,85,86,79,82,70,84,81,11,11,5,8,11
456,Emily Fox,81,LB,RB,United States,Barclays WSL,Arsenal,27,165,57,Right,4,3,"Tiki Taka, Rapid, Relentless, Trivela",Women's Football,https://www.ea.com/games/ea-sports-fc/ratings/player-ratings/248343,69,47,69,78,79,73,66,72,59,45,50,50,33,47,57,74,50,77,68,71,75,81,76,79,81,74,80,63,80,82,84,72,86,72,57,15,6,14,8,12
456,Naomi Girma,81,CB,,United States,NWSL,San Diego Wave,25,164,58,Right,3,3,"Incisive Pass, Long Ball Pass, Jockey, Bruiser",Women's Football,https://www.ea.com/games/ea-sports-fc/ratings/player-ratings/267382,65,51,66,72,82,74,63,66,48,38,69,68,35,43,66,57,63,75,62,52,65,80,80,78,77,74,81,79,82,85,82,83,58,80,78,7,8,13,7,8
456,Esther,81,ST,,Spain,NWSL,Gotham FC,33,163,55,Right,4,3,,Women's Football,https://www.ea.com/games/ea-sports-fc/ratings/player-ratings/233244,77,82,69,79,31,72,77,77,86,84,80,79,80,81,78,58,63,77,58,53,80,68,71,81,83,65,21,79,24,29,30,82,72,66,82,10,6,13,9,11
456,Rachel Hill,81,RM,"LM, RW",United States,NWSL,Bay FC,31,163,56,Right,4,3,,Women's Football,https://www.ea.com/games/ea-sports-fc/ratings/player-ratings/267269,81,77,79,78,48,62,80,81,80,81,71,79,61,78,83,75,69,82,79,71,78,82,50,77,80,78,47,58,48,44,47,67,81,52,62,15,8,13,13,10
456,Sofia Jakobsson,81,LM,"RM, LW",Sweden,NWSL,San Diego Wave,36,174,62,Right,3,3,"Finesse Shot, Incisive Pass, Technical",Women's Football,https://www.ea.com/games/ea-sports-fc/ratings/player-ratings/226973,81,77,78,79,54,72,80,81,80,80,72,75,76,79,75,82,62,80,76,76,80,80,53,76,82,77,60,69,63,40,41,80,83,72,54,9,10,10,7,10
456,Synne Jensen,81,RW,"ST, RM",Norway,Liga F,Atlético de Madrid,30,173,64,Right,4,3,"Technical, Quick Step, Aerial",Women's Football,https://www.ea.com/games/ea-sports-fc/ratings/player-ratings/227369,85,82,78,81,28,79,88,82,80,85,81,81,77,77,79,77,73,80,72,80,81,83,72,81,82,76,16,75,32,16,30,92,78,85,64,10,15,16,8,9
456,Ewelina Kamczyk,81,CAM,"ST, RM",Poland,Arkema PL,FC Fleury 91,30,165,54,Right,3,3,Trivela,Women's Football,https://www.ea.com/games/ea-sports-fc/ratings/player-ratings/264971,78,76,79,83,42,65,74,81,82,78,75,75,62,73,84,77,69,82,73,80,82,86,77,76,85,78,38,59,42,42,35,71,78,65,48,10,9,11,12,10
456,Hasret Kayikci,81,CM,CAM,Germany,GPFBL,SC Freiburg,34,163,54,Right,3,4,"Dead Ball, Incisive Pass, Quick Step, Relentless, Trivela",Women's Football,https://www.ea.com/games/ea-sports-fc/ratings/player-ratings/239343,84,76,76,85,61,74,88,81,86,76,73,77,69,75,78,65,75,83,74,74,84,90,82,81,88,79,73,72,42,70,55,87,85,75,53,9,16,13,12,13
456,Lo'eau LaBonta,81,CM,CDM,United States,NWSL,KC Current,33,155,55,Right,3,3,"Anticipate, Flair, Press Proven, Relentless",Women's Football,https://www.ea.com/games/ea-sports-fc/ratings/player-ratings/267336,84,79,78,79,73,78,83,84,81,79,76,78,81,81,80,74,67,82,78,77,77,80,90,78,81,79,82,57,69,78,67,77,94,71,77,15,9,14,9,8
456,Maya Le Tissier,81,CB,RB,England,Barclays WSL,Manchester Utd,24,171,59,Right,3,3,"Pinged Pass, Long Ball Pass, Slide Tackle",Women's Football,https://www.ea.com/games/ea-sports-fc/ratings/player-ratings/265293,76,58,76,72,82,79,77,75,59,60,67,45,56,63,58,78,58,86,81,70,65,72,66,81,82,76,84,82,85,80,79,87,88,73,79,13,9,12,8,15
456,Alisha Lehmann,81,RW,"LW, RM",Switzerland,Calcio A Femminile,Juventus,27,165,55,Right,4,3,"Technical, Flair, Trivela",Women's Football,https://www.ea.com/games/ea-sports-fc/ratings/player-ratings/265311,79,76,74,82,57,70,81,77,83,75,79,74,68,78,81,81,69,75,56,74,86,82,57,82,83,71,47,39,54,68,67,64,82,62,74,14,7,12,14,6
456,Sydney Leroux,81,ST,,United States,NWSL,Angel City FC,36,168,66,Right,4,4,"Rapid, Aerial",Women's Football,https://www.ea.com/games/ea-sports-fc/ratings/player-ratings/226316,75,82,77,77,44,79,77,74,87,84,81,79,76,81,74,71,73,84,76,71,74,83,64,76,81,82,41,77,40,41,37,82,85,82,64,10,8,12,9,15
456,Melanie Leupolz,81,CDM,CM,Germany,Liga F,Real Madrid,32,172,62,Right,3,3,"Technical, Trivela, Aerial",Women's Football,https://www.ea.com/games/ea-sports-fc/ratings/player-ratings/226354,79,75,78,83,79,73,81,77,82,76,77,75,65,70,83,69,55,83,80,80,86,82,65,81,84,80,78,77,81,79,76,85,73,70,77,15,15,11,12,8
456,Dzsenifer Marozsán,81,CM,CAM,Germany,Arkema PL,OL Lyonnes,34,171,67,Right,4,5,"Power Shot, Dead Ball, First Touch, Press Proven, Trivela",Women's Football,https://www.ea.com/games/ea-sports-fc/ratings/player-ratings/226308,71,81,85,84,65,72,73,70,78,78,88,78,88,90,86,86,83,86,77,92,88,70,68,79,87,86,72,61,55,76,51,76,63,75,73,8,10,15,9,12
456,Carmen Menayo,81,CB,LB,Spain,Liga F,Atlético de Madrid,28,170,62,Left,3,2,"Jockey, Block, Intercept, Slide Tackle, Aerial",Women's Football,https://www.ea.com/games/ea-sports-fc/ratings/player-ratings/272112,78,47,68,72,81,76,81,75,55,55,36,40,33,60,55,62,37,83,74,56,67,60,70,78,81,81,80,84,80,84,78,92,66,77,80,8,8,8,9,7
456,Tatumn Milazzo,81,LB,RB,United States,NWSL,Chicago Stars FC,28,170,58,Right,4,2,Bruiser,Women's Football,https://www.ea.com/games/ea-sports-fc/ratings/player-ratings/267272,65,42,68,70,83,80,67,64,49,37,51,44,35,41,55,74,38,78,70,58,65,72,55,81,79,64,83,73,83,86,85,82,71,84,83,8,14,10,11,14
456,Jordan Nobbs,81,CM,LW,England,Barclays WSL,Aston Villa,33,160,52,Right,3,4,Long Ball Pass,Women's Football,https://www.ea.com/games/ea-sports-fc/ratings/player-ratings/227257,75,77,81,83,67,64,79,72,82,77,73,81,73,66,82,74,69,86,80,83,83,80,85,79,85,81,69,50,69,72,55,67,77,59,58,9,14,13,16,17
456,Gabi Nunes,81,ST,,Brazil,Liga F,Levante UD,29,169,59,Right,4,3,"Finesse Shot, Rapid, Flair, First Touch, Quick Step, Acrobatic",Women's Football,https://www.ea.com/games/ea-sports-fc/ratings/player-ratings/238422,85,80,74,81,39,83,85,85,82,82,78,80,72,69,75,68,70,80,70,77,83,76,83,81,80,80,15,73,41,41,44,92,74,90,75,13,11,13,15,8
456,Sjoeke Nüsken,81,CM,CB,Germany,Barclays WSL,Chelsea,25,173,58,Right,3,2,"Long Ball Pass, Bruiser, Aerial",Women's Football,https://www.ea.com/games/ea-sports-fc/ratings/player-ratings/262093,69,72,76,78,81,76,67,71,79,78,62,79,47,57,82,62,60,83,80,61,81,66,81,83,80,62,83,74,83,82,79,78,80,74,77,13,6,8,10,9
456,Mayumi Pacheco,81,LB,,England,Barclays WSL,Aston Villa,27,164,55,Left,3,3,"Pinged Pass, Whipped Pass, Intercept, Anticipate",Women's Football,https://www.ea.com/games/ea-sports-fc/ratings/player-ratings/265319,80,51,75,78,78,77,77,82,63,46,63,46,48,68,61,82,69,82,73,70,81,88,63,78,76,63,79,69,82,76,76,76,89,66,90,15,14,6,8,12
456,Christen Press,81,ST,LM,United States,NWSL,Angel City FC,37,168,58,Right,3,4,"Technical, Flair, First Touch, Trickster",Women's Football,https://www.ea.com/games/ea-sports-fc/ratings/player-ratings/226327,79,79,80,82,46,69,77,80,85,80,76,78,80,77,79,75,75,86,75,76,84,77,64,75,86,84,43,82,42,42,38,85,70,70,62,15,14,9,11,11
456,Martina Rosucci,81,CB,"CM, CDM",Italy,Calcio A Femminile,Juventus,34,171,61,Right,3,3,"Slide Tackle, Technical, Flair",Women's Football,https://www.ea.com/games/ea-sports-fc/ratings/player-ratings/227067,73,68,79,80,82,77,71,75,75,61,75,77,70,62,82,65,64,88,80,73,79,71,75,81,83,83,84,72,84,82,80,80,78,75,79,15,14,14,13,15
456,Amaiur Sarriegi,81,RW,"LW, ST, RM",Spain,Liga F,Real Sociedad,25,168,59,Right,4,4,"Finesse Shot, Technical, First Touch, Quick Step, Relentless",Women's Football,https://www.ea.com/games/ea-sports-fc/ratings/player-ratings/262545,88,77,75,84,46,81,87,88,80,82,77,75,47,67,74,75,58,79,75,70,83,92,92,80,84,82,35,81,32,56,49,95,91,82,61,11,12,9,12,9
456,Caroline Seger,81,CM,CDM,Sweden,Sverige Liga,FC Rosengård,41,176,62,Right,3,4,Long Ball Pass,Women's Football,https://www.ea.com/games/ea-sports-fc/ratings/player-ratings/226975,49,75,81,77,81,77,47,51,75,74,81,75,73,70,84,68,64,89,86,68,79,69,56,70,80,87,84,86,80,79,80,80,75,77,80,15,8,14,17,12
456,Linda Sembrant,81,CB,,Sweden,GPFBL,FC Bayern München,39,175,67,Left,4,2,,Women's Football,https://www.ea.com/games/ea-sports-fc/ratings/player-ratings/226991,64,33,60,73,82,80,60,67,35,32,37,27,24,55,47,28,46,82,82,26,72,61,50,85,80,73,81,85,87,79,76,85,78,81,80,14,15,15,8,15
456,Carolin Simon,81,LB,,Germany,GPFBL,FC Bayern München,33,174,67,Left,4,4,"Pinged Pass, Long Ball Pass, Whipped Pass, Intercept, Bruiser, Trickster, Trivela",Women's Football,https://www.ea.com/games/ea-sports-fc/ratings/player-ratings/239344,75,57,74,79,80,71,82,70,70,50,68,70,38,39,59,79,71,79,75,70,78,71,77,83,84,73,79,77,81,80,79,83,79,65,74,12,7,10,11,12
456,Andi Sullivan,81,CDM,CM,United States,NWSL,Washington Spirit,30,168,57,Right,3,3,"Long Ball Pass, Intercept",Women's Football,https://www.ea.com/games/ea-sports-fc/ratings/player-ratings/243261,65,61,78,75,79,79,66,64,56,52,75,70,50,65,75,73,68,84,82,66,71,72,77,72,82,83,79,57,83,83,73,75,77,83,74,9,14,8,10,17
456,Sandie Toletti,81,CM,CDM,France,Liga F,Real Madrid,30,169,61,Right,3,4,"Incisive Pass, Press Proven",Women's Football,https://www.ea.com/games/ea-sports-fc/ratings/player-ratings/227344,79,76,83,80,72,76,80,79,78,73,82,78,75,72,80,82,80,86,82,79,81,77,78,81,81,81,79,57,64,78,74,78,77,76,74,7,15,13,12,9
456,Évelyne Viens,81,ST,RW,Canada,Calcio A Femminile,Roma,29,173,64,Right,4,3,"Finesse Shot, Trivela",Women's Football,https://www.ea.com/games/ea-sports-fc/ratings/player-ratings/261514,81,80,61,80,25,63,83,79,86,82,78,76,79,72,59,44,51,79,54,50,80,76,78,82,84,66,20,74,19,21,15,88,50,79,32,6,9,13,11,10
456,Lotte Wubben-Moy,81,CB,,England,Barclays WSL,Arsenal,27,178,67,Right,3,2,"Long Ball Pass, Block",Women's Football,https://www.ea.com/games/ea-sports-fc/ratings/player-ratings/263013,58,42,62,65,83,76,62,54,40,38,50,42,30,58,57,32,32,81,79,55,59,59,41,75,74,84,80,82,88,81,80,85,66,81,76,12,10,11,8,13
456,Bia Zaneratto,81,ST,,Brazil,NWSL,KC Current,32,174,72,Left,3,4,Flair,Women's Football,https://www.ea.com/games/ea-sports-fc/ratings/player-ratings/226897,71,83,73,81,50,82,72,71,81,88,83,78,72,64,81,60,60,79,71,72,82,78,59,85,86,74,46,73,40,54,50,85,82,84,78,13,12,17,8,11
575,Tere Abelleira,80,CM,CDM,Spain,Liga F,Real Madrid,26,160,59,Right,4,4,"Incisive Pass, Tiki Taka, First Touch, Press Proven, Trivela",Women's Football,https://www.ea.com/games/ea-sports-fc/ratings/player-ratings/258576,74,78,77,81,72,72,72,76,73,78,82,82,55,65,81,58,80,83,81,79,79,86,88,75,81,82,81,43,80,70,62,65,82,71,65,14,10,11,11,13
575,Karen Araya,80,CM,CAM,Chile,Liga F,Madrid CFF,35,164,64,Right,3,3,"Dead Ball, Intercept",Women's Football,https://www.ea.com/games/ea-sports-fc/ratings/player-ratings/245962,58,79,80,76,66,78,63,54,80,81,77,81,60,78,84,72,81,82,81,82,77,55,77,75,82,81,69,50,64,70,66,68,84,77,76,10,13,12,10,11
575,Ane Azkona,80,RM,"ST, RW",Spain,Liga F,Athletic Club,27,164,56,Right,3,4,Technical,Women's Football,https://www.ea.com/games/ea-sports-fc/ratings/player-ratings/271942,81,76,78,78,54,72,82,81,80,80,70,77,66,75,76,81,71,81,70,75,77,82,84,74,80,70,54,71,52,51,47,83,81,71,60,10,15,11,7,14
575,Charlotte Bilbault,80,CDM,CM,France,Arkema PL,Montpellier,35,168,65,Right,3,2,"Pinged Pass, Long Ball Pass, Aerial",Women's Football,https://www.ea.com/games/ea-sports-fc/ratings/player-ratings/265857,54,64,69,64,81,85,55,53,62,58,78,70,50,53,69,59,48,78,72,57,60,50,64,81,70,78,84,78,78,81,82,82,83,84,90,15,14,11,13,11
575,Nicole Billa,80,ST,,Austria,GPFBL,1. FC Köln,30,168,59,Right,3,3,"Technical, Flair",Women's Football,https://www.ea.com/games/ea-sports-fc/ratings/player-ratings/265001,81,81,68,80,42,81,80,82,79,84,81,80,79,66,65,71,69,74,50,70,80,76,84,78,80,78,42,76,42,33,34,92,72,87,73,13,7,9,15,15
575,Kessya Bussy,80,LM,"LW, RM",France,Arkema PL,Paris FC,24,165,52,Right,3,3,"Finesse Shot, Technical, Flair, Quick Step",Women's Football,https://www.ea.com/games/ea-sports-fc/ratings/player-ratings/264864,81,78,73,84,43,54,80,81,80,80,77,80,63,74,76,69,63,77,68,74,86,82,81,74,85,77,37,66,34,48,43,65,73,44,53,8,5,7,6,6
575,Viola Calligaris,80,CB,RB,Switzerland,Calcio A Femminile,Juventus,30,167,58,Right,4,2,"Jockey, Intercept, Slide Tackle",Women's Football,https://www.ea.com/games/ea-sports-fc/ratings/player-ratings/272010,79,59,72,75,81,80,77,81,58,52,71,66,45,67,63,74,57,80,71,62,71,75,74,76,82,75,78,78,81,85,79,83,76,84,75,14,6,9,13,11
575,Deyna Castellanos,80,CM,CAM,Venezuela,NWSL,Bay FC,27,170,63,Right,4,5,"Power Shot, Technical",Women's Football,https://www.ea.com/games/ea-sports-fc/ratings/player-ratings/268303,74,83,80,83,55,72,75,74,83,85,82,84,81,71,82,76,73,83,77,80,86,71,71,81,86,77,59,79,37,65,42,85,76,73,60,11,7,13,14,9
575,Rachel Corboz,80,CM,CAM,United States,Arkema PL,Stade de Reims,30,165,58,Right,4,2,"Incisive Pass, Whipped Pass, Anticipate",Women's Football,https://www.ea.com/games/ea-sports-fc/ratings/player-ratings/265901,58,74,80,81,71,64,50,64,75,73,73,76,62,80,80,77,77,85,78,69,82,69,74,77,84,79,75,49,79,74,56,56,77,62,53,14,9,13,10,6
575,Marine Dafeur,80,CM,CDM,Algeria,Arkema PL,FC Fleury 91,31,166,66,Left,2,3,"Incisive Pass, Long Ball Pass, Whipped Pass",Women's Football,https://www.ea.com/games/ea-sports-fc/ratings/player-ratings/227351,73,74,80,80,68,76,72,74,81,74,74,72,64,77,81,79,65,83,78,80,81,75,74,78,83,71,74,59,67,70,64,74,83,74,75,8,13,8,10,13
575,Abby Dahlkemper,80,CB,,United States,NWSL,Bay FC,33,170,60,Right,3,2,,Women's Football,https://www.ea.com/games/ea-sports-fc/ratings/player-ratings/236641,46,47,61,63,84,72,51,42,49,43,62,46,36,42,56,55,41,70,62,61,58,55,77,74,67,74,84,82,84,85,82,80,50,78,83,10,9,14,14,14
575,Tierna Davidson,80,CB,,United States,NWSL,Gotham FC,27,177,65,Left,4,2,,Women's Football,https://www.ea.com/games/ea-sports-fc/ratings/player-ratings/244045,68,50,65,65,84,76,70,66,48,36,70,68,36,41,62,54,65,71,73,55,61,60,55,77,70,82,81,74,84,89,84,82,71,79,72,11,11,12,9,8
575,Barbara Dunst,80,CM,LM,Austria,GPFBL,Frankfurt,28,168,60,Right,3,4,"Long Ball Pass, Technical",Women's Football,https://www.ea.com/games/ea-sports-fc/ratings/player-ratings/264933,66,69,76,81,76,71,78,57,73,72,64,69,64,70,73,66,64,85,78,64,80,83,82,86,84,69,82,55,82,76,70,71,85,65,70,12,14,13,14,10
575,Jun Endo,80,LW,LM,Japan,NWSL,Angel City FC,26,163,60,Left,3,4,"Press Proven, Relentless, Trivela",Women's Football,https://www.ea.com/games/ea-sports-fc/ratings/player-ratings/247811,86,76,76,79,45,70,85,86,85,78,74,76,71,70,78,78,62,79,70,69,79,82,79,80,80,72,47,51,43,43,42,75,91,72,35,8,10,14,13,8
575,Laura Feiersinger,80,CM,"CAM, RM",Austria,GPFBL,1. FC Köln,33,167,56,Right,3,4,Rapid,Women's Football,https://www.ea.com/games/ea-sports-fc/ratings/player-ratings/264940,82,68,77,80,68,69,83,82,84,69,62,69,61,63,82,69,55,84,75,68,79,79,69,87,86,65,76,57,65,70,68,73,79,62,71,8,6,7,11,11
575,Naomie Feller,80,ST,RW,France,Liga F,Real Madrid,24,170,65,Right,3,3,"Rapid, Quick Step, Trivela",Women's Football,https://www.ea.com/games/ea-sports-fc/ratings/player-ratings/265900,91,80,70,81,34,75,91,91,81,82,81,81,73,66,70,71,61,75,59,67,83,82,73,73,81,78,31,69,30,32,20,89,71,83,58,10,8,12,6,10
575,Tatiana Pinto,80,CM,CAM,Portugal,Liga F,Atlético de Madrid,32,167,55,Right,4,3,"Tiki Taka, Intercept, First Touch, Press Proven",Women's Football,https://www.ea.com/games/ea-sports-fc/ratings/player-ratings/261835,76,77,76,79,68,66,74,78,84,81,69,81,57,64,77,62,68,83,79,72,78,80,79,81,80,74,70,63,60,76,65,70,82,59,61,9,6,8,12,12
575,Jessie Fleming,80,CM,CAM,Canada,NWSL,Portland Thorns,28,164,54,Right,4,4,Press Proven,Women's Football,https://www.ea.com/games/ea-sports-fc/ratings/player-ratings/227387,82,77,77,82,68,51,86,79,79,80,83,77,43,67,78,69,65,84,81,65,82,84,93,78,81,82,69,58,66,74,62,62,78,36,50,9,8,6,9,10
575,Sanni Franssi,80,ST,"CM, RW",Finland,Liga F,Real Sociedad,31,167,65,Right,3,4,"Rapid, Quick Step, Aerial",Women's Football,https://www.ea.com/games/ea-sports-fc/ratings/player-ratings/269131,85,79,74,79,32,76,83,86,80,81,80,77,72,75,69,80,53,81,62,72,80,77,70,80,80,75,20,75,32,24,37,91,69,86,56,13,15,8,6,8
575,Lola Gallardo,80,GK,,Spain,Liga F,Atlético de Madrid,32,172,57,Right,3,1,"Footwork, Cross Claimer",Women's Football,https://www.ea.com/games/ea-sports-fc/ratings/player-ratings/227204,81,75,77,82,51,80,49,54,15,12,58,18,14,23,21,22,22,30,27,15,10,57,60,75,22,52,18,14,17,16,20,70,35,72,26,81,75,77,80,82
575,Maëlle Garbino,80,CAM,CM,France,Arkema PL,Paris FC,29,162,54,Left,3,4,"Tiki Taka, Technical, Flair, First Touch, Relentless",Women's Football,https://www.ea.com/games/ea-sports-fc/ratings/player-ratings/265861,73,78,78,82,53,60,72,73,80,85,67,79,66,63,77,75,71,83,78,74,80,80,83,78,85,80,57,52,53,56,41,62,80,53,53,14,8,14,10,13
575,Hanna Glas,80,RB,,Sweden,NWSL,Seattle Reign,33,172,64,Right,3,3,,Women's Football,https://www.ea.com/games/ea-sports-fc/ratings/player-ratings/239791,73,50,70,70,81,77,70,76,38,59,50,40,32,44,67,70,31,78,73,55,65,77,60,80,75,75,80,78,84,80,79,84,80,78,71,10,17,11,16,7
575,Ana González,80,CDM,CM,Spain,Liga F,Badalona Women,31,160,61,Right,3,3,"Jockey, Anticipate, Slide Tackle, Relentless",Women's Football,https://www.ea.com/games/ea-sports-fc/ratings/player-ratings/272081,66,68,71,69,80,85,66,66,67,66,69,71,57,75,69,65,52,79,75,62,60,74,68,81,77,81,81,81,80,81,75,87,88,85,80,10,10,11,8,9
575,Sheila,80,ST,,Spain,Liga F,Atlético de Madrid,29,170,64,Right,3,4,"Press Proven, Aerial",Women's Football,https://www.ea.com/games/ea-sports-fc/ratings/player-ratings/272145,80,80,68,77,52,70,81,80,82,82,80,80,74,65,66,55,70,79,60,68,75,75,81,80,80,75,55,82,45,50,40,89,75,72,55,13,9,9,15,6
575,Didi Haračić,80,GK,,Bosnia and Herzegovina,NWSL,Angel City FC,34,173,65,Right,2,1,Footwork,Women's Football,https://www.ea.com/games/ea-sports-fc/ratings/player-ratings/267368,80,78,73,80,43,78,45,41,14,14,55,21,11,26,37,14,10,25,29,11,12,54,47,78,19,45,16,18,13,19,18,68,39,67,15,80,78,73,78,80
575,Oihane Hernández,80,RB,,Spain,Liga F,Real Madrid,26,165,59,Right,4,3,"Block, Rapid",Women's Football,https://www.ea.com/games/ea-sports-fc/ratings/player-ratings/271945,77,62,75,73,78,74,79,76,69,61,60,64,55,61,70,75,58,80,75,80,66,79,73,77,81,71,80,55,79,81,80,75,83,72,66,14,13,13,12,8
575,Sophie Ingle,80,CDM,CM,Wales,Barclays WSL,Chelsea,34,173,62,Right,4,3,"Pinged Pass, Intercept",Women's Football,https://www.ea.com/games/ea-sports-fc/ratings/player-ratings/265250,64,65,75,76,77,68,67,61,76,60,72,69,56,57,80,62,47,85,80,53,78,65,63,75,79,78,80,52,81,82,73,65,79,65,60,13,13,8,6,13
575,Kerolin Nicoli,80,RM,"ST, RW",Brazil,NWSL,NC Courage,26,164,60,Right,4,4,"Jockey, Technical, Flair, Trivela",Women's Football,https://www.ea.com/games/ea-sports-fc/ratings/player-ratings/267234,81,74,76,81,42,75,82,81,77,76,71,70,75,71,73,78,56,80,75,74,83,81,86,78,79,73,46,54,41,38,41,75,87,71,68,13,7,9,8,14
575,Lisa Karl,80,RB,LB,Germany,GPFBL,SC Freiburg,29,168,60,Right,3,3,"Whipped Pass, Block, Technical, Quick Step",Women's Football,https://www.ea.com/games/ea-sports-fc/ratings/player-ratings/265069,81,64,70,80,79,72,82,80,43,72,64,55,51,60,59,72,69,78,67,63,80,87,77,77,79,69,79,79,79,79,78,88,76,75,57,12,12,9,10,7
575,Khiara Keating,80,GK,,England,Barclays WSL,Manchester City,21,167,70,Right,3,1,"Long Ball Pass, Far Reach",Women's Football,https://www.ea.com/games/ea-sports-fc/ratings/player-ratings/266568,78,79,81,80,31,80,33,29,9,8,61,15,7,21,52,11,15,31,33,15,18,35,55,79,17,37,9,9,15,17,15,61,25,66,32,78,79,81,80,80
575,Sophia Kleinherne,80,CB,RB,Germany,GPFBL,Frankfurt,26,169,56,Right,4,3,"Whipped Pass, Block, Intercept",Women's Football,https://www.ea.com/games/ea-sports-fc/ratings/player-ratings/257530,74,46,67,73,82,74,64,82,33,48,62,33,33,50,50,73,30,79,66,60,64,74,80,79,83,70,80,80,86,81,78,80,71,72,79,10,6,9,9,13
575,Rosemonde Kouassi,80,RM,RW,Côte d'Ivoire,NWSL,Washington Spirit,24,164,54,Right,4,3,"Technical, Quick Step+",Women's Football,https://www.ea.com/games/ea-sports-fc/ratings/player-ratings/268262,94,80,71,80,37,69,94,94,82,82,82,77,74,67,69,68,59,78,66,68,77,88,81,79,82,80,28,66,35,36,32,81,71,66,70,11,9,10,6,9
575,Hayley Ladd,80,CDM,CB,Wales,Barclays WSL,Manchester Utd,32,172,64,Right,3,3,"Bruiser, Press Proven",Women's Football,https://www.ea.com/games/ea-sports-fc/ratings/player-ratings/265271,59,57,72,70,78,78,58,60,59,57,71,46,61,47,71,56,55,84,79,58,67,64,62,74,76,75,79,69,82,78,77,74,73,76,90,5,5,9,11,8
575,Maëlle Lakrar,80,CB,,France,Liga F,Real Madrid,26,172,56,Right,3,2,"Intercept, Aerial",Women's Football,https://www.ea.com/games/ea-sports-fc/ratings/player-ratings/265849,76,46,67,71,83,74,70,80,48,43,61,40,36,39,58,59,39,80,75,57,68,65,56,75,77,76,78,85,81,87,83,85,75,73,72,6,9,7,12,11
575,Lena Lattwein,80,CDM,CM,Germany,GPFBL,VfL Wolfsburg,26,176,65,Right,4,3,"Incisive Pass, Press Proven, Aerial",Women's Football,https://www.ea.com/games/ea-sports-fc/ratings/player-ratings/247790,69,71,78,81,75,81,64,73,78,70,75,69,67,61,83,69,60,84,76,75,80,78,77,80,85,72,79,60,83,72,68,76,79,84,78,7,11,11,13,6
575,Katie Lund,80,GK,,United States,NWSL,Rac. Louisville,29,185,65,Right,2,1,Deflector,Women's Football,https://www.ea.com/games/ea-sports-fc/ratings/player-ratings/267321,78,78,73,83,40,79,38,43,12,12,55,9,7,25,36,11,10,27,32,13,12,58,38,76,16,40,8,8,12,11,8,61,39,64,19,78,78,73,79,83
575,Martín-Prieto,80,ST,,Spain,Liga Portugal Feminino,SL Benfica,33,173,74,Right,2,3,"Power Shot, Power Header, Aerial",Women's Football,https://www.ea.com/games/ea-sports-fc/ratings/player-ratings/272050,78,81,70,75,51,87,76,79,82,81,84,79,84,80,80,66,67,70,60,76,70,80,80,77,80,75,50,84,45,50,45,94,92,87,80,9,15,5,9,11
575,Andrea Medina,80,LB,,Spain,Liga F,Atlético de Madrid,22,165,52,Left,3,3,"Block, Intercept, Slide Tackle, Bruiser, Relentless",Women's Football,https://www.ea.com/games/ea-sports-fc/ratings/player-ratings/272110,80,55,74,71,79,76,82,79,69,55,62,51,35,52,68,77,51,82,70,59,66,79,70,75,75,80,77,80,79,80,74,86,77,70,85,13,8,14,10,8
575,Erëleta Memeti,80,LW,"RW, LM",Kosovo,GPFBL,TSG Hoffenheim,26,166,57,Right,3,3,"Finesse Shot, Whipped Pass, Technical, Quick Step, Trivela",Women's Football,https://www.ea.com/games/ea-sports-fc/ratings/player-ratings/265058,84,70,76,80,51,64,82,86,87,76,64,64,68,55,77,81,59,79,71,67,79,88,78,78,83,67,51,33,53,59,40,63,69,63,58,11,7,12,15,9
575,Nuria Mendoza,80,CB,,Spain,Liga F,Madrid CFF,30,170,66,Right,2,2,Long Ball Pass,Women's Football,https://www.ea.com/games/ea-sports-fc/ratings/player-ratings/272013,71,56,71,65,81,79,71,71,55,52,67,54,44,61,65,60,46,84,79,45,55,72,73,79,74,66,80,81,80,83,81,90,72,84,70,14,7,14,15,8
575,Kelley O'Hara,80,RB,LB,United States,NWSL,Gotham FC,37,165,55,Right,3,3,Long Throw,Women's Football,https://www.ea.com/games/ea-sports-fc/ratings/player-ratings/226318,83,56,72,75,78,73,82,83,53,48,73,62,58,45,58,79,61,78,71,77,72,77,76,74,78,81,75,75,80,79,82,86,75,75,62,14,11,15,12,8
575,Denise O'Sullivan,80,CDM,CM,Republic of Ireland,NWSL,NC Courage,32,163,56,Right,3,3,"Block, Intercept, Anticipate",Women's Football,https://www.ea.com/games/ea-sports-fc/ratings/player-ratings/267238,82,70,72,78,78,79,80,83,81,71,78,62,51,67,83,45,59,81,78,58,78,74,72,79,80,79,81,64,78,81,74,83,76,81,78,5,11,7,14,10
575,Midge Purce,80,RW,"LW, RM",United States,NWSL,Gotham FC,30,163,56,Right,3,4,"Jockey, Technical, Quick Step",Women's Football,https://www.ea.com/games/ea-sports-fc/ratings/player-ratings/243769,89,76,76,79,42,73,90,89,82,80,74,73,67,72,75,78,63,79,74,74,79,82,77,77,80,70,46,50,38,41,43,77,81,75,55,8,10,14,14,14
575,Géraldine Reuteler,80,CM,CAM,Switzerland,GPFBL,Frankfurt,27,163,56,Right,3,4,"Finesse Shot, Whipped Pass, Anticipate, First Touch, Quick Step",Women's Football,https://www.ea.com/games/ea-sports-fc/ratings/player-ratings/264936,89,75,77,84,56,75,90,89,86,76,72,75,69,66,71,69,63,87,78,66,81,84,79,85,89,78,46,68,42,73,50,84,81,75,66,14,5,13,14,11
575,Faustine Robert,80,RM,"RW, ST",France,Arkema PL,FC Fleury 91,32,166,48,Right,4,4,"Finesse Shot, Dead Ball, Whipped Pass, Flair, Quick Step, Trivela",Women's Football,https://www.ea.com/games/ea-sports-fc/ratings/player-ratings/265843,89,78,77,79,55,54,87,90,80,76,83,83,68,71,73,81,82,79,71,80,77,87,70,75,81,78,51,48,57,59,52,57,83,34,69,14,8,7,13,10
575,Elisa Senß,80,CDM,CM,Germany,GPFBL,Frankfurt,28,161,55,Right,3,4,"Tiki Taka, Jockey, Technical, Flair, Trivela",Women's Football,https://www.ea.com/games/ea-sports-fc/ratings/player-ratings/265035,66,68,78,83,74,66,86,49,80,67,62,74,63,73,79,63,74,84,83,71,82,83,79,81,85,78,79,39,78,78,75,64,80,59,66,12,12,15,6,8
575,Marta Torrejón,80,RB,CB,Spain,Liga F,FC Barcelona,36,171,59,Right,3,2,"Power Header, Aerial",Women's Football,https://www.ea.com/games/ea-sports-fc/ratings/player-ratings/227191,63,54,74,73,80,75,60,65,45,51,71,51,36,50,70,81,51,81,65,65,69,62,69,80,81,84,82,84,81,75,80,82,80,73,72,12,7,13,15,16
575,Marion Torrent,80,CDM,CM,France,Arkema PL,Montpellier,34,164,53,Right,3,3,"Block, Intercept, Anticipate, Slide Tackle, Bruiser, Relentless",Women's Football,https://www.ea.com/games/ea-sports-fc/ratings/player-ratings/231347,70,58,74,76,81,73,71,70,65,52,69,63,45,59,62,78,53,80,78,67,74,71,87,78,77,76,81,75,76,88,83,78,82,68,75,13,10,8,13,16
575,Ainhoa Moraza,80,RB,LB,Spain,Liga F,Atlético de Madrid,30,166,53,Right,3,3,"Jockey, Intercept",Women's Football,https://www.ea.com/games/ea-sports-fc/ratings/player-ratings/256302,80,45,66,66,77,66,80,80,54,41,61,40,20,45,32,80,49,80,60,74,52,70,77,79,80,81,79,66,81,77,74,73,77,59,66,14,13,14,11,6
575,Sarah Zadrazil,80,CDM,CM,Austria,GPFBL,FC Bayern München,33,167,60,Right,3,4,"Incisive Pass, Intercept, Bruiser, Press Proven, Relentless",Women's Football,https://www.ea.com/games/ea-sports-fc/ratings/player-ratings/264903,51,66,72,80,75,83,63,41,71,66,66,69,54,65,78,45,56,86,79,61,80,72,89,84,83,67,73,68,76,78,69,78,87,85,72,8,10,15,12,8
734,Sara Agrež,79,LB,CB,Slovenia,GPFBL,1. FC Köln,25,172,66,Left,3,2,,Women's Football,https://www.ea.com/games/ea-sports-fc/ratings/player-ratings/265023,76,48,70,65,79,79,74,77,34,51,40,50,43,60,60,79,59,76,62,67,58,60,49,79,76,73,76,81,82,79,74,89,75,80,77,5,9,7,11,7
734,Eseosa Aigbogun,79,LB,,Switzerland,Calcio A Femminile,Roma,33,166,56,Right,3,2,"Block, Intercept",Women's Football,https://www.ea.com/games/ea-sports-fc/ratings/player-ratings/264987,81,56,69,71,78,67,79,83,59,55,63,53,55,52,57,74,49,76,69,65,68,72,70,75,75,69,81,60,76,82,80,73,76,61,70,8,5,12,13,9
734,Iris Arnaiz,79,CDM,CM,Spain,Liga F,Sevilla FC,32,168,60,Right,3,3,Rapid,Women's Football,https://www.ea.com/games/ea-sports-fc/ratings/player-ratings/272202,69,67,74,73,79,77,70,69,69,60,81,69,60,70,70,71,60,81,75,64,69,72,67,77,79,72,75,80,77,83,78,83,83,75,75,12,8,14,7,7
734,Elizabeth Ball,79,CB,,United States,NWSL,KC Current,30,168,60,Right,3,2,Jockey,Women's Football,https://www.ea.com/games/ea-sports-fc/ratings/player-ratings/267329,39,44,59,63,82,73,34,43,42,37,62,45,36,41,59,43,39,71,62,41,61,36,67,77,70,71,80,79,81,85,78,75,51,81,82,12,5,9,10,7
734,Estefanía Banini,79,CM,"CAM, LW",Argentina,Liga F,Badalona Women,35,160,58,Right,4,4,"Finesse Shot, Dead Ball, Rapid, Flair, First Touch, Trivela",Women's Football,https://www.ea.com/games/ea-sports-fc/ratings/player-ratings/246356,75,80,80,81,64,65,84,68,76,81,81,82,67,76,80,74,82,84,74,85,81,79,84,81,82,82,70,64,48,77,57,78,76,67,43,11,5,8,7,14
734,Molly Bartrip,79,CB,,England,Barclays WSL,Spurs,30,164,58,Right,3,2,"Long Ball Pass, Block, Anticipate",Women's Football,https://www.ea.com/games/ea-sports-fc/ratings/player-ratings/265262,69,56,69,68,81,77,70,68,54,50,66,61,41,73,51,60,70,81,80,65,58,70,75,79,79,78,81,82,85,78,77,82,86,70,80,11,5,9,9,11
734,Vicki Becho,79,ST,"RW, LW",France,Arkema PL,OL Lyonnes,22,168,62,Right,3,4,"Technical, Flair, Trickster, Quick Step",Women's Football,https://www.ea.com/games/ea-sports-fc/ratings/player-ratings/265905,84,77,70,85,45,65,82,86,81,79,75,78,74,68,65,70,63,78,62,68,88,79,69,79,86,84,38,72,40,46,39,82,65,69,52,6,5,11,7,12
734,Laura Benkarth,79,GK,,Germany,Arkema PL,OL Lyonnes,33,176,73,Right,3,1,,Women's Football,https://www.ea.com/games/ea-sports-fc/ratings/player-ratings/227330,81,80,79,78,45,77,42,50,10,8,59,11,13,20,44,12,12,29,25,16,11,41,42,74,14,59,13,14,16,11,12,69,37,75,26,81,80,79,77,78
734,Vilde Bøe Risa,79,CM,CDM,Norway,Liga F,Atlético de Madrid,30,165,55,Right,3,3,,Women's Football,https://www.ea.com/games/ea-sports-fc/ratings/player-ratings/265280,64,68,73,79,63,74,67,61,75,64,69,75,64,63,77,52,62,83,81,60,80,69,71,75,82,82,77,75,39,77,52,81,79,79,52,7,13,11,13,15
734,Signe Bruun,79,ST,,Denmark,Liga F,Real Madrid,28,178,68,Right,3,3,Aerial,Women's Football,https://www.ea.com/games/ea-sports-fc/ratings/player-ratings/264946,67,78,63,72,45,75,66,67,84,83,78,70,77,68,60,59,60,72,50,63,73,63,35,77,78,80,43,85,45,37,33,88,60,83,70,5,12,11,15,12
734,Linda Caicedo,79,LW,"CAM, LM",Colombia,Liga F,Real Madrid,21,163,54,Right,4,4,"Finesse Shot, Technical, Quick Step",Women's Football,https://www.ea.com/games/ea-sports-fc/ratings/player-ratings/273153,86,70,79,80,38,47,85,86,72,74,70,72,51,50,75,80,61,84,80,62,82,86,61,70,81,71,49,40,30,42,30,53,73,37,36,11,11,6,13,10
734,Jelena Čanković,79,CM,CAM,Serbia,Barclays WSL,Brighton,30,162,57,Left,3,4,"Chip Shot, Power Shot, Long Ball Pass, Technical, Flair",Women's Football,https://www.ea.com/games/ea-sports-fc/ratings/player-ratings/271568,73,79,75,82,59,71,73,73,85,80,79,81,78,65,75,65,65,80,77,78,84,67,70,77,86,78,67,69,44,67,58,75,76,68,70,10,13,8,13,13
734,Mylène Chavas,79,GK,,France,Liga F,Real Madrid,28,178,63,Left,2,1,Cross Claimer,Women's Football,https://www.ea.com/games/ea-sports-fc/ratings/player-ratings/264865,79,78,75,81,39,79,37,41,8,10,56,9,8,14,41,10,12,29,32,13,11,30,41,73,18,45,16,12,11,18,16,61,25,60,30,79,78,75,79,81
734,Hawa Cissoko,79,CB,,France,Calcio A Femminile,Roma,29,171,56,Right,3,2,"Long Ball Pass, Bruiser",Women's Football,https://www.ea.com/games/ea-sports-fc/ratings/player-ratings/241549,51,34,60,54,79,79,50,51,37,32,40,28,38,49,46,36,40,82,79,29,41,41,68,77,69,64,74,83,80,78,80,81,64,80,93,14,7,7,9,12
734,Sam Coffey,79,CM,CDM,United States,NWSL,Portland Thorns,27,164,60,Right,3,3,"Incisive Pass, Long Ball Pass, Tiki Taka, Block, Intercept, Anticipate",Women's Football,https://www.ea.com/games/ea-sports-fc/ratings/player-ratings/267217,73,72,79,75,77,77,71,74,77,68,79,80,59,62,77,77,72,83,81,77,73,74,80,75,77,78,80,66,74,80,77,78,83,77,68,14,13,11,6,9
734,Aldana Cometti,79,CB,,Argentina,Liga F,Madrid CFF,30,168,56,Right,3,2,"Long Ball Pass, Jockey, Intercept, Anticipate, Slide Tackle, Bruiser, Aerial",Women's Football,https://www.ea.com/games/ea-sports-fc/ratings/player-ratings/246364,62,30,56,63,80,80,63,62,31,25,42,26,23,50,35,28,41,80,79,32,55,65,76,76,70,65,80,81,81,80,77,86,77,83,76,11,8,9,12,12
734,Jovana Damnjanović,79,ST,CAM,Serbia,GPFBL,FC Bayern München,31,170,64,Right,3,3,Rapid,Women's Football,https://www.ea.com/games/ea-sports-fc/ratings/player-ratings/264890,79,77,70,77,43,77,76,81,83,82,71,74,73,63,72,76,68,75,54,62,76,75,71,85,79,68,33,79,38,41,44,87,78,75,79,11,9,10,6,5
734,Andreia Jacinto,79,CM,CDM,Portugal,Liga F,Real Sociedad,23,169,59,Right,3,3,"Incisive Pass, Long Ball Pass, Press Proven",Women's Football,https://www.ea.com/games/ea-sports-fc/ratings/player-ratings/261843,74,68,76,76,64,70,73,74,74,75,59,68,32,67,80,65,62,83,83,45,74,66,75,75,84,63,80,48,49,74,61,69,79,75,48,11,10,6,12,15
734,Tainara,79,CB,,Brazil,GPFBL,FC Bayern München,27,169,61,Right,3,2,Long Ball Pass,Women's Football,https://www.ea.com/games/ea-sports-fc/ratings/player-ratings/267677,54,46,65,68,82,71,35,69,52,47,57,37,28,39,57,44,31,81,82,60,62,54,67,76,80,70,79,83,83,83,76,73,62,73,78,13,13,6,12,8
734,Kristin Demann,79,CDM,"CM, CB",Germany,GPFBL,VfL Wolfsburg,33,169,63,Right,3,3,Power Header,Women's Football,https://www.ea.com/games/ea-sports-fc/ratings/player-ratings/233839,65,52,77,71,77,77,64,66,54,49,69,47,41,35,78,71,55,84,80,66,60,62,88,80,84,83,77,76,81,78,66,79,71,88,55,11,13,11,9,9
734,Savannah DeMelo,79,CAM,CM,United States,NWSL,Rac. Louisville,28,163,57,Right,3,4,"Dead Ball, Whipped Pass, Technical, Trivela",Women's Football,https://www.ea.com/games/ea-sports-fc/ratings/player-ratings/267318,66,76,78,80,52,67,68,64,80,78,74,74,65,72,80,74,76,79,76,78,81,74,56,80,85,77,48,57,49,58,49,66,72,61,78,8,10,12,8,10
734,Lauren,79,CB,,Brazil,Liga F,Atlético de Madrid,23,178,65,Right,2,2,"Long Ball Pass, Jockey, Bruiser, Aerial",Women's Football,https://www.ea.com/games/ea-sports-fc/ratings/player-ratings/272084,72,33,56,63,82,74,73,72,22,30,51,20,26,55,34,40,35,80,68,30,55,74,66,78,70,61,82,75,86,81,80,82,72,73,76,11,8,6,6,7
734,Meret Felde,79,CM,CDM,Germany,GPFBL,SC Freiburg,26,170,63,Left,4,3,Bruiser,Women's Football,https://www.ea.com/games/ea-sports-fc/ratings/player-ratings/265073,55,71,76,75,71,71,59,51,79,75,67,72,50,63,80,70,57,80,78,63,79,58,39,80,82,70,77,62,67,78,55,68,72,70,72,9,6,9,7,13
734,Jana Feldkamp,79,CDM,CM,Germany,GPFBL,TSG Hoffenheim,28,171,60,Right,3,2,"Long Ball Pass, Whipped Pass, Block",Women's Football,https://www.ea.com/games/ea-sports-fc/ratings/player-ratings/264991,72,63,67,74,81,77,70,74,75,67,65,55,47,55,64,57,37,77,75,62,71,82,83,75,75,69,82,77,84,80,76,82,81,74,79,12,12,10,5,15
734,Louise Fleury,79,LM,"RM, LW",France,Arkema PL,FC Nantes,28,167,59,Left,3,4,Rapid,Women's Football,https://www.ea.com/games/ea-sports-fc/ratings/player-ratings/265937,85,73,75,78,44,65,83,86,80,75,74,69,65,60,78,73,58,80,72,67,78,70,75,74,81,76,42,56,46,41,35,74,76,67,44,6,11,13,6,12
734,Rocío Gálvez,79,CB,,Spain,Liga F,Real Madrid,29,174,68,Right,3,2,"Power Header, Long Ball Pass, Bruiser, Aerial",Women's Football,https://www.ea.com/games/ea-sports-fc/ratings/player-ratings/242797,69,29,54,65,79,77,70,68,30,25,41,26,24,39,33,31,40,78,70,27,56,66,78,76,74,72,80,80,81,78,77,85,69,78,80,10,12,15,10,11
734,Shei,79,RB,RW,Spain,Liga F,Real Madrid,29,162,49,Right,3,4,"Rapid, Relentless",Women's Football,https://www.ea.com/games/ea-sports-fc/ratings/player-ratings/256303,85,75,73,80,73,68,86,85,72,77,74,75,62,68,68,73,56,80,74,62,80,84,90,71,80,74,72,80,70,75,75,85,90,60,58,5,13,14,13,12
734,Gemma Gili,79,CM,CAM,Spain,Liga F,Sevilla FC,32,175,58,Right,3,3,,Women's Football,https://www.ea.com/games/ea-sports-fc/ratings/player-ratings/241182,64,71,74,76,74,79,67,62,80,71,70,80,42,53,79,51,71,84,75,75,75,64,70,77,80,81,80,65,70,77,70,76,86,79,69,16,14,15,17,15
734,Dominika Grabowska,79,CM,LM,Poland,GPFBL,TSG Hoffenheim,27,165,55,Left,3,3,"Incisive Pass, Whipped Pass, Technical, First Touch",Women's Football,https://www.ea.com/games/ea-sports-fc/ratings/player-ratings/264982,65,72,81,83,63,63,66,65,77,74,69,73,61,77,82,78,67,85,82,79,85,77,79,75,83,82,69,45,61,68,58,58,70,58,70,9,14,11,6,12
734,Jackie Groenen,79,CM,CDM,Holland,Arkema PL,Paris SG,31,165,60,Right,4,3,Press Proven,Women's Football,https://www.ea.com/games/ea-sports-fc/ratings/player-ratings/233852,79,65,81,80,71,72,78,79,74,59,76,68,63,58,86,79,60,84,81,71,82,80,90,79,76,83,75,59,66,77,68,76,76,72,68,13,11,7,16,7
734,Maria-Luisa Grohs,79,GK,,Germany,GPFBL,FC Bayern München,24,180,70,Right,3,1,"Cross Claimer, Far Reach",Women's Football,https://www.ea.com/games/ea-sports-fc/ratings/player-ratings/264899,77,78,74,77,54,79,55,52,7,6,56,6,5,19,55,12,15,22,34,11,10,56,53,80,23,23,12,6,13,11,10,67,19,68,21,77,78,74,79,77
734,Shea Groom,79,CM,CAM,United States,NWSL,Chicago Stars FC,33,168,60,Right,3,3,Relentless,Women's Football,https://www.ea.com/games/ea-sports-fc/ratings/player-ratings/267497,80,73,78,77,61,59,79,80,81,76,72,70,63,71,77,76,61,83,77,75,79,73,49,77,81,73,71,62,43,72,57,62,84,39,78,12,5,12,9,6
734,Isabella Hartig,79,CM,CDM,Germany,GPFBL,TSG Hoffenheim,28,171,61,Right,4,3,Intercept,Women's Football,https://www.ea.com/games/ea-sports-fc/ratings/player-ratings/264990,68,71,75,77,72,78,73,63,79,71,70,74,62,60,80,65,64,79,77,65,78,68,63,81,79,74,78,68,69,78,55,81,79,81,70,10,5,11,15,12
734,Oriane Jean-François,79,CDM,CM,France,Barclays WSL,Chelsea,24,164,58,Right,2,3,"Intercept, Anticipate, Press Proven",Women's Football,https://www.ea.com/games/ea-sports-fc/ratings/player-ratings/264969,71,67,71,72,79,74,71,71,74,67,72,69,54,53,76,53,49,80,78,58,69,68,74,76,77,68,81,63,79,83,74,76,73,75,72,12,9,13,7,13
734,Stina Johannes,79,GK,,Germany,GPFBL,Frankfurt,26,177,66,Right,3,1,"Long Ball Pass, Far Throw, Footwork, Deflector",Women's Football,https://www.ea.com/games/ea-sports-fc/ratings/player-ratings/265054,77,78,76,76,52,79,52,52,10,7,57,7,6,13,69,12,14,25,36,11,12,51,35,79,13,51,13,7,13,11,9,67,28,69,23,77,78,76,79,76
734,Alanna Kennedy,79,CB,CDM,Australia,Barclays WSL,Manchester City,31,177,66,Right,4,2,Slide Tackle,Women's Football,https://www.ea.com/games/ea-sports-fc/ratings/player-ratings/227109,49,46,71,65,80,76,47,50,43,37,63,49,43,57,57,51,71,85,83,68,59,42,48,78,79,79,79,77,81,82,77,77,70,79,76,10,10,10,16,13
734,Melissa Kössler,79,ST,RW,Germany,GPFBL,TSG Hoffenheim,26,178,66,Right,2,3,"Finesse Shot, Power Header, Aerial",Women's Football,https://www.ea.com/games/ea-sports-fc/ratings/player-ratings/265020,82,80,68,76,45,78,80,84,81,80,83,78,82,70,66,72,69,74,51,71,75,81,75,78,75,74,44,79,39,42,41,91,66,83,77,12,10,6,15,9
734,Martina Lenzini,79,RB,CB,Italy,Calcio A Femminile,Juventus,27,173,63,Right,3,2,Long Throw,Women's Football,https://www.ea.com/games/ea-sports-fc/ratings/player-ratings/266937,74,40,70,67,79,76,73,75,34,41,44,30,29,65,63,66,55,82,67,54,60,69,59,82,76,69,79,78,81,78,76,84,80,73,78,12,13,11,6,9
734,Elene Lete,79,GK,,Spain,Liga F,Real Sociedad,24,173,66,Right,2,1,,Women's Football,https://www.ea.com/games/ea-sports-fc/ratings/player-ratings/272213,80,75,75,80,54,78,52,57,9,10,56,8,8,11,30,9,12,15,20,11,12,60,45,77,12,30,15,15,10,16,20,62,20,36,18,80,75,75,78,80
734,Marie Levasseur,79,RB,,Canada,Arkema PL,Montpellier,29,172,63,Right,4,3,"Intercept, Anticipate, Bruiser, Long Throw, Aerial",Women's Football,https://www.ea.com/games/ea-sports-fc/ratings/player-ratings/264807,74,66,65,74,77,74,70,78,66,68,63,64,68,57,53,72,52,73,60,63,73,68,68,74,79,69,75,80,74,78,80,81,88,70,67,7,10,12,14,13
734,Katie Lind,79,CB,,United States,NWSL,Houston Dash,32,178,66,Right,2,2,,Women's Football,https://www.ea.com/games/ea-sports-fc/ratings/player-ratings/267289,53,43,57,63,83,69,51,55,43,39,52,43,37,42,47,46,36,70,62,49,60,52,65,74,69,72,78,80,89,84,79,79,44,78,77,10,7,13,13,8
734,Maitane,79,CB,CM,Spain,NWSL,Gotham FC,31,176,61,Right,3,3,"Incisive Pass, Long Ball Pass, Intercept, Press Proven",Women's Football,https://www.ea.com/games/ea-sports-fc/ratings/player-ratings/228628,70,63,76,74,79,83,71,69,66,54,81,69,55,57,76,75,62,80,74,71,69,80,62,79,80,72,78,81,79,79,77,90,85,85,76,10,9,10,6,5
734,Noëlle Maritz,79,RB,LB,Switzerland,Barclays WSL,Aston Villa,30,165,58,Right,4,3,,Women's Football,https://www.ea.com/games/ea-sports-fc/ratings/player-ratings/265243,77,47,75,72,79,73,76,77,59,38,62,49,43,57,62,77,44,85,75,77,65,81,79,72,75,82,80,74,83,78,72,80,76,68,80,14,9,7,6,13
734,Sarah Mayling,79,RB,RM,England,Barclays WSL,Aston Villa,29,166,58,Right,3,3,Anticipate,Women's Football,https://www.ea.com/games/ea-sports-fc/ratings/player-ratings/265326,70,59,71,71,78,76,67,72,54,58,67,56,43,70,60,82,73,72,70,68,67,74,64,73,76,74,78,76,81,77,76,81,83,73,73,13,6,12,7,7
734,Kristen McNabb,79,LB,CB,United States,NWSL,San Diego Wave,32,164,57,Left,3,3,,Women's Football,https://www.ea.com/games/ea-sports-fc/ratings/player-ratings/267386,75,49,71,73,77,64,73,77,57,44,57,52,52,46,57,77,57,77,70,71,72,62,71,75,78,70,71,78,78,78,80,75,77,53,70,5,10,9,9,8
734,Maria Méndez,79,CB,,Spain,Liga F,Real Madrid,25,173,65,Right,2,2,"Long Ball Pass, Jockey",Women's Football,https://www.ea.com/games/ea-sports-fc/ratings/player-ratings/271944,76,55,69,65,79,76,72,79,55,57,52,53,43,62,59,60,45,82,77,45,55,66,65,74,79,65,77,74,80,82,79,84,68,79,75,10,9,13,7,12
734,Kristie Mewis,79,CM,CDM,United States,Barclays WSL,West Ham,35,170,64,Left,3,4,"Chip Shot, Power Header, Incisive Pass, Long Ball Pass, Tiki Taka, Rapid, Quick Step",Women's Football,https://www.ea.com/games/ea-sports-fc/ratings/player-ratings/226351,84,72,76,81,59,79,88,81,80,73,68,76,43,75,83,67,66,79,77,68,80,91,60,76,84,76,65,71,48,67,45,86,85,73,83,17,7,12,13,16
734,Moeka Minami,79,CB,,Japan,Calcio A Femminile,Roma,27,172,62,Right,3,2,,Women's Football,https://www.ea.com/games/ea-sports-fc/ratings/player-ratings/247805,64,56,58,70,80,73,59,68,50,63,56,47,32,60,44,41,41,82,58,25,66,68,60,76,80,63,77,73,88,78,79,77,63,76,77,13,8,10,11,10
734,Caroline Møller,79,ST,"LW, CAM",Denmark,Liga F,Real Madrid,27,178,64,Right,4,3,Aerial,Women's Football,https://www.ea.com/games/ea-sports-fc/ratings/player-ratings/268992,76,78,70,79,45,75,77,75,82,80,77,76,75,75,69,64,60,80,65,52,81,70,54,81,82,75,46,74,41,40,42,85,78,76,68,15,9,14,11,8
734,Marie Müller,79,LB,,Germany,NWSL,Portland Thorns,25,168,60,Right,3,3,"Long Ball Pass, Whipped Pass, Jockey, Block, Intercept, Anticipate, Long Throw",Women's Football,https://www.ea.com/games/ea-sports-fc/ratings/player-ratings/265072,81,69,78,80,76,69,82,81,78,68,75,66,68,60,77,79,69,81,76,68,82,75,82,77,79,73,72,71,80,78,74,82,73,68,64,7,12,6,9,11
734,Zećira Mušović,79,GK,,Sweden,Barclays WSL,Chelsea,30,180,73,Right,2,1,Cross Claimer,Women's Football,https://www.ea.com/games/ea-sports-fc/ratings/player-ratings/243379,80,82,79,75,40,77,41,38,7,9,59,10,15,24,48,16,13,28,30,13,14,37,47,70,21,54,10,15,19,15,16,51,22,37,22,80,82,79,77,75
734,Adriana Nanclares,79,GK,,Spain,Liga F,Athletic Club,24,170,52,Left,2,1,"Cross Claimer, Far Reach",Women's Football,https://www.ea.com/games/ea-sports-fc/ratings/player-ratings/272212,80,75,70,81,45,78,50,37,7,9,53,10,7,12,27,9,11,15,23,10,10,56,44,77,11,32,14,11,9,17,18,53,16,36,18,80,75,70,78,81
734,Kika Nazareth,79,CAM,"CM, ST",Portugal,Liga F,FC Barcelona,23,170,67,Right,4,4,"Chip Shot, Incisive Pass, Technical, Flair, Relentless",Women's Football,https://www.ea.com/games/ea-sports-fc/ratings/player-ratings/261855,79,76,75,80,55,66,78,79,76,80,68,75,68,76,75,67,68,82,74,74,81,72,72,75,83,77,42,69,38,71,65,77,73,68,47,5,8,10,9,11
734,Maite Oroz,79,CM,CDM,Spain,Liga F,Real Madrid,28,155,49,Right,4,4,"Incisive Pass, Tiki Taka, Press Proven",Women's Football,https://www.ea.com/games/ea-sports-fc/ratings/player-ratings/262458,77,66,76,83,63,73,78,77,74,74,53,71,39,54,80,61,62,84,79,76,83,80,83,80,85,81,69,48,61,70,54,79,78,75,60,9,7,5,7,6
734,Salma Paralluelo,79,LW,"ST, LM",Spain,Liga F,FC Barcelona,22,175,68,Left,4,4,"Finesse Shot, Technical, Quick Step",Women's Football,https://www.ea.com/games/ea-sports-fc/ratings/player-ratings/269404,93,79,71,80,45,76,92,93,74,82,81,74,75,63,73,68,65,73,70,77,80,89,70,72,81,75,41,74,42,42,40,93,77,84,51,6,6,12,6,13
734,Jess Park,79,RW,"CM, RM",England,Barclays WSL,Manchester City,24,161,56,Right,3,4,"Technical, Flair, First Touch, Trickster, Quick Step, Trivela",Women's Football,https://www.ea.com/games/ea-sports-fc/ratings/player-ratings/265340,84,70,71,83,41,58,85,83,75,74,71,65,63,60,74,70,48,77,63,66,86,87,80,70,85,60,39,49,37,48,31,64,68,52,57,8,8,11,9,7
734,Julie Pasquereau,79,CB,,France,Arkema PL,FC Nantes,31,176,64,Right,3,2,"Long Ball Pass, Block, Aerial",Women's Football,https://www.ea.com/games/ea-sports-fc/ratings/player-ratings/265893,56,38,65,60,80,80,44,66,47,33,53,31,35,40,53,47,39,81,83,50,58,33,44,76,69,72,76,80,80,83,79,80,71,87,75,10,14,9,13,12
734,Toni Payne,79,RM,"LW, RW",Nigeria,Barclays WSL,Everton,31,161,55,Right,4,4,"Rapid, Quick Step, Relentless",Women's Football,https://www.ea.com/games/ea-sports-fc/ratings/player-ratings/272051,89,73,74,77,72,81,90,89,79,75,74,69,65,67,78,70,55,78,70,76,76,80,77,77,77,75,75,70,70,75,69,89,92,83,59,10,8,12,11,7
734,Lena Petermann,79,ST,,Germany,Barclays WSL,Leicester City,32,175,65,Right,3,4,Press Proven,Women's Football,https://www.ea.com/games/ea-sports-fc/ratings/player-ratings/227734,69,80,66,74,43,75,71,67,85,80,79,77,76,85,68,58,67,73,59,69,73,62,51,78,80,81,30,88,45,38,33,90,78,78,61,17,16,9,16,10
734,Nichelle Prince,79,RM,"CAM, RW",Canada,NWSL,KC Current,31,163,65,Right,3,3,,Women's Football,https://www.ea.com/games/ea-sports-fc/ratings/player-ratings/235962,82,73,72,79,40,57,81,82,83,78,70,66,57,72,73,74,59,75,64,69,79,84,75,79,80,70,31,68,38,39,37,72,80,53,35,9,7,17,8,14
734,Rocky Rodríguez,79,CDM,CM,Costa Rica,NWSL,Angel City FC,32,165,63,Right,4,3,Power Shot,Women's Football,https://www.ea.com/games/ea-sports-fc/ratings/player-ratings/267226,50,76,77,79,73,84,41,57,73,72,82,79,83,75,84,64,73,83,77,59,77,72,71,77,85,81,76,63,76,72,66,72,74,91,80,6,11,7,9,11
734,Cinta Rodríguez,79,CB,,Spain,Liga F,C. Adeje Tenerife,26,178,67,Right,2,2,Bruiser,Women's Football,https://www.ea.com/games/ea-sports-fc/ratings/player-ratings/272113,72,46,69,67,80,79,68,75,66,51,35,37,30,68,65,66,38,80,70,46,55,66,70,81,80,75,79,70,80,84,79,81,71,85,73,6,7,10,7,10
734,María Sánchez,79,LM,"RM, LW",Mexico,NWSL,San Diego Wave,30,163,52,Left,3,4,"Power Shot, Incisive Pass, Whipped Pass, Jockey, Technical",Women's Football,https://www.ea.com/games/ea-sports-fc/ratings/player-ratings/228724,85,72,75,79,43,70,86,85,77,73,71,70,60,72,76,75,75,77,69,77,78,81,82,71,83,72,45,51,40,43,42,73,88,67,52,12,15,8,8,7
734,Risa Shimizu,79,RB,,Japan,Barclays WSL,Manchester City,29,160,47,Right,3,3,Intercept,Women's Football,https://www.ea.com/games/ea-sports-fc/ratings/player-ratings/245826,81,53,71,71,78,60,79,82,45,58,57,44,45,50,62,80,53,76,68,70,67,79,82,74,72,63,76,70,80,79,77,69,75,49,65,15,11,8,7,7
734,Katja Snoeijs,79,ST,CAM,Holland,Barclays WSL,Everton,29,172,63,Right,3,3,Aerial,Women's Football,https://www.ea.com/games/ea-sports-fc/ratings/player-ratings/244059,80,81,66,79,43,69,79,80,84,83,79,80,76,73,66,57,56,74,66,64,81,76,54,72,83,79,38,73,41,41,31,82,82,70,48,9,11,16,15,10
734,Sofie Svava,79,LB,,Denmark,Arkema PL,OL Lyonnes,25,173,67,Left,3,4,Rapid,Women's Football,https://www.ea.com/games/ea-sports-fc/ratings/player-ratings/264980,83,53,72,77,76,79,84,83,60,52,51,54,50,68,73,74,57,75,69,66,78,73,51,78,81,71,75,80,75,77,75,86,80,81,73,12,7,14,9,11
734,Kateřina Svitková,79,CAM,"LM, CM",Czech Republic,Ceska Liga Žen,Slavia Praha,30,167,60,Right,5,4,"Power Shot, Technical",Women's Football,https://www.ea.com/games/ea-sports-fc/ratings/player-ratings/265304,74,76,76,83,71,69,72,75,76,76,79,75,70,66,75,79,69,77,72,86,86,78,72,79,85,65,75,73,68,73,67,76,80,63,68,13,11,10,11,10
734,Paula Tomás,79,LB,,Spain,Barclays WSL,Aston Villa,24,170,61,Right,3,4,"Jockey, Anticipate, Press Proven, Relentless",Women's Football,https://www.ea.com/games/ea-sports-fc/ratings/player-ratings/272011,82,49,75,76,77,76,80,83,68,44,61,45,38,50,70,77,45,81,77,75,75,78,77,74,77,81,74,80,75,81,72,88,82,74,69,6,12,7,9,14
734,Maddi Torre,79,CB,CDM,Spain,Liga F,Athletic Club,30,172,61,Right,3,3,Aerial,Women's Football,https://www.ea.com/games/ea-sports-fc/ratings/player-ratings/272203,63,56,76,70,82,74,56,68,61,50,62,61,59,59,77,70,50,84,75,62,66,72,64,74,75,70,82,80,85,81,80,79,83,75,60,10,15,9,8,15
734,Phallon Tullis-Joyce,79,GK,,United States,Barclays WSL,Manchester Utd,29,185,61,Right,2,1,"Cross Claimer, Deflector",Women's Football,https://www.ea.com/games/ea-sports-fc/ratings/player-ratings/267212,80,74,75,80,44,80,44,45,13,11,56,19,9,18,31,12,15,24,28,12,12,53,58,78,17,32,8,12,12,15,13,64,26,65,17,80,74,75,80,80
734,Wang Shuang,79,RW,"RM, CM",China PR,Barclays WSL,Spurs,31,165,59,Left,4,3,"Technical, Flair, First Touch",Women's Football,https://www.ea.com/games/ea-sports-fc/ratings/player-ratings/226360,84,78,74,79,42,71,82,86,79,78,79,80,69,75,76,72,68,78,67,66,74,89,80,79,82,76,40,77,38,36,37,88,71,74,57,15,16,7,17,11
734,Morgan Weaver,79,LW,LM,United States,NWSL,Portland Thorns,28,178,65,Right,4,3,"Chip Shot, Power Header, Whipped Pass, Flair",Women's Football,https://www.ea.com/games/ea-sports-fc/ratings/player-ratings/266093,83,78,77,78,45,77,82,83,78,81,79,74,66,76,75,79,62,80,75,79,79,81,54,78,79,71,43,78,37,43,42,92,81,82,54,11,9,6,5,6
734,Arin Wright,79,CB,LB,United States,NWSL,Rac. Louisville,33,168,60,Right,3,2,"Block, Intercept",Women's Football,https://www.ea.com/games/ea-sports-fc/ratings/player-ratings/267281,66,54,67,75,80,77,62,69,58,48,60,60,53,47,48,76,42,76,67,67,74,74,61,78,77,83,79,77,81,81,79,81,78,77,76,8,6,11,8,8
967,Laia Aleixandri,78,CB,RB,Spain,Barclays WSL,Manchester City,25,170,55,Right,4,2,,Women's Football,https://www.ea.com/games/ea-sports-fc/ratings/player-ratings/253435,75,30,58,54,79,73,70,79,22,28,40,27,22,38,31,59,42,75,63,37,32,64,70,76,74,64,78,77,78,82,79,82,67,74,75,8,13,11,11,10
967,Filippa Angeldahl,78,CM,CDM,Sweden,Liga F,Real Madrid,28,170,63,Right,3,3,Incisive Pass,Women's Football,https://www.ea.com/games/ea-sports-fc/ratings/player-ratings/263964,74,66,75,77,68,67,73,75,77,67,58,77,52,57,79,60,64,84,76,68,80,59,66,77,81,76,70,53,69,71,63,68,72,67,58,10,8,11,14,5
967,Ana Vitória,78,CAM,CM,Brazil,Liga F,Atlético de Madrid,26,173,59,Right,3,3,"Technical, Flair, Acrobatic",Women's Football,https://www.ea.com/games/ea-sports-fc/ratings/player-ratings/274754,73,72,76,79,51,69,73,73,81,75,67,73,58,73,82,71,66,78,75,80,79,76,76,77,80,81,45,67,40,60,57,77,68,73,56,6,6,9,9,9
967,Sharon Beck,78,CAM,CM,Israel,GPFBL,SV Werder Bremen,31,180,68,Left,3,3,"Finesse Shot, Power Header, Technical, Flair, Trivela",Women's Football,https://www.ea.com/games/ea-sports-fc/ratings/player-ratings/265101,75,75,74,80,62,80,77,73,80,76,74,75,76,66,75,71,69,76,72,79,81,70,77,78,83,83,65,80,54,64,53,92,70,86,72,14,6,10,12,15
967,Nathalie Björn,78,CB,"CM, RB",Sweden,Barclays WSL,Chelsea,29,174,67,Right,3,2,"Intercept, Anticipate",Women's Football,https://www.ea.com/games/ea-sports-fc/ratings/player-ratings/247461,77,40,71,65,79,78,76,77,52,35,42,47,35,43,55,68,56,81,79,65,58,66,75,78,69,79,80,78,81,76,78,88,77,77,78,7,14,9,8,12
967,Florencia Bonsegundo,78,CAM,CM,Argentina,Liga F,Madrid CFF,32,168,59,Right,3,4,"Incisive Pass, Technical, Flair, First Touch, Trivela",Women's Football,https://www.ea.com/games/ea-sports-fc/ratings/player-ratings/246359,74,81,77,81,30,69,75,74,70,86,81,77,72,75,76,76,85,80,72,76,84,76,77,75,82,75,21,57,28,23,46,74,79,74,45,11,8,8,10,6
967,Pauline Bremer,78,ST,LW,Germany,Barclays WSL,Brighton,30,170,65,Right,4,4,Power Header,Women's Football,https://www.ea.com/games/ea-sports-fc/ratings/player-ratings/226355,74,75,68,75,36,77,74,74,79,78,80,68,73,61,68,70,60,76,51,57,75,71,74,79,77,66,35,81,24,34,33,90,82,81,58,9,14,7,17,10
967,Dagný Brynjarsdóttir,78,CM,"CDM, ST",Iceland,Barclays WSL,West Ham,34,179,66,Right,3,3,Aerial,Women's Football,https://www.ea.com/games/ea-sports-fc/ratings/player-ratings/265300,63,73,71,73,79,82,61,64,80,76,67,73,60,79,79,48,55,82,79,45,73,74,37,80,76,78,76,84,80,79,75,88,80,86,75,13,8,7,15,6
967,Laura Coombs,78,CM,CAM,England,Barclays WSL,Manchester City,34,164,58,Right,3,4,Anticipate,Women's Football,https://www.ea.com/games/ea-sports-fc/ratings/player-ratings/265341,69,77,74,76,68,64,68,69,77,79,75,82,71,59,76,58,65,85,79,53,78,65,74,78,79,67,70,45,68,72,70,61,69,64,60,11,5,15,13,12
967,Carole Costa,78,CB,,Portugal,Liga Portugal Feminino,SL Benfica,36,171,61,Right,3,2,,Women's Football,https://www.ea.com/games/ea-sports-fc/ratings/player-ratings/261829,64,48,56,63,79,74,60,67,53,49,57,36,34,68,45,42,35,73,57,54,55,54,68,73,73,72,79,76,80,80,79,81,65,77,77,13,15,12,8,12
967,Laura Domínguez,78,LB,LM,Spain,Liga F,Madrid CFF,28,159,49,Left,3,3,"Whipped Pass, Anticipate, Rapid, Relentless",Women's Football,https://www.ea.com/games/ea-sports-fc/ratings/player-ratings/272067,77,62,75,78,75,61,80,75,74,62,65,65,44,47,75,77,48,77,75,70,79,72,71,81,80,75,77,65,80,74,70,73,80,57,45,7,6,8,6,8
967,Makenzy Doniak,78,ST,RM,United States,NWSL,San Diego Wave,32,173,63,Right,4,3,,Women's Football,https://www.ea.com/games/ea-sports-fc/ratings/player-ratings/267381,79,79,70,75,40,70,78,79,80,81,80,77,75,76,56,73,71,77,68,68,74,72,59,76,82,70,33,70,38,39,36,81,68,75,55,9,6,8,11,5
967,Caprice Dydasco,78,RB,LB,United States,NWSL,Bay FC,32,158,55,Right,3,3,"Jockey, Block, Press Proven, Relentless",Women's Football,https://www.ea.com/games/ea-sports-fc/ratings/player-ratings/267350,78,56,70,73,73,72,79,78,52,47,70,68,49,40,56,74,67,76,69,71,70,71,79,75,76,70,77,41,76,78,76,65,84,69,67,8,15,7,9,13
967,Aida Esteve,78,CM,CAM,Spain,Liga F,Valencia CF,25,168,59,Left,3,2,Press Proven,Women's Football,https://www.ea.com/games/ea-sports-fc/ratings/player-ratings/272079,69,72,77,78,70,63,69,69,72,74,68,77,54,66,80,68,66,85,74,65,80,77,73,75,80,62,71,54,66,80,61,63,73,58,64,10,11,14,15,7
967,Laurina Fazer,78,CM,CDM,France,Arkema PL,Paris SG,22,165,55,Right,3,3,Technical,Women's Football,https://www.ea.com/games/ea-sports-fc/ratings/player-ratings/264900,83,71,72,85,67,58,79,87,77,68,78,76,59,61,79,57,59,79,73,68,85,90,84,78,84,80,77,54,65,69,59,62,72,48,66,10,11,9,13,14
967,Taylor Flint,78,CDM,CM,United States,NWSL,Rac. Louisville,27,185,73,Right,4,3,"Power Header, Intercept, Anticipate, Trivela, Aerial",Women's Football,https://www.ea.com/games/ea-sports-fc/ratings/player-ratings/267384,69,73,75,77,72,84,66,71,74,74,80,70,58,70,81,62,69,81,78,59,78,69,51,81,81,84,73,86,70,71,67,85,82,90,72,15,7,5,9,12
967,Svenja Fölmli,78,ST,LW,Switzerland,GPFBL,SC Freiburg,23,170,59,Right,3,4,"Technical, Trivela",Women's Football,https://www.ea.com/games/ea-sports-fc/ratings/player-ratings/265080,79,76,71,78,54,69,80,78,84,78,73,77,71,67,60,75,75,78,65,72,77,81,58,83,81,70,50,77,42,63,43,87,69,73,55,10,11,9,14,7
967,Inma Gabarro,78,LM,"RW, LW",Spain,Barclays WSL,Everton,23,160,57,Right,3,4,"Chip Shot, Technical",Women's Football,https://www.ea.com/games/ea-sports-fc/ratings/player-ratings/272056,86,75,72,78,52,71,86,86,75,82,67,70,75,68,75,72,60,75,66,66,79,80,76,71,80,71,50,75,50,50,45,88,66,75,62,11,11,13,11,7
967,Morgan Gautrat,78,CDM,CM,United States,NWSL,Orlando Pride,33,170,61,Right,3,3,,Women's Football,https://www.ea.com/games/ea-sports-fc/ratings/player-ratings/226320,36,63,72,71,79,69,34,37,58,59,72,62,59,67,74,58,59,79,77,64,68,62,70,73,77,82,83,73,80,79,77,68,64,75,61,8,7,9,11,10
967,Lee Gibson,78,GK,,Scotland,Scottish Women's League,Glasgow City FC,34,170,65,Right,2,1,Footwork,Women's Football,https://www.ea.com/games/ea-sports-fc/ratings/player-ratings/245871,80,73,75,81,32,79,31,34,13,10,56,14,11,17,60,11,10,24,21,13,14,37,45,70,13,33,15,14,21,13,15,55,30,53,25,80,73,75,79,81
967,Katrina Gorry,78,CM,CDM,Australia,Barclays WSL,West Ham,33,154,54,Right,4,4,Slide Tackle,Women's Football,https://www.ea.com/games/ea-sports-fc/ratings/player-ratings/227115,75,72,77,80,67,70,80,70,76,69,76,80,62,61,81,64,78,83,75,74,79,77,83,78,82,81,68,44,72,70,67,65,71,65,84,15,17,10,7,15
967,Hannah Hampton,78,GK,,England,Barclays WSL,Chelsea,25,175,64,Right,3,1,"Long Ball Pass, Cross Claimer, Deflector",Women's Football,https://www.ea.com/games/ea-sports-fc/ratings/player-ratings/263009,76,77,76,77,60,78,61,58,7,8,57,13,11,24,45,22,18,31,35,27,19,35,47,74,24,38,11,9,12,13,14,63,25,50,25,76,77,76,78,77
967,Kirsty Hanson,78,LW,"RW, CAM, LM",Scotland,Barclays WSL,Aston Villa,28,163,58,Right,5,4,"Pinged Pass, Anticipate, Rapid",Women's Football,https://www.ea.com/games/ea-sports-fc/ratings/player-ratings/265274,80,74,77,78,57,72,77,82,77,75,78,77,57,56,78,77,62,82,76,62,77,80,82,76,79,74,41,43,45,79,70,70,67,78,63,6,6,15,13,15
967,Manon Heil,78,GK,,France,Arkema PL,FC Fleury 91,29,173,69,Right,2,1,Cross Claimer,Women's Football,https://www.ea.com/games/ea-sports-fc/ratings/player-ratings/268989,75,77,72,80,39,78,38,41,7,9,54,9,9,14,35,15,14,27,30,14,12,34,43,73,16,31,14,11,11,15,10,63,37,68,19,75,77,72,78,80
967,Giovanna Hoffmann,78,ST,LM,Germany,GPFBL,RB Leipzig,27,169,60,Right,2,3,,Women's Football,https://www.ea.com/games/ea-sports-fc/ratings/player-ratings/265059,79,76,70,76,46,73,81,77,82,78,74,76,69,58,68,72,66,78,53,64,76,75,76,76,79,69,39,76,26,64,40,90,64,78,68,7,15,12,15,11
967,Lina Hurtig,78,LW,"ST, LM",Sweden,Barclays WSL,Arsenal,30,180,69,Right,4,4,"Finesse Shot, Trivela",Women's Football,https://www.ea.com/games/ea-sports-fc/ratings/player-ratings/227003,73,78,74,78,49,74,71,75,81,78,79,78,73,68,73,78,56,78,68,69,78,74,57,80,85,68,35,82,45,52,44,90,75,82,50,9,10,8,8,16
967,Katarzyna Kiedrzynek,78,GK,,Poland,Arkema PL,Paris SG,35,180,67,Right,3,1,,Women's Football,https://www.ea.com/games/ea-sports-fc/ratings/player-ratings/264967,78,77,74,80,39,78,41,35,12,6,56,6,7,35,61,9,21,36,35,9,8,43,41,73,15,58,17,7,22,12,14,66,32,74,30,78,77,74,78,80
967,Lisa Kolb,78,RW,"LW, RM",Austria,GPFBL,SC Freiburg,25,164,56,Right,2,3,Technical,Women's Football,https://www.ea.com/games/ea-sports-fc/ratings/player-ratings/265070,76,71,77,80,46,72,80,73,79,71,70,73,68,64,77,79,64,81,69,70,81,81,75,77,82,68,50,61,33,52,40,81,72,80,50,7,13,11,15,6
967,Paulina Krumbiegel,78,RW,"RB, RM",Germany,Calcio A Femminile,Juventus,25,174,59,Right,4,3,"Whipped Pass, Rapid",Women's Football,https://www.ea.com/games/ea-sports-fc/ratings/player-ratings/262092,84,70,74,78,62,73,82,86,79,74,66,67,58,57,76,78,64,75,67,64,78,86,76,75,78,68,58,46,66,65,61,71,81,71,68,7,8,13,14,10
967,Natalia Kuikka,78,CB,RB,Finland,NWSL,Chicago Stars FC,30,168,59,Right,4,2,"Long Ball Pass, Tiki Taka, Block, Anticipate",Women's Football,https://www.ea.com/games/ea-sports-fc/ratings/player-ratings/267221,78,52,70,74,78,78,79,78,52,46,57,60,55,44,57,69,55,80,68,68,73,70,60,78,80,70,77,73,80,79,76,85,81,76,75,14,11,13,6,8
967,Jade Le Guilly,78,RB,,France,Arkema PL,Paris SG,23,171,63,Right,3,2,,Women's Football,https://www.ea.com/games/ea-sports-fc/ratings/player-ratings/264905,68,55,71,70,77,68,70,66,53,59,59,46,46,52,57,79,49,80,70,66,64,71,68,75,79,62,76,76,78,78,74,79,75,68,56,9,14,11,7,15
967,Lee Geum Min,78,ST,CAM,Korea Republic,Barclays WSL,Brighton,32,169,60,Right,3,3,"Incisive Pass, Flair, First Touch",Women's Football,https://www.ea.com/games/ea-sports-fc/ratings/player-ratings/246029,80,77,72,78,37,68,78,81,82,78,78,78,75,62,63,70,61,82,67,66,78,77,78,76,80,73,34,71,34,36,21,81,74,70,54,12,7,6,6,10
967,Sarai Linder,78,RB,LB,Germany,GPFBL,VfL Wolfsburg,26,173,63,Right,2,2,"Long Ball Pass, Block, Intercept, Anticipate, Bruiser",Women's Football,https://www.ea.com/games/ea-sports-fc/ratings/player-ratings/265004,77,52,70,75,77,73,78,76,65,50,61,47,42,53,59,73,64,78,64,63,72,80,81,79,78,67,77,72,80,79,69,83,77,72,70,12,13,8,14,12
967,Anita Marcos,78,ST,LW,Spain,Liga F,Valencia CF,25,169,58,Right,4,3,"Finesse Shot, Press Proven, Relentless",Women's Football,https://www.ea.com/games/ea-sports-fc/ratings/player-ratings/272101,77,79,72,80,51,81,78,76,75,82,79,80,70,70,70,70,79,75,69,72,81,88,74,78,80,71,45,70,35,63,53,86,81,85,69,6,15,13,7,8
967,Savannah McCaskill,78,CAM,CM,United States,NWSL,San Diego Wave,29,163,65,Right,3,3,"Incisive Pass, Bruiser",Women's Football,https://www.ea.com/games/ea-sports-fc/ratings/player-ratings/243264,65,78,75,78,46,83,66,64,82,77,83,78,70,76,77,70,69,80,70,70,77,72,76,80,83,75,56,71,38,40,38,84,72,88,82,17,8,9,8,15
967,Eva Navarro,78,RW,"LW, RM",Spain,Liga F,Real Madrid,25,161,52,Right,5,4,Technical,Women's Football,https://www.ea.com/games/ea-sports-fc/ratings/player-ratings/264725,83,77,70,79,23,72,80,86,81,81,68,81,69,61,68,75,59,74,57,71,79,82,85,62,81,80,17,39,16,27,24,68,71,74,69,8,13,8,14,9
967,Nerea Nevado,78,LB,LM,Spain,Liga F,Athletic Club,25,160,55,Left,3,4,"Block, Long Throw",Women's Football,https://www.ea.com/games/ea-sports-fc/ratings/player-ratings/272123,80,60,76,75,74,73,78,81,70,61,60,58,54,60,70,80,58,81,77,60,74,71,72,69,80,74,70,73,74,78,73,83,84,71,60,12,13,14,15,8
967,Amanda Nildén,78,LB,,Sweden,Barclays WSL,Spurs,27,168,59,Left,4,3,,Women's Football,https://www.ea.com/games/ea-sports-fc/ratings/player-ratings/266939,83,52,71,71,75,71,86,81,44,55,56,45,43,62,58,67,60,80,79,65,70,70,70,85,73,61,77,70,79,73,72,80,73,66,78,10,6,11,6,11
967,Rosa Otermín,78,LB,,Spain,Liga F,Atlético de Madrid,25,167,57,Left,3,3,"Block, Bruiser, Relentless, Trivela",Women's Football,https://www.ea.com/games/ea-sports-fc/ratings/player-ratings/272053,78,65,74,73,75,76,74,81,69,65,61,75,38,58,65,75,69,81,70,82,70,80,80,71,75,69,78,61,74,80,75,76,79,73,80,11,13,11,6,15
967,Sonia Ouchene,78,CAM,"LM, CM",France,Arkema PL,Montpellier,26,158,52,Right,3,3,"Finesse Shot, Technical",Women's Football,https://www.ea.com/games/ea-sports-fc/ratings/player-ratings/265903,67,69,78,80,62,69,64,70,77,73,59,71,59,68,79,69,68,84,80,67,82,72,83,75,81,75,70,51,62,63,52,62,79,62,77,5,11,14,10,6
967,Victoria Pelova,78,CAM,"CM, RW",Holland,Barclays WSL,Arsenal,26,163,55,Right,4,4,Press Proven,Women's Football,https://www.ea.com/games/ea-sports-fc/ratings/player-ratings/244064,76,71,75,80,35,61,75,76,80,73,67,71,71,66,82,72,61,76,73,63,80,79,85,79,81,73,31,45,37,32,40,62,74,57,52,12,17,7,14,16
967,Itziar Pinillos,78,RB,RM,Spain,Liga F,Badalona Women,25,164,54,Right,3,3,"Jockey, Block, Intercept, Anticipate, Long Throw",Women's Football,https://www.ea.com/games/ea-sports-fc/ratings/player-ratings/272064,74,59,76,80,72,73,75,73,70,62,51,59,54,54,80,74,50,80,75,60,81,81,81,81,80,75,75,35,75,78,77,62,86,70,66,11,7,15,8,7
967,Quinn,78,CDM,CM,Canada,NWSL,Seattle Reign,30,175,62,Right,3,3,,Women's Football,https://www.ea.com/games/ea-sports-fc/ratings/player-ratings/227404,35,46,69,67,78,72,35,35,57,36,57,53,54,43,70,44,51,84,79,52,65,59,63,74,73,69,75,67,79,83,77,67,54,80,77,13,11,8,14,16
967,Nuria Rábano,78,LB,,Spain,GPFBL,VfL Wolfsburg,26,165,57,Left,3,3,Jockey,Women's Football,https://www.ea.com/games/ea-sports-fc/ratings/player-ratings/271444,77,60,73,74,78,60,76,78,69,57,63,62,57,63,74,69,60,82,69,55,70,76,76,78,79,73,78,69,79,81,71,70,66,52,69,5,11,14,10,11
967,Maximiliane Rall,78,RB,RM,Germany,NWSL,Chicago Stars FC,32,180,71,Right,5,3,"Whipped Pass, Rapid",Women's Football,https://www.ea.com/games/ea-sports-fc/ratings/player-ratings/264901,72,67,76,76,76,78,71,73,73,68,69,60,71,63,75,79,53,80,78,65,74,71,78,85,80,77,75,80,80,72,70,89,77,85,59,12,11,11,14,13
967,Ali Riley,78,RB,LB,New Zealand,NWSL,Angel City FC,38,163,56,Right,3,3,Anticipate,Women's Football,https://www.ea.com/games/ea-sports-fc/ratings/player-ratings/233343,78,58,72,76,74,77,77,79,63,48,72,62,59,68,63,77,60,77,70,72,75,81,71,78,77,79,75,68,78,71,79,83,75,81,67,11,13,8,13,8
967,Lucía Rodríguez,78,RB,LB,Spain,Liga F,Real Sociedad,27,164,60,Right,3,3,,Women's Football,https://www.ea.com/games/ea-sports-fc/ratings/player-ratings/268993,77,54,74,77,77,69,76,78,59,51,55,54,50,68,75,73,58,80,70,64,76,73,67,75,80,80,80,66,75,80,75,75,73,64,75,14,13,8,8,10
967,Ellie Roebuck,78,GK,,England,Liga F,FC Barcelona,26,174,67,Right,3,1,Footwork,Women's Football,https://www.ea.com/games/ea-sports-fc/ratings/player-ratings/247796,83,77,76,78,59,76,58,61,10,10,57,13,12,21,68,10,10,28,31,11,11,54,51,67,25,52,15,11,13,12,13,67,31,61,26,83,77,76,76,78
967,Deanne Rose,78,ST,"LW, RW",Canada,Barclays WSL,Leicester City,27,163,62,Right,3,4,Rapid,Women's Football,https://www.ea.com/games/ea-sports-fc/ratings/player-ratings/238096,90,76,73,81,36,73,88,91,80,76,78,76,76,60,77,78,52,77,60,75,83,79,74,72,82,70,27,70,35,36,26,88,64,81,58,8,7,10,8,7
967,Yazmeen Ryan,78,RW,"CM, RM",United States,NWSL,Gotham FC,27,168,66,Right,3,3,"Block, Anticipate",Women's Football,https://www.ea.com/games/ea-sports-fc/ratings/player-ratings/267227,81,73,75,77,47,76,80,82,75,76,73,75,51,65,76,76,70,77,70,72,79,75,71,79,79,63,47,54,41,52,42,76,82,77,68,9,10,6,13,13
967,Camila Sáez,78,CB,LB,Chile,Barclays WSL,West Ham,31,170,57,Left,3,2,"Long Ball Pass, Block, Slide Tackle",Women's Football,https://www.ea.com/games/ea-sports-fc/ratings/player-ratings/245959,58,36,51,57,79,80,56,60,22,41,38,25,26,50,22,22,32,81,78,20,32,74,74,75,80,71,76,72,77,83,81,78,78,81,78,14,9,8,5,10
967,Ebony Salmon,78,ST,RW,England,Barclays WSL,Aston Villa,25,163,58,Right,3,3,"Technical, Quick Step",Women's Football,https://www.ea.com/games/ea-sports-fc/ratings/player-ratings/267328,89,79,75,76,41,67,90,88,79,80,76,79,74,78,66,83,71,78,70,79,73,83,79,74,78,70,34,79,37,38,38,91,64,74,45,9,11,14,10,9
967,Lisa Schmitz,78,GK,,Germany,GPFBL,VfL Wolfsburg,34,174,65,Right,3,1,1v1 Close Down,Women's Football,https://www.ea.com/games/ea-sports-fc/ratings/player-ratings/244301,79,74,71,79,35,78,30,42,7,10,53,11,8,15,24,16,14,30,18,16,12,48,53,79,18,39,13,16,12,14,12,62,35,67,18,79,74,71,78,79
967,Sam Staab,78,CB,,United States,NWSL,Chicago Stars FC,29,170,64,Left,3,2,"Long Ball Pass, Slide Tackle, Bruiser",Women's Football,https://www.ea.com/games/ea-sports-fc/ratings/player-ratings/267264,56,52,69,65,79,79,59,54,45,38,75,70,36,41,53,78,70,70,74,77,59,59,82,76,68,75,77,82,78,80,77,85,68,83,79,10,8,12,11,9
967,Kinga Szemik,78,GK,,Poland,Barclays WSL,West Ham,28,182,70,Right,2,1,"Cross Claimer, 1v1 Close Down",Women's Football,https://www.ea.com/games/ea-sports-fc/ratings/player-ratings/269805,78,75,72,79,49,76,51,45,9,13,54,8,8,19,41,12,12,31,24,16,17,42,45,76,22,33,14,11,10,15,13,55,32,42,22,78,75,72,76,79
967,Martina Tufeković,78,GK,,Germany,GPFBL,TSG Hoffenheim,31,170,60,Right,2,1,"Footwork, Deflector",Women's Football,https://www.ea.com/games/ea-sports-fc/ratings/player-ratings/264999,77,78,74,78,50,75,48,53,14,16,56,19,11,16,35,11,21,13,11,15,19,52,27,76,23,20,19,12,21,17,16,62,16,56,25,77,78,74,75,78
967,Millie Turner,78,CB,CDM,England,Barclays WSL,Manchester Utd,29,170,62,Right,4,2,Block,Women's Football,https://www.ea.com/games/ea-sports-fc/ratings/player-ratings/263012,59,50,63,63,78,77,56,61,48,49,62,45,35,56,50,35,48,83,80,60,58,50,66,76,70,74,77,73,80,79,76,79,65,82,78,9,11,6,7,7
967,Karólína Lea Vilhjálmsdóttir,78,RM,"CAM, RW",Iceland,GPFBL,Leverkusen,24,177,68,Right,3,4,Finesse Shot,Women's Football,https://www.ea.com/games/ea-sports-fc/ratings/player-ratings/264891,79,70,77,77,51,71,78,79,78,71,73,69,59,62,76,79,80,77,76,75,78,78,74,72,79,68,47,51,49,54,54,73,74,74,61,9,10,14,11,14
967,Charlotte Voll,78,GK,,Germany,GPFBL,Leverkusen,27,178,68,Right,2,1,,Women's Football,https://www.ea.com/games/ea-sports-fc/ratings/player-ratings/265118,77,76,74,79,47,76,45,51,9,12,56,14,9,15,35,13,10,33,30,24,25,53,58,75,29,40,17,15,15,11,10,57,33,47,20,77,76,74,76,79
967,Megan Walsh,78,GK,,Republic of Ireland,Barclays WSL,West Ham,31,172,64,Right,3,1,"Far Throw, Footwork",Women's Football,https://www.ea.com/games/ea-sports-fc/ratings/player-ratings/265295,76,73,80,82,34,80,35,33,10,7,60,14,8,23,59,21,10,17,30,11,12,37,55,74,12,58,8,8,17,15,16,62,37,70,27,76,73,80,80,82
967,Joelle Wedemeyer,78,RB,CB,Germany,GPFBL,VfL Wolfsburg,29,169,70,Right,3,2,,Women's Football,https://www.ea.com/games/ea-sports-fc/ratings/player-ratings/241847,73,38,61,64,79,72,76,71,31,40,40,33,29,38,37,66,56,77,53,55,52,71,80,79,72,72,77,77,79,79,84,85,64,72,79,15,7,9,16,10
967,Christen Westphal,78,RB,,United States,NWSL,San Diego Wave,32,168,60,Right,3,3,"Block, Long Throw",Women's Football,https://www.ea.com/games/ea-sports-fc/ratings/player-ratings/267391,79,50,73,72,78,70,78,79,52,45,57,53,52,45,68,75,51,76,75,71,71,75,71,74,73,75,79,73,80,76,76,83,74,71,57,7,12,5,15,11
967,Shelina Zadorsky,78,CB,,Canada,Barclays WSL,West Ham,33,172,67,Left,3,2,"Long Ball Pass, Jockey, Block",Women's Football,https://www.ea.com/games/ea-sports-fc/ratings/player-ratings/235594,71,48,69,64,79,78,68,73,25,41,66,54,34,60,46,58,71,82,85,67,55,57,61,77,76,81,79,78,81,79,75,82,83,75,79,13,7,15,14,7
967,Weronika Zawistowska,78,LM,"CAM, LW",Poland,GPFBL,FC Bayern München,26,168,60,Right,3,4,"Jockey, Anticipate, Technical, First Touch, Quick Step",Women's Football,https://www.ea.com/games/ea-sports-fc/ratings/player-ratings/265102,81,78,72,77,47,81,82,80,86,78,75,82,79,55,70,72,70,75,66,74,77,80,72,74,78,64,42,78,46,44,40,93,78,84,73,13,12,6,12,6
1214,Korbin Albert,77,CM,LW,United States,Arkema PL,Paris SG,22,172,62,Right,3,3,"Intercept, Technical",Women's Football,https://www.ea.com/games/ea-sports-fc/ratings/player-ratings/273946,72,69,73,78,69,73,71,73,74,69,68,73,59,68,75,63,66,79,78,59,79,72,61,73,82,75,72,59,63,76,65,74,75,73,68,8,11,12,10,6
1214,Jone Amezaga,77,LM,"ST, LW",Spain,Liga F,Athletic Club,21,165,57,Right,4,4,Technical,Women's Football,https://www.ea.com/games/ea-sports-fc/ratings/player-ratings/272138,89,76,77,74,50,57,91,88,70,78,80,75,69,55,70,79,75,80,75,74,75,84,78,60,74,62,45,45,59,51,35,67,63,55,50,10,14,9,8,11
1214,Barbra Banda,77,ST,,Zambia,NWSL,Orlando Pride,26,177,69,Right,3,3,"Rapid, Quick Step",Women's Football,https://www.ea.com/games/ea-sports-fc/ratings/player-ratings/276359,92,75,60,72,33,71,89,95,76,77,77,72,69,68,58,53,58,68,56,58,72,68,68,75,76,66,25,76,27,32,22,95,65,86,35,12,13,15,9,8
1214,Hanna Bennison,77,CAM,"CM, ST",Sweden,Calcio A Femminile,Juventus,23,165,53,Right,3,4,"Technical, Flair, First Touch",Women's Football,https://www.ea.com/games/ea-sports-fc/ratings/player-ratings/263966,75,72,73,82,54,57,77,74,73,72,74,73,57,73,76,70,71,75,70,72,83,84,78,71,84,74,58,48,45,63,53,58,74,47,60,14,5,10,6,12
1214,Valentina Bergamaschi,77,LB,LM,Italy,Calcio A Femminile,Juventus,29,168,57,Right,3,3,Rapid,Women's Football,https://www.ea.com/games/ea-sports-fc/ratings/player-ratings/246786,84,66,68,64,77,78,84,84,68,73,62,66,23,57,74,69,47,67,67,69,58,79,76,78,62,78,78,66,80,77,73,84,85,78,70,15,10,7,14,6
1214,Alejandra Bernabé,77,LB,,Spain,Barclays WSL,Chelsea,24,158,59,Left,3,3,Jockey,Women's Football,https://www.ea.com/games/ea-sports-fc/ratings/player-ratings/272207,76,54,69,73,76,75,78,74,69,55,66,40,40,57,65,69,40,78,66,53,70,72,69,69,80,72,76,65,79,78,75,81,79,77,65,11,11,12,14,12
1214,Rafaela Borggräfe,77,GK,,Germany,GPFBL,SC Freiburg,26,174,64,Right,2,1,"Long Ball Pass, Far Throw, Footwork, Cross Claimer",Women's Football,https://www.ea.com/games/ea-sports-fc/ratings/player-ratings/265076,79,72,74,80,47,77,49,43,5,15,56,19,5,50,21,31,34,30,35,16,22,52,44,71,35,35,20,7,16,16,14,56,36,48,27,79,72,74,77,80
1214,Esmee Brugts,77,LW,"ST, LB, LM",Holland,Liga F,FC Barcelona,22,172,63,Left,3,3,,Women's Football,https://www.ea.com/games/ea-sports-fc/ratings/player-ratings/267530,78,70,76,76,26,51,79,78,77,79,57,68,61,57,79,81,53,80,67,69,77,81,78,63,76,72,24,35,23,27,28,57,62,54,29,6,13,9,6,13
1214,Luana Bühler,77,CB,,Switzerland,Barclays WSL,Spurs,30,171,60,Right,2,2,"Block, Intercept, Anticipate",Women's Football,https://www.ea.com/games/ea-sports-fc/ratings/player-ratings/264998,73,56,71,68,78,75,71,74,57,50,65,62,39,61,56,74,62,80,73,54,58,71,68,77,79,71,76,73,81,78,76,81,77,75,72,7,14,15,13,8
1214,Marta Cardona,77,RW,"RM, CM",Spain,Liga F,Atlético de Madrid,31,161,54,Right,3,4,Technical,Women's Football,https://www.ea.com/games/ea-sports-fc/ratings/player-ratings/253437,79,71,75,79,29,62,78,79,77,71,72,77,58,59,80,75,55,78,72,56,80,78,81,79,78,75,24,59,22,30,22,76,62,72,34,15,6,5,15,11
1214,Camelia Ceasar,77,GK,,Romania,Calcio A Femminile,Roma,28,170,62,Right,2,1,"Long Ball Pass, Far Throw",Women's Football,https://www.ea.com/games/ea-sports-fc/ratings/player-ratings/266967,76,77,78,75,25,78,26,24,12,7,59,6,6,22,26,10,9,24,23,10,11,34,45,71,26,33,10,11,11,11,8,46,25,40,25,76,77,78,78,75
1214,Selina Cerci,77,ST,CAM,Germany,GPFBL,TSG Hoffenheim,26,171,63,Right,4,3,"Technical, Flair",Women's Football,https://www.ea.com/games/ea-sports-fc/ratings/player-ratings/265025,77,76,71,76,53,77,80,75,79,79,76,71,70,73,74,70,61,75,66,66,72,85,81,72,77,78,54,79,40,54,58,92,77,82,63,12,13,10,11,10
1214,Temwa Chawinga,77,RM,"LM, CM, RW",Malawi,NWSL,KC Current,27,168,62,Left,4,4,Rapid,Women's Football,https://www.ea.com/games/ea-sports-fc/ratings/player-ratings/279799,80,76,70,78,46,73,77,82,79,79,74,73,70,68,66,70,65,77,65,53,76,79,75,80,80,75,43,60,34,60,35,79,68,76,70,13,8,12,8,9
1214,Gia Corley,77,CM,CAM,United States,GPFBL,TSG Hoffenheim,24,159,55,Right,2,3,"Chip Shot, Block",Women's Football,https://www.ea.com/games/ea-sports-fc/ratings/player-ratings/264989,66,67,74,76,62,69,67,66,81,66,66,72,59,60,79,64,63,79,73,66,75,71,75,78,80,67,74,58,58,66,45,68,80,68,58,5,8,11,11,10
1214,Rachel Corsie,77,CB,CM,Scotland,Barclays WSL,Aston Villa,36,175,69,Right,3,2,,Women's Football,https://www.ea.com/games/ea-sports-fc/ratings/player-ratings/245875,55,37,55,47,78,74,42,66,22,38,44,31,18,62,22,39,41,78,78,25,25,45,71,75,70,58,77,79,78,79,78,76,63,78,78,9,13,11,5,7
1214,Luany,77,ST,,Brazil,Liga F,Atlético de Madrid,23,164,58,Right,5,3,,Women's Football,https://www.ea.com/games/ea-sports-fc/ratings/player-ratings/274780,83,78,68,80,43,73,81,85,82,81,77,80,66,62,75,62,57,75,61,56,82,81,72,71,81,77,50,64,41,37,35,78,85,69,68,6,10,9,7,9
1214,Lucia Di Guglielmo,77,LB,RB,Italy,Calcio A Femminile,Roma,28,160,55,Right,3,2,,Women's Football,https://www.ea.com/games/ea-sports-fc/ratings/player-ratings/266970,81,35,71,68,73,72,81,81,29,32,37,41,24,56,58,76,61,78,70,63,59,79,75,74,77,69,73,78,74,72,70,86,77,69,71,9,6,12,9,12
1214,Marisa DiGrande,77,CDM,CM,United States,NWSL,Rac. Louisville,29,163,57,Right,3,3,,Women's Football,https://www.ea.com/games/ea-sports-fc/ratings/player-ratings/267311,67,55,68,72,75,72,66,68,52,50,62,60,52,48,73,48,51,78,77,54,70,62,72,71,79,67,74,62,79,76,79,70,79,68,75,10,10,10,9,11
1214,Fabienne Dongus,77,CM,CDM,Germany,GPFBL,TSG Hoffenheim,32,178,63,Right,4,3,"Bruiser, Long Throw, Aerial",Women's Football,https://www.ea.com/games/ea-sports-fc/ratings/player-ratings/262090,66,66,71,74,78,82,66,66,77,65,69,69,48,51,74,56,57,80,75,63,73,60,75,78,79,71,83,69,81,78,72,81,74,89,74,14,13,6,11,11
1214,Lisa Evans,77,RW,"ST, RM",Scotland,Scottish Women's League,Glasgow City FC,34,166,54,Right,3,4,"Whipped Pass, Trivela",Women's Football,https://www.ea.com/games/ea-sports-fc/ratings/player-ratings/265305,81,71,73,80,46,58,83,80,78,70,72,76,63,57,75,77,70,73,68,76,79,80,90,76,81,70,49,47,50,43,37,60,77,47,63,10,15,8,9,7
1214,Mary Fowler,77,CAM,RW,Australia,Barclays WSL,Manchester City,23,170,66,Left,5,3,Trivela,Women's Football,https://www.ea.com/games/ea-sports-fc/ratings/player-ratings/248799,78,75,70,79,47,62,80,76,77,77,75,76,59,59,75,64,56,74,69,69,81,73,77,74,80,74,35,59,38,60,49,74,66,68,38,7,14,6,8,14
1214,Aurora Galli,77,CM,CDM,Italy,Barclays WSL,Everton,29,168,56,Right,3,3,,Women's Football,https://www.ea.com/games/ea-sports-fc/ratings/player-ratings/245443,74,72,74,78,66,61,76,72,80,72,76,72,56,56,76,60,60,83,77,73,76,85,78,72,79,73,69,34,69,72,69,55,79,54,58,16,17,11,11,8
1214,Nahikari,77,ST,,Spain,Liga F,Athletic Club,29,161,53,Right,3,4,,Women's Football,https://www.ea.com/games/ea-sports-fc/ratings/player-ratings/246286,75,77,68,76,23,69,75,75,79,80,74,74,69,80,65,60,70,77,63,57,75,70,76,77,80,67,21,78,15,15,18,85,63,72,65,7,14,13,13,7
1214,Benedetta Glionna,77,RW,"ST, RM",Italy,Calcio A Femminile,Roma,26,172,58,Right,3,4,"Rapid, Flair",Women's Football,https://www.ea.com/games/ea-sports-fc/ratings/player-ratings/253742,85,67,72,79,20,56,85,85,73,70,69,69,33,60,76,70,79,77,52,74,79,81,80,72,83,60,20,50,16,16,18,69,69,59,31,9,14,10,6,12
1214,Érika González,77,CAM,ST,Spain,Liga F,Levante UD,21,168,63,Right,3,3,Technical,Women's Football,https://www.ea.com/games/ea-sports-fc/ratings/player-ratings/272004,81,75,73,77,48,60,79,82,77,80,68,77,57,75,71,67,57,80,75,59,78,83,76,66,77,61,51,45,46,50,44,68,62,70,31,8,15,14,13,7
1214,Paola Hernández,77,CM,CAM,Spain,Liga F,C. Adeje Tenerife,23,163,57,Right,3,3,Press Proven,Women's Football,https://www.ea.com/games/ea-sports-fc/ratings/player-ratings/272225,73,75,75,79,70,63,76,71,75,80,70,71,65,68,75,70,71,80,76,66,81,78,72,69,80,68,70,69,61,80,65,76,74,65,40,7,11,13,13,12
1214,Tiny Hoekstra,77,ST,LW,Holland,Nederland Vrouwen Liga,Ajax,29,171,60,Right,3,3,Finesse Shot,Women's Football,https://www.ea.com/games/ea-sports-fc/ratings/player-ratings/275971,72,77,51,72,37,69,75,70,83,83,72,74,69,63,40,27,49,73,50,38,73,69,61,77,75,65,27,73,21,50,28,83,62,75,60,7,11,8,9,12
1214,Olivia Holdt,77,ST,"LW, RW",Denmark,Sverige Liga,FC Rosengård,24,172,62,Right,2,4,"Chip Shot, Flair",Women's Football,https://www.ea.com/games/ea-sports-fc/ratings/player-ratings/273177,72,76,68,77,57,68,75,70,78,79,79,71,72,60,70,60,46,78,71,41,80,68,61,79,79,62,59,72,45,64,49,83,70,76,42,9,11,14,7,10
1214,Emma Holmgren,77,GK,,Sweden,Liga F,Levante UD,29,171,67,Right,3,1,1v1 Close Down,Women's Football,https://www.ea.com/games/ea-sports-fc/ratings/player-ratings/264941,77,76,69,80,50,72,51,49,11,12,52,11,14,23,41,13,19,32,31,13,14,53,53,75,21,37,21,17,19,19,18,65,31,59,28,77,76,69,72,80
1214,Kelli Hubly,77,CB,,United States,NWSL,Portland Thorns,31,175,65,Right,3,2,Long Ball Pass,Women's Football,https://www.ea.com/games/ea-sports-fc/ratings/player-ratings/267220,55,41,65,63,80,75,59,51,48,42,41,39,35,41,55,75,33,70,61,69,61,53,52,74,67,73,77,82,78,84,78,84,70,79,70,14,14,12,7,13
1214,Clare Hunt,77,CB,,Australia,Barclays WSL,Spurs,27,176,63,Right,3,2,,Women's Football,https://www.ea.com/games/ea-sports-fc/ratings/player-ratings/274644,66,45,60,62,79,72,63,68,43,45,51,41,33,41,48,38,45,78,74,52,58,54,49,73,71,69,76,79,78,82,75,81,67,75,68,8,6,8,8,8
1214,Inès Jaurena,77,CDM,CM,France,Arkema PL,FC Fleury 91,35,158,55,Left,3,3,Tiki Taka,Women's Football,https://www.ea.com/games/ea-sports-fc/ratings/player-ratings/227356,67,66,71,75,74,67,65,69,77,67,65,65,53,57,72,65,53,78,73,58,75,69,82,79,77,73,82,50,72,79,69,62,69,62,80,8,11,11,13,11
1214,Elena Julve,77,RW,"RM, ST",Spain,Liga F,Badalona Women,25,154,45,Right,4,4,"Pinged Pass, Whipped Pass, Anticipate, Technical, First Touch, Trickster, Quick Step",Women's Football,https://www.ea.com/games/ea-sports-fc/ratings/player-ratings/272163,86,72,73,82,66,68,89,84,77,71,80,71,69,55,75,69,70,74,70,80,81,92,91,70,80,81,60,67,73,69,50,81,90,67,40,9,8,7,10,9
1214,Kristin Kögel,77,ST,"LM, LW",Germany,GPFBL,Leverkusen,26,157,54,Left,4,3,Rapid,Women's Football,https://www.ea.com/games/ea-sports-fc/ratings/player-ratings/264922,83,74,71,77,39,65,83,83,83,78,71,68,75,58,69,69,67,79,60,62,77,76,74,81,79,64,28,72,33,40,39,81,68,63,62,14,9,10,8,9
1214,Casey Krueger,77,LB,CB,United States,NWSL,Washington Spirit,35,168,63,Right,3,3,"Jockey, Bruiser, Press Proven",Women's Football,https://www.ea.com/games/ea-sports-fc/ratings/player-ratings/236642,73,56,72,73,74,79,72,74,59,46,76,61,58,45,61,78,57,77,70,75,73,54,62,75,79,83,72,74,76,73,74,86,72,83,76,15,9,16,16,16
1214,Mariana Larroquette,77,ST,,Argentina,NWSL,Orlando Pride,33,166,55,Right,4,4,"Technical, Flair",Women's Football,https://www.ea.com/games/ea-sports-fc/ratings/player-ratings/246358,78,72,63,78,29,69,79,78,81,79,60,71,71,58,60,50,53,74,65,58,80,71,71,79,80,75,20,77,22,27,25,89,77,77,36,8,10,6,14,13
1214,Claire Lavogez,77,CAM,ST,France,Liga F,Real Sociedad,31,173,63,Right,4,4,Technical,Women's Football,https://www.ea.com/games/ea-sports-fc/ratings/player-ratings/227359,73,76,77,74,48,75,76,71,79,77,74,76,76,72,80,73,72,79,76,72,74,74,58,74,77,78,47,63,48,43,46,80,75,78,67,9,12,8,8,12
1214,Adriana Leon,77,RW,"ST, LW, RM",Canada,Barclays WSL,Aston Villa,33,161,54,Right,3,4,Trivela,Women's Football,https://www.ea.com/games/ea-sports-fc/ratings/player-ratings/227397,81,76,68,79,35,65,79,82,80,76,78,77,78,59,69,65,65,76,56,51,80,79,77,73,80,73,32,68,32,33,26,80,70,71,40,8,11,17,15,12
1214,Silvia Lloris,77,CB,LB,Spain,Liga F,Atlético de Madrid,22,170,62,Right,2,3,,Women's Football,https://www.ea.com/games/ea-sports-fc/ratings/player-ratings/272012,80,63,71,77,79,68,79,80,60,60,61,74,63,59,60,62,66,82,74,60,77,73,77,74,80,67,82,75,75,82,77,80,72,62,75,14,8,9,6,9
1214,María Valenzuela,77,GK,,Spain,Liga F,Badalona Women,23,174,79,Right,2,1,Cross Claimer,Women's Football,https://www.ea.com/games/ea-sports-fc/ratings/player-ratings/272021,75,75,77,77,36,78,36,36,8,8,58,10,9,12,30,10,12,15,25,10,14,56,44,78,15,33,17,12,10,18,20,47,17,34,20,75,75,77,78,77
1214,Vicky Losada,77,CM,CDM,Spain,Barclays WSL,Brighton,35,168,61,Right,3,3,,Women's Football,https://www.ea.com/games/ea-sports-fc/ratings/player-ratings/227201,64,71,73,78,66,68,63,65,78,71,71,73,65,60,79,51,69,82,75,72,77,76,75,75,80,79,64,53,62,75,65,68,68,75,50,12,11,11,14,14
1214,Batcheba Louis,77,ST,"RM, RW",Haiti,Arkema PL,FC Fleury 91,28,165,56,Right,3,3,"Technical, Quick Step",Women's Football,https://www.ea.com/games/ea-sports-fc/ratings/player-ratings/265947,90,75,70,77,40,67,91,89,77,77,76,72,82,62,76,64,59,76,64,64,75,83,78,72,78,74,36,71,37,38,31,85,69,69,53,15,6,7,11,6
1214,Hanna Lundkvist,77,RB,LB,Sweden,NWSL,San Diego Wave,23,167,62,Right,3,3,,Women's Football,https://www.ea.com/games/ea-sports-fc/ratings/player-ratings/272114,77,58,72,70,76,75,77,77,60,60,62,55,41,51,65,77,37,80,70,61,66,72,70,72,77,63,73,77,81,75,70,89,73,79,66,12,12,15,13,9
1214,Ena Mahmutovic,77,GK,,Germany,GPFBL,FC Bayern München,22,177,65,Right,4,1,"Long Ball Pass, Footwork, Far Reach",Women's Football,https://www.ea.com/games/ea-sports-fc/ratings/player-ratings/271860,76,70,75,78,48,77,50,45,5,13,56,20,17,14,51,20,25,13,37,11,18,53,56,78,12,49,11,12,10,20,13,59,30,50,20,76,70,75,77,78
1214,Rosa Márquez,77,CM,"RM, LM",Spain,Liga F,Real Betis,25,158,46,Right,4,4,"Finesse Shot, Tiki Taka, Jockey, Anticipate, Press Proven",Women's Football,https://www.ea.com/games/ea-sports-fc/ratings/player-ratings/262460,84,71,75,80,71,72,84,84,77,73,71,72,53,62,75,63,72,81,80,69,80,83,83,63,82,77,71,48,71,80,71,73,74,72,69,13,8,12,13,10
1214,Shekiera Martinez,77,ST,RW,Germany,GPFBL,SC Freiburg,24,163,60,Right,3,3,"Technical, Flair, Quick Step",Women's Football,https://www.ea.com/games/ea-sports-fc/ratings/player-ratings/264950,81,73,69,79,44,73,80,82,77,77,72,66,72,60,71,59,57,79,64,63,80,71,79,80,81,72,33,72,34,49,50,84,72,73,71,11,12,14,5,14
1214,Merritt Mathias,77,RB,LB,United States,NWSL,Angel City FC,35,168,62,Right,3,3,Slide Tackle,Women's Football,https://www.ea.com/games/ea-sports-fc/ratings/player-ratings/243776,70,51,70,72,77,82,69,70,59,43,64,58,48,45,53,77,60,77,71,74,74,56,48,70,77,78,78,67,80,78,74,81,77,87,77,15,16,10,14,17
1214,Paige Nielsen,77,CB,LB,United States,NWSL,Houston Dash,32,163,68,Right,2,2,"Long Ball Pass, Bruiser",Women's Football,https://www.ea.com/games/ea-sports-fc/ratings/player-ratings/267371,81,48,60,64,76,83,80,81,52,43,66,45,36,42,32,74,44,68,60,69,58,70,80,73,67,72,76,67,80,77,74,88,64,92,85,7,7,11,9,7
1214,Aniek Nouwen,77,CB,,Holland,Barclays WSL,Chelsea,27,175,70,Right,3,2,"Power Header, Long Ball Pass, Bruiser",Women's Football,https://www.ea.com/games/ea-sports-fc/ratings/player-ratings/246317,54,50,57,58,78,79,55,53,40,40,82,43,38,56,42,38,55,73,79,25,50,54,43,68,69,73,76,76,79,78,77,84,59,88,80,13,6,8,6,6
1214,Diana Ordóñez,77,ST,,Mexico,NWSL,Houston Dash,24,178,62,Right,4,3,Power Header,Women's Football,https://www.ea.com/games/ea-sports-fc/ratings/player-ratings/267237,73,77,64,74,42,68,75,72,82,82,74,69,74,77,56,48,61,77,70,54,72,73,61,77,80,74,37,79,38,39,37,85,65,71,62,7,8,12,11,12
1214,Laëtitia Philippe,77,GK,,France,Arkema PL,Havre AC,35,173,61,Right,3,1,,Women's Football,https://www.ea.com/games/ea-sports-fc/ratings/player-ratings/227349,80,73,68,79,47,78,49,44,11,18,51,18,17,25,32,21,17,25,27,16,16,40,60,71,25,35,19,14,16,19,18,63,29,58,22,80,73,68,78,79
1214,Clara Pinedo,77,CAM,"CM, LM",Spain,Liga F,Athletic Club,22,165,57,Right,3,3,"Finesse Shot, Technical",Women's Football,https://www.ea.com/games/ea-sports-fc/ratings/player-ratings/272135,83,76,75,78,63,67,84,82,72,80,72,77,62,71,75,70,70,80,75,68,79,79,83,71,78,62,60,55,69,65,50,73,72,63,71,14,12,6,13,13
1214,Sarah Puntigam,77,CB,CM,Austria,NWSL,Houston Dash,33,173,69,Left,3,3,"Long Ball Pass, Relentless, Aerial",Women's Football,https://www.ea.com/games/ea-sports-fc/ratings/player-ratings/265854,42,59,72,76,78,83,52,33,58,52,70,65,60,63,67,57,77,81,76,81,78,55,55,75,82,79,78,72,75,82,78,77,87,81,82,14,8,6,7,6
1214,Natalia Ramos,77,CDM,CM,Spain,Liga F,C. Adeje Tenerife,27,171,63,Right,3,3,"Intercept, Anticipate, Slide Tackle, Bruiser, Relentless",Women's Football,https://www.ea.com/games/ea-sports-fc/ratings/player-ratings/272224,74,70,71,72,78,81,74,74,75,69,72,71,65,69,69,69,72,75,68,72,71,67,64,75,75,70,80,75,77,80,75,87,82,83,75,6,12,14,8,5
1214,Friederike Repohl,77,GK,,Germany,GPFBL,Leverkusen,31,177,68,Right,2,1,"Long Ball Pass, Footwork, Far Reach",Women's Football,https://www.ea.com/games/ea-sports-fc/ratings/player-ratings/264915,78,75,74,74,45,78,47,41,13,15,56,8,15,15,21,27,17,13,37,32,24,47,55,74,13,55,14,6,21,14,12,65,40,70,12,78,75,74,78,74
1214,Kaleigh Riehl,77,CB,,United States,NWSL,Utah Royals FC,29,173,64,Right,2,2,,Women's Football,https://www.ea.com/games/ea-sports-fc/ratings/player-ratings/267388,46,43,57,67,79,67,39,51,45,38,55,44,35,41,51,43,37,70,62,48,63,62,64,77,72,70,75,78,77,84,79,75,37,79,74,13,13,6,12,12
1214,Cari Roccaro,77,CDM,CM,United States,NWSL,Chicago Stars FC,31,168,60,Right,3,3,Anticipate,Women's Football,https://www.ea.com/games/ea-sports-fc/ratings/player-ratings/267372,73,68,74,76,71,70,71,75,66,70,70,68,53,66,77,57,67,83,78,55,78,74,40,82,79,74,68,62,76,72,68,71,77,63,77,15,9,7,13,8
1214,Enith Salón,77,GK,,Spain,Liga F,Valencia CF,24,167,59,Right,2,1,1v1 Close Down,Women's Football,https://www.ea.com/games/ea-sports-fc/ratings/player-ratings/271943,80,77,71,77,47,74,47,48,8,8,53,8,7,14,27,12,12,30,33,12,13,50,55,75,22,33,13,11,11,14,13,63,29,60,19,80,77,71,74,77
1214,Sandra Starke,77,ST,CM,Germany,GPFBL,RB Leipzig,32,165,59,Right,3,3,,Women's Football,https://www.ea.com/games/ea-sports-fc/ratings/player-ratings/262089,82,74,67,79,48,69,81,82,81,76,75,71,65,75,71,60,51,74,59,72,79,69,84,77,83,69,39,69,38,60,38,80,66,70,67,14,13,12,14,11
1214,Katie Stengel,77,ST,LW,United States,NWSL,Gotham FC,34,175,67,Right,3,3,"Chip Shot, Power Header",Women's Football,https://www.ea.com/games/ea-sports-fc/ratings/player-ratings/226350,72,78,61,73,33,73,73,71,79,82,73,73,71,78,63,39,56,77,54,48,76,50,70,78,76,63,21,79,38,22,24,89,62,82,60,13,6,7,14,14
1214,Tereza Szewieczková,77,CM,LM,Czech Republic,Ceska Liga Žen,Slavia Praha,28,163,62,Right,3,3,"Incisive Pass, Press Proven",Women's Football,https://www.ea.com/games/ea-sports-fc/ratings/player-ratings/275808,67,74,75,75,70,70,68,67,78,77,70,78,60,63,80,69,68,78,72,71,77,65,72,75,78,69,66,67,70,76,60,71,80,66,69,10,8,6,11,14
1214,Andrea Tarazona,77,GK,,Spain,Liga F,Levante UD,22,168,56,Right,2,1,,Women's Football,https://www.ea.com/games/ea-sports-fc/ratings/player-ratings/272020,77,74,75,81,34,78,35,33,8,9,56,10,11,12,25,10,11,15,15,9,10,57,40,69,11,33,17,15,11,20,12,48,18,34,22,77,74,75,78,81
1214,Ana Tejada,77,CB,,Spain,NWSL,Utah Royals FC,23,170,69,Right,2,2,"Block, Slide Tackle",Women's Football,https://www.ea.com/games/ea-sports-fc/ratings/player-ratings/272206,74,57,68,69,78,70,75,73,66,58,60,55,43,51,60,63,41,80,71,56,66,68,68,72,74,70,78,77,78,80,75,85,64,72,70,7,7,11,13,13
1214,Julie Thibaud,77,CB,,France,Barclays WSL,Leicester City,28,167,64,Right,2,2,"Block, Intercept, Aerial",Women's Football,https://www.ea.com/games/ea-sports-fc/ratings/player-ratings/258704,39,47,56,62,80,76,36,42,40,42,73,40,35,44,49,39,36,72,59,49,57,47,61,76,71,63,76,77,80,83,77,74,72,79,72,8,7,14,9,12
1214,Martha Thomas,77,ST,,Scotland,Barclays WSL,Spurs,30,170,62,Right,3,3,,Women's Football,https://www.ea.com/games/ea-sports-fc/ratings/player-ratings/265277,77,78,61,77,39,72,76,78,81,79,79,78,74,56,55,59,58,70,50,60,77,78,71,75,77,74,46,68,33,35,26,81,72,76,59,14,12,13,7,11
1214,Lilla Turányi,77,CB,,Hungary,GPFBL,Leverkusen,27,175,66,Left,3,2,"Power Header, Long Ball Pass, Anticipate",Women's Football,https://www.ea.com/games/ea-sports-fc/ratings/player-ratings/264924,35,55,65,62,78,82,33,37,31,58,72,42,32,62,62,50,64,76,72,39,57,56,73,73,68,70,78,77,78,79,77,76,79,86,77,11,13,11,10,10
1214,Riko Ueki,77,ST,,Japan,Barclays WSL,West Ham,26,162,53,Right,3,4,,Women's Football,https://www.ea.com/games/ea-sports-fc/ratings/player-ratings/248728,70,77,66,76,46,67,74,66,86,82,72,72,66,66,62,53,63,77,68,48,76,66,63,77,81,69,42,68,30,59,38,76,71,69,57,10,11,10,13,6
1214,Paola Ulloa,77,GK,,Spain,Liga F,Madrid CFF,29,164,60,Right,2,1,Deflector,Women's Football,https://www.ea.com/games/ea-sports-fc/ratings/player-ratings/272061,75,74,72,80,41,76,41,41,7,7,54,8,7,11,27,11,10,30,23,10,11,55,44,75,12,33,14,11,9,17,17,49,17,37,18,75,74,72,76,80
1214,Barbora Votíková,77,GK,,Czech Republic,Ceska Liga Žen,Slavia Praha,29,178,67,Right,2,1,Cross Claimer,Women's Football,https://www.ea.com/games/ea-sports-fc/ratings/player-ratings/265040,80,69,70,81,50,79,48,52,11,10,53,8,7,17,35,14,13,29,29,15,23,50,56,67,27,45,18,13,19,17,13,62,30,57,38,80,69,70,79,81
1214,Dani Weatherholt,77,CDM,CM,United States,NWSL,NC Courage,32,173,65,Right,3,3,"Bruiser, Aerial",Women's Football,https://www.ea.com/games/ea-sports-fc/ratings/player-ratings/267376,52,55,67,69,76,75,59,46,58,51,63,58,52,48,74,43,54,78,76,48,67,49,69,74,75,77,76,67,80,77,74,72,78,73,77,10,10,8,11,10
1520,Diana Bartovičová,76,CB,,Slovakia,Ceska Liga Žen,Slavia Praha,33,173,61,Right,3,2,Bruiser,Women's Football,https://www.ea.com/games/ea-sports-fc/ratings/player-ratings/275813,57,41,54,58,78,72,58,57,20,41,39,46,19,65,29,27,66,76,70,40,55,49,49,77,62,71,76,72,80,81,70,77,59,76,78,7,10,9,7,13
1520,Jen Beattie,76,CB,,Scotland,NWSL,Bay FC,35,177,67,Right,3,2,Aerial,Women's Football,https://www.ea.com/games/ea-sports-fc/ratings/player-ratings/245873,44,41,55,54,77,78,38,48,52,30,58,43,42,55,33,42,46,73,70,38,50,34,38,70,67,59,78,72,79,76,73,75,59,89,76,13,8,10,7,12
1520,Fiamma Benítez,76,CAM,CM,Spain,Liga F,Atlético de Madrid,21,167,58,Right,3,4,"Dead Ball, Press Proven",Women's Football,https://www.ea.com/games/ea-sports-fc/ratings/player-ratings/272094,77,69,73,79,58,72,80,75,70,77,60,65,62,55,75,67,60,79,75,63,80,79,76,71,80,70,62,55,52,65,50,76,84,72,55,7,15,12,12,13
1520,Camryn Biegalski,76,RB,,United States,NWSL,Chicago Stars FC,27,173,63,Right,3,3,,Women's Football,https://www.ea.com/games/ea-sports-fc/ratings/player-ratings/267251,63,48,68,69,76,64,67,60,51,47,50,53,38,42,58,75,47,75,66,66,68,63,57,74,74,73,73,76,79,75,78,76,75,61,56,12,12,9,12,10
1520,Celin Bizet,76,RM,"RW, ST",Norway,Barclays WSL,Manchester Utd,24,167,56,Right,3,4,"Whipped Pass, Rapid, Flair, Trivela",Women's Football,https://www.ea.com/games/ea-sports-fc/ratings/player-ratings/264896,84,70,70,77,37,67,85,83,72,72,69,68,62,63,70,76,47,75,60,63,78,81,81,69,77,71,36,31,37,41,30,64,69,67,65,12,11,12,14,14
1520,Jassina Blom,76,ST,,Belgium,Liga F,C. Adeje Tenerife,31,168,60,Left,3,2,,Women's Football,https://www.ea.com/games/ea-sports-fc/ratings/player-ratings/264671,73,76,63,75,24,65,74,72,80,80,73,69,77,66,62,61,55,72,52,61,74,73,79,70,77,70,19,81,16,18,16,87,58,74,46,11,10,11,11,10
1520,Rebecka Blomqvist,76,ST,CAM,Sweden,GPFBL,VfL Wolfsburg,28,167,58,Right,3,3,,Women's Football,https://www.ea.com/games/ea-sports-fc/ratings/player-ratings/264058,80,71,70,80,46,69,79,80,78,73,74,64,72,65,68,67,65,75,68,63,80,82,78,78,82,70,42,76,33,51,48,87,67,75,52,10,10,14,9,10
1520,Celeste Boureille,76,CM,"CDM, CB",United States,Arkema PL,Montpellier,32,175,60,Right,3,3,Press Proven,Women's Football,https://www.ea.com/games/ea-sports-fc/ratings/player-ratings/266947,70,69,71,74,70,69,68,72,71,69,71,74,54,55,75,57,51,79,75,59,76,65,55,73,78,68,75,67,65,76,64,72,78,69,58,10,11,13,9,6
1520,Sofia Cantore,76,RW,"ST, RM",Italy,Calcio A Femminile,Juventus,26,167,60,Right,3,3,Chip Shot,Women's Football,https://www.ea.com/games/ea-sports-fc/ratings/player-ratings/266996,77,76,70,76,37,66,76,77,76,80,73,73,71,62,72,71,58,78,57,46,77,70,65,70,80,69,27,67,30,42,34,76,63,68,60,7,15,13,7,11
1520,Gabrielle Carle,76,RB,LB,Canada,NWSL,Washington Spirit,27,168,55,Right,5,2,"Whipped Pass, Block, Intercept, Long Throw",Women's Football,https://www.ea.com/games/ea-sports-fc/ratings/player-ratings/247725,74,49,66,67,74,66,75,73,42,46,51,58,48,44,55,71,49,72,63,68,66,61,65,73,72,60,74,68,77,74,74,73,76,61,63,13,8,15,14,11
1520,Kerstin Casparij,76,RB,RM,Holland,Barclays WSL,Manchester City,25,169,57,Right,4,3,"Jockey, Anticipate",Women's Football,https://www.ea.com/games/ea-sports-fc/ratings/player-ratings/264875,76,56,70,73,74,60,76,76,57,63,57,45,43,47,58,75,47,79,70,66,74,74,68,71,74,60,76,59,73,79,75,69,64,58,60,9,13,10,12,6
1520,Mariana Cerro,76,CDM,CM,Spain,Liga F,Athletic Club,26,170,59,Right,3,2,"Block, Intercept",Women's Football,https://www.ea.com/games/ea-sports-fc/ratings/player-ratings/272131,70,62,69,63,75,73,72,69,65,60,65,63,59,55,72,60,45,77,72,55,50,73,72,65,77,68,75,55,77,80,74,70,77,69,80,10,8,12,14,13
1520,Allysha Chapman,76,LB,CB,Canada,NWSL,Houston Dash,37,160,57,Left,3,2,,Women's Football,https://www.ea.com/games/ea-sports-fc/ratings/player-ratings/227384,73,51,62,74,76,75,76,70,45,46,56,59,54,47,40,70,53,70,61,70,71,71,86,70,77,78,75,76,77,75,76,85,75,71,84,10,16,12,17,11
1520,Laia Codina,76,CB,,Spain,Barclays WSL,Arsenal,26,170,63,Right,2,2,Slide Tackle,Women's Football,https://www.ea.com/games/ea-sports-fc/ratings/player-ratings/266949,48,42,65,66,79,67,45,50,34,43,43,44,39,41,60,55,40,80,66,40,60,57,52,75,80,67,75,69,80,84,81,63,66,62,81,6,8,10,13,8
1520,Kay-Lee de Sanders,76,CB,,Holland,Nederland Vrouwen Liga,Ajax,28,181,66,Right,2,2,"Power Header, Pinged Pass, Anticipate",Women's Football,https://www.ea.com/games/ea-sports-fc/ratings/player-ratings/275948,65,48,55,55,77,74,65,65,30,48,57,45,25,60,38,29,43,76,70,37,46,62,65,70,60,64,73,81,79,78,73,85,69,76,74,12,9,10,6,6
1520,Celina Degen,76,CB,CDM,Austria,GPFBL,1. FC Köln,25,176,64,Right,2,2,"Power Header, Intercept",Women's Football,https://www.ea.com/games/ea-sports-fc/ratings/player-ratings/264985,56,51,62,63,77,73,42,68,36,48,67,49,32,64,57,48,46,74,64,63,60,51,59,80,68,66,77,79,79,75,76,76,58,79,74,7,7,13,10,11
1520,Ane Elexpuru,76,RB,RM,Spain,Liga F,Athletic Club,23,160,55,Right,2,4,"Finesse Shot, Technical, First Touch",Women's Football,https://www.ea.com/games/ea-sports-fc/ratings/player-ratings/272125,84,68,73,76,73,61,85,84,69,70,68,69,69,50,70,80,65,75,68,71,75,84,78,60,80,67,72,61,70,80,71,76,67,63,45,10,13,12,12,6
1520,Claire Emslie,76,RW,"LW, RM",Scotland,NWSL,Angel City FC,32,170,66,Right,4,4,"Finesse Shot, Dead Ball, Whipped Pass, First Touch",Women's Football,https://www.ea.com/games/ea-sports-fc/ratings/player-ratings/243403,77,73,76,76,45,68,78,76,72,76,74,70,60,70,70,81,77,78,73,78,79,65,76,75,77,73,47,55,42,44,42,77,79,76,32,13,7,7,6,8
1520,Vivien Endemann,76,RW,RM,Germany,GPFBL,VfL Wolfsburg,24,171,63,Right,4,3,Block,Women's Football,https://www.ea.com/games/ea-sports-fc/ratings/player-ratings/265055,83,71,69,75,43,66,77,87,79,73,69,68,72,55,70,72,69,74,51,69,75,80,71,78,76,69,48,69,30,41,55,70,62,69,60,10,9,6,6,8
1520,Mélissa Gomes,76,ST,,Portugal,Arkema PL,Stade de Reims,32,167,60,Right,4,3,"Flair, Press Proven",Women's Football,https://www.ea.com/games/ea-sports-fc/ratings/player-ratings/267673,77,76,71,79,43,67,83,72,77,75,77,78,69,72,70,65,70,77,64,72,80,85,76,75,78,80,34,73,39,45,34,82,70,64,67,12,14,14,11,11
1520,Grace Fisk,76,CB,RB,England,Barclays WSL,Liverpool,28,172,59,Right,3,2,Block,Women's Football,https://www.ea.com/games/ea-sports-fc/ratings/player-ratings/265301,49,43,66,63,79,71,43,54,46,31,64,45,46,50,56,60,42,76,73,61,56,50,66,71,73,73,85,74,80,78,76,68,69,69,79,7,15,13,11,11
1520,Gabrielle George,76,CB,LB,England,Barclays WSL,Manchester Utd,29,171,70,Left,3,3,,Women's Football,https://www.ea.com/games/ea-sports-fc/ratings/player-ratings/266551,49,57,68,66,76,80,49,49,50,56,66,59,38,49,57,72,44,74,73,69,64,46,49,72,74,78,86,76,79,69,68,80,66,85,84,5,5,7,10,12
1520,Sarah Gorden,76,CB,,United States,NWSL,Angel City FC,33,163,58,Right,2,2,Long Ball Pass,Women's Football,https://www.ea.com/games/ea-sports-fc/ratings/player-ratings/267367,80,54,56,66,78,74,76,83,45,41,75,73,33,41,37,38,67,75,61,41,60,67,81,75,71,68,77,69,82,80,73,82,69,77,71,8,10,9,15,10
1520,Franziska Harsch,76,CM,CDM,Germany,GPFBL,TSG Hoffenheim,28,182,70,Right,2,3,"Relentless, Aerial",Women's Football,https://www.ea.com/games/ea-sports-fc/ratings/player-ratings/264988,67,64,70,72,72,74,73,62,75,59,69,71,55,64,76,51,69,76,77,66,72,71,68,80,73,70,79,65,64,78,66,76,80,71,73,13,9,5,10,7
1520,Sam Hiatt,76,CB,,United States,NWSL,Gotham FC,28,177,66,Right,2,2,Long Ball Pass,Women's Football,https://www.ea.com/games/ea-sports-fc/ratings/player-ratings/267203,65,39,59,63,78,71,62,67,43,37,43,41,35,39,60,41,40,71,66,47,59,61,60,75,68,69,78,77,80,79,74,80,64,74,70,11,9,15,5,13
1520,Julia Hickelsberger,76,RW,RM,Austria,GPFBL,TSG Hoffenheim,26,171,61,Right,3,3,Technical,Women's Football,https://www.ea.com/games/ea-sports-fc/ratings/player-ratings/272337,82,67,75,74,44,56,79,85,78,66,69,68,62,60,76,79,65,79,66,62,75,72,42,75,80,65,43,53,41,50,27,67,50,57,59,7,14,10,15,5
1520,Jordyn Huitema,76,ST,,Canada,NWSL,Seattle Reign,25,181,70,Right,3,4,"Power Header, Technical, Aerial",Women's Football,https://www.ea.com/games/ea-sports-fc/ratings/player-ratings/247512,77,75,66,72,41,60,78,77,82,79,71,69,68,70,66,58,63,74,65,55,71,77,32,75,79,69,37,75,38,38,37,84,50,72,37,6,12,11,7,10
1520,Estelle Johnson,76,CB,,Cameroon,NWSL,NC Courage,37,168,57,Right,3,2,,Women's Football,https://www.ea.com/games/ea-sports-fc/ratings/player-ratings/248827,65,39,54,59,78,67,61,69,46,37,41,40,35,39,53,34,34,68,61,37,58,33,47,75,67,75,77,69,80,80,77,76,33,79,75,13,6,9,13,8
1520,Lou-Ann Joly,76,CDM,CM,France,GPFBL,RB Leipzig,24,168,58,Right,2,3,"Intercept, Anticipate",Women's Football,https://www.ea.com/games/ea-sports-fc/ratings/player-ratings/265896,37,56,71,70,73,72,34,40,59,58,55,56,53,50,72,69,43,75,72,69,67,64,78,76,73,67,78,53,74,77,72,57,75,72,73,12,11,7,11,9
1520,Johanna Kaneryd,76,RM,"CM, RW",Sweden,Barclays WSL,Chelsea,29,163,58,Right,3,3,"Technical, Flair, Quick Step",Women's Football,https://www.ea.com/games/ea-sports-fc/ratings/player-ratings/241491,82,69,70,79,48,64,80,84,67,71,70,67,61,62,72,72,56,72,61,71,83,70,69,70,81,65,35,50,56,50,44,68,76,60,58,12,9,15,7,9
1520,Léa Khelifi,76,CAM,"CM, ST",France,Arkema PL,Montpellier,27,171,63,Left,2,4,"Incisive Pass, Technical, Flair, Trickster, Trivela",Women's Football,https://www.ea.com/games/ea-sports-fc/ratings/player-ratings/264904,79,68,74,80,65,66,86,73,75,68,72,67,62,62,77,68,74,77,71,72,82,81,69,66,82,75,69,55,61,69,62,75,69,64,63,11,10,13,11,12
1520,CeCe Kizer,76,LM,"ST, LW",United States,NWSL,Gotham FC,28,173,57,Right,4,3,"Incisive Pass, Press Proven",Women's Football,https://www.ea.com/games/ea-sports-fc/ratings/player-ratings/267320,74,73,73,76,45,63,74,74,76,75,68,74,65,69,75,66,67,77,74,61,77,75,48,77,79,74,47,51,42,45,39,64,80,57,55,11,8,6,9,13
1520,Landaluze,76,CB,RB,Spain,Liga F,Athletic Club,25,170,57,Right,2,2,Aerial,Women's Football,https://www.ea.com/games/ea-sports-fc/ratings/player-ratings/272119,64,33,65,61,78,71,66,63,43,30,35,32,37,45,51,66,36,80,62,47,52,69,59,62,70,71,80,80,74,80,77,84,69,76,60,10,12,9,13,6
1520,Margaux Le Mouël,76,CDM,CM,France,Arkema PL,Paris FC,24,168,61,Right,3,3,,Women's Football,https://www.ea.com/games/ea-sports-fc/ratings/player-ratings/267653,67,63,71,75,71,65,70,65,73,61,61,72,52,60,77,51,51,80,77,60,77,63,59,72,80,65,74,55,72,74,72,64,85,58,58,7,13,15,12,6
1520,Adriana,76,LM,"RM, LW",Brazil,NWSL,Orlando Pride,29,165,54,Right,3,3,"Finesse Shot, Anticipate, Flair, Press Proven",Women's Football,https://www.ea.com/games/ea-sports-fc/ratings/player-ratings/248219,77,76,73,75,35,66,77,77,76,78,75,76,69,67,72,73,70,76,72,70,77,73,84,73,73,69,27,71,38,28,22,83,67,72,45,7,6,13,8,8
1520,Justine Lerond,76,GK,,France,Arkema PL,Montpellier,26,169,74,Right,2,1,"Far Throw, Far Reach",Women's Football,https://www.ea.com/games/ea-sports-fc/ratings/player-ratings/269959,75,75,67,79,41,74,40,42,11,11,50,10,9,19,31,13,14,26,21,16,13,38,45,73,17,41,13,12,15,14,11,63,32,68,29,75,75,67,74,79
1520,Li Mengwen,76,RB,LB,China PR,Barclays WSL,Brighton,31,166,56,Right,3,2,,Women's Football,https://www.ea.com/games/ea-sports-fc/ratings/player-ratings/247116,57,55,72,67,78,63,57,57,66,59,49,58,39,44,67,75,48,78,75,52,62,61,71,76,74,64,78,76,76,80,79,74,66,64,52,9,7,14,5,11
1520,Kethna Louis,76,LB,RW,Haiti,Arkema PL,Montpellier,29,170,68,Left,2,3,"Rapid, Long Throw",Women's Football,https://www.ea.com/games/ea-sports-fc/ratings/player-ratings/265894,87,70,67,78,72,81,85,89,75,71,71,72,67,47,67,68,47,72,61,65,78,82,68,75,79,70,75,64,72,71,74,88,70,88,75,15,12,10,15,7
1520,Sylwia Matysik,76,RB,CB,Poland,GPFBL,1. FC Köln,29,172,62,Right,3,2,"Jockey, Anticipate",Women's Football,https://www.ea.com/games/ea-sports-fc/ratings/player-ratings/264930,66,57,66,63,78,73,60,70,38,54,70,55,55,58,59,69,64,75,50,62,59,59,68,76,68,66,78,74,79,80,76,77,73,72,74,7,5,13,12,14
1520,Haley McCutcheon,76,RB,"CDM, CM",United States,NWSL,Orlando Pride,30,168,56,Right,3,3,Block,Women's Football,https://www.ea.com/games/ea-sports-fc/ratings/player-ratings/243262,62,54,70,70,75,66,63,62,58,43,70,67,39,47,56,74,60,79,68,67,70,56,71,71,76,68,74,65,75,78,79,69,79,64,56,16,16,8,7,14
1520,Falone Meffometou,76,LB,RB,Cameroon,Arkema PL,FC Fleury 91,35,163,64,Right,4,3,"Press Proven, Long Throw",Women's Football,https://www.ea.com/games/ea-sports-fc/ratings/player-ratings/246568,65,56,67,72,77,74,69,61,60,52,59,65,42,53,55,71,47,76,66,61,73,73,76,75,70,72,80,72,78,76,78,81,70,77,69,9,12,9,14,12
1520,Jacqueline Meißner,76,CB,LB,Germany,GPFBL,SGS Essen,32,168,60,Right,2,2,"Long Ball Pass, Anticipate",Women's Football,https://www.ea.com/games/ea-sports-fc/ratings/player-ratings/265039,64,54,69,68,78,69,60,67,55,53,64,50,45,55,64,63,51,74,77,63,60,72,87,76,75,69,78,73,81,76,79,74,67,69,71,5,12,11,9,11
1520,Emily Menges,76,CB,,United States,NWSL,Bay FC,33,170,57,Right,2,2,,Women's Football,https://www.ea.com/games/ea-sports-fc/ratings/player-ratings/267222,56,42,59,67,80,71,58,55,44,44,42,40,36,41,55,49,31,70,62,48,64,58,50,74,73,78,80,76,83,79,74,79,68,75,62,7,8,13,11,5
1520,Yuka Momiki,76,RM,"CM, RW",Japan,Barclays WSL,Leicester City,30,153,49,Left,4,3,,Women's Football,https://www.ea.com/games/ea-sports-fc/ratings/player-ratings/245834,78,74,70,77,45,56,77,79,78,77,73,68,75,60,75,70,65,68,73,68,80,65,89,65,76,75,50,60,57,30,28,70,78,57,24,6,7,8,12,13
1520,Olivia Moultrie,76,CM,LM,United States,NWSL,Portland Thorns,20,170,60,Right,3,4,Incisive Pass,Women's Football,https://www.ea.com/games/ea-sports-fc/ratings/player-ratings/267223,68,74,75,75,66,56,69,67,76,78,70,73,59,65,75,71,67,79,75,69,77,64,69,76,76,68,73,53,64,70,59,53,76,43,62,8,8,15,14,13
1520,Maelys Mpome,76,CB,RB,France,Barclays WSL,Chelsea,23,180,69,Right,3,2,,Women's Football,https://www.ea.com/games/ea-sports-fc/ratings/player-ratings/265850,72,37,64,65,76,79,69,74,41,33,53,31,35,36,52,56,32,80,69,56,65,59,34,73,69,75,71,75,75,81,72,84,69,83,78,14,8,7,7,12
1520,Jessica Naz,76,ST,"CAM, LM",England,Barclays WSL,Spurs,25,165,54,Right,4,3,Rapid,Women's Football,https://www.ea.com/games/ea-sports-fc/ratings/player-ratings/265258,82,74,66,82,43,66,84,81,82,74,78,73,74,60,68,60,51,77,52,67,85,79,77,71,83,75,47,65,41,39,29,78,71,66,58,6,11,11,13,14
1520,Nadine Noordam,76,CM,RB,Holland,Nederland Vrouwen Liga,Ajax,27,166,57,Right,3,3,"Incisive Pass, Long Ball Pass, First Touch",Women's Football,https://www.ea.com/games/ea-sports-fc/ratings/player-ratings/275969,69,64,68,72,54,71,71,67,78,68,59,62,40,59,75,40,57,80,78,42,73,64,65,73,77,63,78,41,30,68,44,62,77,70,67,10,13,7,7,11
1520,Selina Ostermeier,76,CB,RB,Germany,GPFBL,Leverkusen,27,177,61,Right,3,2,"Power Header, Long Ball Pass",Women's Football,https://www.ea.com/games/ea-sports-fc/ratings/player-ratings/265052,39,50,61,66,77,75,37,40,39,52,59,39,29,64,60,31,39,78,70,53,67,62,72,73,65,64,76,79,78,78,75,75,63,80,77,12,8,11,6,13
1520,Célina Ould Hocine,76,CB,CDM,France,Arkema PL,Paris FC,24,167,55,Right,3,3,,Women's Football,https://www.ea.com/games/ea-sports-fc/ratings/player-ratings/264959,65,53,64,67,77,71,62,68,39,57,54,53,38,41,42,68,38,77,65,68,65,46,67,74,76,66,77,70,79,79,76,74,64,72,75,11,11,12,12,12
1520,Ella Palis,76,CM,CDM,France,Arkema PL,Montpellier,27,164,56,Right,3,3,"Power Shot, Anticipate, Press Proven",Women's Football,https://www.ea.com/games/ea-sports-fc/ratings/player-ratings/265859,65,69,71,73,75,75,63,67,71,67,79,72,51,51,71,56,52,80,78,60,73,75,77,76,72,74,81,55,76,79,69,68,90,71,67,11,8,7,5,15
1520,Anja Pfluger,76,CM,CDM,Germany,GPFBL,SGS Essen,32,162,57,Right,3,3,"Incisive Pass, Intercept, Technical, Relentless",Women's Football,https://www.ea.com/games/ea-sports-fc/ratings/player-ratings/265085,35,65,75,74,72,67,34,36,77,66,59,66,63,63,79,67,66,79,76,67,76,63,65,74,78,70,76,51,76,72,70,54,71,66,68,14,11,13,7,9
1520,Seraina Piubel,76,CAM,"ST, RM",Switzerland,Barclays WSL,West Ham,25,168,60,Right,3,3,"Technical, Relentless",Women's Football,https://www.ea.com/games/ea-sports-fc/ratings/player-ratings/273404,67,70,73,76,43,56,68,66,76,75,65,72,45,60,75,73,50,79,73,48,79,63,58,72,81,60,32,44,27,65,45,56,51,58,55,11,13,9,8,9
1520,Macarena Portales,76,LW,"RW, LM",Spain,Liga F,Badalona Women,27,162,54,Right,4,4,"Technical, Quick Step",Women's Football,https://www.ea.com/games/ea-sports-fc/ratings/player-ratings/272099,82,74,70,79,41,72,83,81,80,73,75,75,65,69,70,65,69,75,65,72,80,89,75,70,77,70,40,55,35,45,35,75,79,69,70,14,10,13,14,6
1520,Julie Rabanne,76,RB,"RM, LM",France,Arkema PL,FC Nantes,37,153,57,Right,4,3,"Long Ball Pass, Whipped Pass, Technical, Flair, Long Throw",Women's Football,https://www.ea.com/games/ea-sports-fc/ratings/player-ratings/265952,72,73,76,74,73,72,70,74,77,72,76,75,60,67,75,76,73,78,74,66,75,68,65,73,76,75,72,73,71,76,70,82,75,77,55,11,9,8,12,6
1520,Katelyn Rowland,76,GK,,United States,NWSL,Bay FC,32,180,64,Right,2,1,"Cross Claimer, Far Reach",Women's Football,https://www.ea.com/games/ea-sports-fc/ratings/player-ratings/267244,76,76,73,76,35,77,39,30,11,11,55,14,6,25,34,8,9,28,25,9,12,46,54,70,16,38,8,11,13,15,13,63,38,68,17,76,76,73,77,76
1520,Elin Rubensson,76,CDM,"CM, RB",Sweden,NWSL,Houston Dash,33,166,60,Right,3,3,,Women's Football,https://www.ea.com/games/ea-sports-fc/ratings/player-ratings/226988,85,62,70,78,76,67,83,87,70,70,47,53,50,86,73,60,57,76,75,60,76,87,89,74,78,78,72,64,80,78,79,74,79,56,77,15,12,10,8,9
1520,Abby Smith,76,GK,,United States,NWSL,Gotham FC,32,173,66,Right,2,1,1v1 Close Down,Women's Football,https://www.ea.com/games/ea-sports-fc/ratings/player-ratings/243771,75,76,71,77,39,76,33,47,11,7,53,11,10,12,38,16,12,21,21,14,11,36,46,70,15,47,8,15,10,16,13,47,24,34,19,75,76,71,76,77
1520,Alice Sombath,76,RB,CB,France,Arkema PL,OL Lyonnes,22,167,60,Right,3,3,,Women's Football,https://www.ea.com/games/ea-sports-fc/ratings/player-ratings/265092,69,37,65,65,78,69,66,72,53,33,49,31,33,32,48,70,29,77,63,66,59,66,63,76,73,65,75,75,78,80,76,77,63,70,70,6,13,11,10,5
1520,Jasmyne Spencer,76,RB,LB,United States,NWSL,Angel City FC,35,155,60,Right,3,3,,Women's Football,https://www.ea.com/games/ea-sports-fc/ratings/player-ratings/267373,82,56,70,75,72,79,84,80,64,47,72,60,58,43,64,74,56,75,69,66,72,79,90,76,75,81,79,55,78,68,73,84,68,87,71,12,12,9,12,14
1520,Becky Spencer,76,GK,,Jamaica,Barclays WSL,Spurs,35,167,57,Right,2,1,"Far Throw, Deflector",Women's Football,https://www.ea.com/games/ea-sports-fc/ratings/player-ratings/265254,76,76,67,71,43,79,42,45,9,16,50,13,12,24,57,18,17,31,35,15,19,32,51,73,26,58,11,9,10,15,15,62,25,65,22,76,76,67,79,71
1520,Greta Stegemann,76,CB,,Germany,GPFBL,SC Freiburg,25,171,64,Right,2,2,"Power Header, Long Ball Pass",Women's Football,https://www.ea.com/games/ea-sports-fc/ratings/player-ratings/265060,53,49,65,64,76,78,40,63,40,44,70,44,32,60,61,45,64,78,69,50,62,45,78,71,68,68,75,80,77,76,75,78,70,82,76,13,13,11,6,15
1520,Samantha Steuerwald,76,CB,CM,Germany,GPFBL,SC Freiburg,27,173,63,Right,2,2,"Long Ball Pass, Intercept, Bruiser, Long Throw",Women's Football,https://www.ea.com/games/ea-sports-fc/ratings/player-ratings/265079,55,50,63,65,76,79,43,65,32,50,64,43,41,57,50,53,36,78,68,54,61,59,72,69,69,71,74,77,75,79,76,78,73,82,79,13,10,11,13,9
1520,Esther Sullastres,76,GK,,Spain,Liga F,Sevilla FC,33,175,58,Right,3,1,Far Throw,Women's Football,https://www.ea.com/games/ea-sports-fc/ratings/player-ratings/228630,77,72,74,75,48,78,50,46,11,17,56,14,17,28,22,12,14,22,20,12,20,58,65,69,21,21,18,13,29,15,16,58,41,49,17,77,72,74,78,75
1520,Eveliina Summanen,76,CM,CDM,Finland,Barclays WSL,Spurs,28,172,65,Right,3,3,"Incisive Pass, Bruiser, Aerial",Women's Football,https://www.ea.com/games/ea-sports-fc/ratings/player-ratings/266598,48,67,73,74,74,81,39,55,76,65,78,68,47,56,73,64,46,82,76,67,75,65,76,70,75,73,72,70,69,82,70,72,80,86,73,15,8,12,6,6
1520,Elisabeth Terland,76,ST,,Norway,Barclays WSL,Manchester Utd,24,171,63,Right,4,3,,Women's Football,https://www.ea.com/games/ea-sports-fc/ratings/player-ratings/266254,78,77,70,76,35,69,77,78,74,80,77,76,70,65,71,69,52,74,67,61,77,76,72,74,75,69,24,74,25,40,37,83,71,71,59,14,13,10,12,11
1520,Lindsey Thomas,76,ST,RW,France,Calcio A Femminile,Juventus,31,171,57,Right,3,3,"Rapid, Quick Step",Women's Football,https://www.ea.com/games/ea-sports-fc/ratings/player-ratings/266962,90,75,67,74,42,67,88,92,78,76,71,76,71,70,67,61,63,74,61,57,75,66,66,74,76,69,35,78,36,42,34,88,70,68,55,13,7,9,6,12
1520,Aïssatou Tounkara,76,CB,,France,Arkema PL,Paris SG,31,174,60,Right,2,2,,Women's Football,https://www.ea.com/games/ea-sports-fc/ratings/player-ratings/236648,64,35,56,62,78,77,67,62,35,32,43,31,36,41,37,42,30,75,74,33,59,52,64,73,66,76,74,73,80,81,76,83,70,81,73,16,8,9,13,10
1520,Aïssata Traoré,76,LM,"ST, LW",Mali,Arkema PL,FC Fleury 91,28,172,59,Right,3,3,"Technical, Quick Step, Relentless, Aerial",Women's Football,https://www.ea.com/games/ea-sports-fc/ratings/player-ratings/267660,82,73,70,77,42,75,79,84,78,76,68,72,64,69,76,69,58,73,61,64,76,85,70,75,77,77,35,81,43,36,32,89,77,72,75,13,9,9,6,9
1520,Danielle Turner,76,CB,LB,England,Barclays WSL,Aston Villa,34,170,58,Left,3,2,Long Ball Pass,Women's Football,https://www.ea.com/games/ea-sports-fc/ratings/player-ratings/265332,63,51,71,65,77,73,59,67,54,46,60,52,48,52,58,72,69,78,71,65,59,65,60,75,73,58,76,76,79,77,76,76,79,67,78,12,13,13,7,14
1520,Ashleigh Weerden,76,LW,"LB, LM",Holland,Barclays WSL,Crystal Palace,26,152,50,Left,3,4,"Jockey, Technical, Flair, Trivela",Women's Football,https://www.ea.com/games/ea-sports-fc/ratings/player-ratings/247792,81,72,68,80,34,64,83,79,79,73,72,69,65,72,69,71,60,69,62,65,81,84,93,69,79,72,40,56,38,24,22,74,74,64,49,7,11,14,5,6
1520,Jessica Wik,76,RB,CB,Sweden,Sverige Liga,FC Rosengård,34,166,62,Right,3,3,"Block, Bruiser",Women's Football,https://www.ea.com/games/ea-sports-fc/ratings/player-ratings/226976,76,33,66,64,72,76,77,75,45,30,39,27,25,54,60,76,50,70,55,65,58,80,75,75,63,74,69,68,71,77,74,77,85,69,81,10,10,14,11,13
1520,Rachel Williams,76,ST,,England,Barclays WSL,Manchester Utd,38,169,68,Right,3,3,,Women's Football,https://www.ea.com/games/ea-sports-fc/ratings/player-ratings/265263,63,77,64,74,45,72,61,64,85,76,80,75,79,63,65,54,56,76,53,61,76,56,65,69,78,75,42,78,39,45,34,80,70,73,70,6,9,10,13,15
1520,Lynn Wilms,76,RB,LB,Holland,GPFBL,VfL Wolfsburg,25,176,68,Right,3,2,"Incisive Pass, Long Ball Pass, Anticipate, Aerial",Women's Football,https://www.ea.com/games/ea-sports-fc/ratings/player-ratings/253417,75,51,70,70,73,73,76,74,67,45,61,54,50,42,63,77,53,72,70,68,65,73,69,72,75,70,78,58,73,73,75,75,77,72,70,7,10,13,15,11
1520,Juliane Wirtz,76,CM,CAM,Germany,GPFBL,SV Werder Bremen,24,173,61,Right,3,3,Relentless,Women's Football,https://www.ea.com/games/ea-sports-fc/ratings/player-ratings/264921,46,68,71,71,72,72,43,49,76,69,61,73,58,60,78,55,61,78,77,59,72,65,71,76,72,67,78,58,68,79,64,63,73,72,71,8,14,14,6,6
1881,Angelina,75,CAM,CDM,Brazil,NWSL,Orlando Pride,26,164,58,Right,4,4,,Women's Football,https://www.ea.com/games/ea-sports-fc/ratings/player-ratings/267199,72,68,74,78,48,65,73,72,73,63,74,72,71,58,72,74,65,77,75,72,78,77,82,79,79,69,48,57,48,45,46,67,74,59,68,10,13,7,9,9
1881,Arene Altonaga,75,CM,,Spain,Liga F,SD Eibar,33,159,53,Right,2,2,,Women's Football,https://www.ea.com/games/ea-sports-fc/ratings/player-ratings/275581,63,57,65,71,74,68,60,65,71,52,65,61,37,51,77,37,44,77,74,45,70,56,67,81,75,77,77,50,70,82,77,61,76,64,71,9,8,15,7,9
1881,Carla Armengol,75,RM,"ST, RW",Spain,Liga F,Real Betis,28,164,53,Right,3,4,Technical,Women's Football,https://www.ea.com/games/ea-sports-fc/ratings/player-ratings/272259,80,72,75,73,56,65,81,79,71,75,69,77,59,55,71,70,79,81,70,74,74,79,69,69,72,66,60,69,55,55,40,79,69,68,50,12,11,7,6,10
1881,Jordan Baggett,75,CM,CAM,United States,NWSL,Rac. Louisville,29,168,59,Right,3,3,,Women's Football,https://www.ea.com/games/ea-sports-fc/ratings/player-ratings/267505,77,72,71,75,55,56,78,76,81,74,68,75,45,68,78,53,67,79,77,47,76,68,73,77,78,68,64,52,42,68,44,66,59,55,53,7,9,12,14,13
1881,Jill Baijings,75,CAM,CM,Holland,Barclays WSL,Aston Villa,25,168,58,Left,4,3,"Finesse Shot, Whipped Pass, Technical",Women's Football,https://www.ea.com/games/ea-sports-fc/ratings/player-ratings/264876,68,73,73,77,64,64,64,72,74,73,67,82,67,64,75,74,66,74,67,70,79,72,78,71,77,65,71,53,59,68,62,63,71,64,56,14,12,12,8,14
1881,Nicole Barnhart,75,GK,,United States,NWSL,Washington Spirit,44,178,68,Right,2,1,,Women's Football,https://www.ea.com/games/ea-sports-fc/ratings/player-ratings/226339,71,80,78,65,35,81,37,31,10,17,59,12,10,40,36,15,13,21,27,12,11,44,57,67,15,46,17,14,15,17,18,49,28,41,19,71,80,78,81,65
1881,Inès Benyahia,75,ST,CM,France,Arkema PL,OL Lyonnes,23,175,63,Right,3,3,Incisive Pass,Women's Football,https://www.ea.com/games/ea-sports-fc/ratings/player-ratings/264944,72,74,73,76,63,68,72,72,77,75,73,72,68,70,74,69,69,76,69,72,77,73,64,75,79,73,69,72,48,72,62,81,70,73,48,13,7,12,11,9
1881,Klára Cahynová,75,CDM,CM,Czech Republic,Liga F,Real Sociedad,32,178,66,Right,2,2,"Anticipate, Aerial",Women's Football,https://www.ea.com/games/ea-sports-fc/ratings/player-ratings/272054,54,37,70,62,76,77,55,54,45,35,35,40,37,50,55,75,39,80,75,62,50,68,62,60,77,75,77,84,75,77,70,86,71,82,70,9,6,8,7,7
1881,Mickaëlla Cardia,75,LM,"RM, LW",France,Arkema PL,Havre AC,26,160,55,Left,3,4,"Technical, Flair, Trickster, Quick Step, Trivela",Women's Football,https://www.ea.com/games/ea-sports-fc/ratings/player-ratings/265865,81,69,70,81,42,62,83,79,72,67,73,72,62,62,69,65,59,75,65,88,80,92,84,72,82,73,41,58,43,40,35,74,66,63,53,6,7,11,11,5
1881,Marta Carro,75,CDM,CB,Spain,Liga F,Valencia CF,35,177,68,Right,3,2,Block,Women's Football,https://www.ea.com/games/ea-sports-fc/ratings/player-ratings/242795,66,67,62,69,75,76,63,69,75,69,72,70,31,51,70,31,59,78,70,27,65,76,68,65,74,65,75,72,75,77,71,79,81,76,70,9,9,15,8,13
1881,Estelle Cascarino,75,CB,LB,France,Calcio A Femminile,Juventus,29,161,52,Left,2,2,,Women's Football,https://www.ea.com/games/ea-sports-fc/ratings/player-ratings/256094,67,40,65,64,77,70,66,68,40,36,55,33,39,46,50,67,31,75,70,58,59,58,67,72,70,67,77,72,75,79,77,76,66,70,73,6,11,14,7,13
1881,Janice Cayman,75,RB,RM,Belgium,Barclays WSL,Leicester City,37,167,61,Right,4,3,Whipped Pass,Women's Football,https://www.ea.com/games/ea-sports-fc/ratings/player-ratings/261785,56,75,78,79,75,68,53,59,81,71,77,79,72,77,79,78,78,81,69,74,80,76,68,78,81,80,76,74,75,75,72,74,62,72,66,10,14,13,12,8
1881,Simone Charley,75,ST,RM,United States,NWSL,Orlando Pride,31,173,64,Right,3,3,,Women's Football,https://www.ea.com/games/ea-sports-fc/ratings/player-ratings/267365,75,75,70,71,43,71,76,74,75,76,74,75,74,65,69,61,69,79,68,58,70,61,55,75,76,77,42,79,37,38,37,85,71,69,71,14,8,5,10,9
1881,Kyra Cooney-Cross,75,CDM,CM,Australia,Barclays WSL,Arsenal,24,164,58,Right,3,3,,Women's Football,https://www.ea.com/games/ea-sports-fc/ratings/player-ratings/262866,75,74,74,74,69,70,73,76,79,74,71,76,74,66,77,63,68,78,79,72,71,77,83,77,76,72,74,53,74,67,64,68,82,66,66,13,10,12,9,5
1881,Deja Davis,75,CB,,United States,Arkema PL,Paris FC,30,173,69,Right,3,2,"Block, Intercept",Women's Football,https://www.ea.com/games/ea-sports-fc/ratings/player-ratings/269208,50,49,52,62,76,81,64,38,43,46,63,39,38,70,44,41,36,64,59,45,65,34,52,72,68,63,76,79,75,78,73,87,78,86,71,7,10,6,6,9
1881,María De Alharilla,75,RB,,Spain,Liga F,Levante UD,35,164,51,Right,3,3,"Slide Tackle, Bruiser",Women's Football,https://www.ea.com/games/ea-sports-fc/ratings/player-ratings/272014,53,53,72,73,77,77,52,54,69,50,62,47,40,71,59,80,62,76,74,69,72,69,81,77,75,72,82,71,81,75,70,76,70,80,80,11,7,6,14,11
1881,Léa Declercq,75,CDM,"CM, CAM",France,Arkema PL,Dijon FCO,31,168,62,Right,3,3,Long Ball Pass,Women's Football,https://www.ea.com/games/ea-sports-fc/ratings/player-ratings/265878,65,69,74,74,72,73,61,68,64,69,71,73,55,67,69,72,81,78,73,68,74,69,78,69,76,72,74,51,74,76,70,66,80,72,70,9,8,12,13,10
1881,Meggie Dougherty Howard,75,CM,CDM,United States,NWSL,Angel City FC,30,165,57,Right,3,3,,Women's Football,https://www.ea.com/games/ea-sports-fc/ratings/player-ratings/267298,64,63,66,74,73,73,65,63,68,65,57,67,55,62,70,42,51,79,76,48,75,61,75,73,78,72,76,61,76,72,68,70,79,70,75,14,6,12,15,12
1881,Gemma Evans,75,CB,,Wales,Barclays WSL,Liverpool,29,170,59,Left,3,2,Long Ball Pass,Women's Football,https://www.ea.com/games/ea-sports-fc/ratings/player-ratings/265350,40,47,60,62,77,75,33,45,54,41,63,45,42,47,56,40,52,70,72,52,58,53,67,70,65,77,80,76,78,76,74,71,78,74,77,10,11,10,10,14
1881,Hélène Fercocq,75,CB,CDM,France,Arkema PL,En Avant Guingamp,27,176,60,Right,3,2,Long Ball Pass,Women's Football,https://www.ea.com/games/ea-sports-fc/ratings/player-ratings/265875,53,47,65,64,77,76,36,67,49,44,57,48,38,45,64,47,44,76,74,55,62,63,51,73,69,66,75,76,77,78,76,72,81,75,73,8,13,10,14,11
1881,Charlotte Fernandes,75,RB,,France,Arkema PL,FC Fleury 91,33,167,56,Right,3,3,Slide Tackle,Women's Football,https://www.ea.com/games/ea-sports-fc/ratings/player-ratings/265833,60,53,68,68,73,67,56,64,57,47,71,49,43,52,59,75,46,76,59,65,63,66,70,75,75,68,80,63,72,73,75,65,71,62,73,10,6,12,7,14
1881,Aïrine Fontaine,75,LM,LW,France,Arkema PL,FC Fleury 91,21,168,61,Left,2,3,"Technical, Flair",Women's Football,https://www.ea.com/games/ea-sports-fc/ratings/player-ratings/268261,73,71,70,77,41,61,77,69,73,71,68,77,61,57,69,72,55,74,66,58,78,77,60,72,80,69,37,46,44,41,35,66,66,63,49,12,13,8,6,15
1881,Vanessa Fudalla,75,ST,CAM,Germany,GPFBL,RB Leipzig,24,155,54,Left,3,3,,Women's Football,https://www.ea.com/games/ea-sports-fc/ratings/player-ratings/265377,80,77,64,73,54,68,81,80,84,82,67,80,63,58,72,45,55,70,66,60,75,58,70,77,76,63,67,58,33,68,44,75,74,69,58,10,12,7,6,11
1881,Patri Gavira,75,CB,,Spain,Liga F,C. Adeje Tenerife,37,171,68,Left,3,2,"Slide Tackle, Bruiser",Women's Football,https://www.ea.com/games/ea-sports-fc/ratings/player-ratings/272232,73,53,65,68,75,78,75,71,35,45,65,60,59,69,45,69,69,74,69,58,65,64,71,74,70,77,75,67,78,75,70,82,71,82,75,9,9,6,5,9
1881,Léna Goetsch,75,RB,,France,Arkema PL,Dijon FCO,26,171,62,Right,3,3,"Jockey, Intercept",Women's Football,https://www.ea.com/games/ea-sports-fc/ratings/player-ratings/265879,76,46,65,65,73,71,74,78,48,43,59,41,45,49,53,70,44,73,61,61,62,69,72,70,66,65,75,62,74,75,72,73,86,66,63,14,7,11,8,13
1881,Lina Hausicke,75,CDM,CM,Germany,GPFBL,SV Werder Bremen,28,176,66,Right,3,3,"Intercept, Technical, Aerial",Women's Football,https://www.ea.com/games/ea-sports-fc/ratings/player-ratings/265116,67,67,73,71,71,68,63,71,61,67,68,66,58,74,71,66,67,76,78,70,70,64,71,74,75,67,73,55,74,73,69,65,74,63,73,9,12,14,10,10
1881,Shelby Hogan,75,GK,,United States,NWSL,Portland Thorns,28,180,69,Right,2,1,Deflector,Women's Football,https://www.ea.com/games/ea-sports-fc/ratings/player-ratings/267219,78,70,77,73,44,72,44,45,9,10,58,15,8,24,32,12,9,27,30,11,10,48,41,74,16,34,9,12,12,12,9,64,35,68,14,78,70,77,72,73
1881,Ceri Holland,75,CM,CAM,Wales,Barclays WSL,Liverpool,28,165,57,Right,3,3,"Power Shot, Slide Tackle, Press Proven, Relentless",Women's Football,https://www.ea.com/games/ea-sports-fc/ratings/player-ratings/266922,78,71,71,76,67,72,78,78,77,71,77,70,66,52,74,70,55,74,70,68,76,70,77,76,78,66,74,54,56,74,73,74,79,72,64,12,13,6,8,10
1881,Sophie Howard,75,CB,RB,Scotland,Barclays WSL,Leicester City,32,175,59,Right,3,2,"Long Ball Pass, Block, Intercept",Women's Football,https://www.ea.com/games/ea-sports-fc/ratings/player-ratings/245877,49,39,60,55,76,68,46,51,42,26,63,45,28,50,40,57,47,77,65,40,42,51,73,71,68,59,79,78,76,75,72,75,52,72,77,10,13,8,6,7
1881,Emmy Jézéquel,75,CB,,France,Arkema PL,Strasbourg,25,162,58,Left,3,2,Block,Women's Football,https://www.ea.com/games/ea-sports-fc/ratings/player-ratings/265931,69,44,61,67,76,75,61,75,36,42,56,41,38,40,41,52,39,78,66,61,64,64,71,72,71,63,73,71,76,79,75,77,76,74,74,6,13,6,6,6
1881,Franziska Kett,75,LM,"LB, LW",Germany,GPFBL,FC Bayern München,21,171,61,Left,4,3,Technical,Women's Football,https://www.ea.com/games/ea-sports-fc/ratings/player-ratings/270525,75,68,72,76,51,63,71,78,78,71,60,70,59,56,74,76,59,76,59,64,77,78,60,76,78,65,46,49,52,52,54,66,53,68,62,13,11,10,11,10
1881,Natasha Kowalski,75,CAM,CM,Germany,GPFBL,SGS Essen,22,170,63,Right,4,4,"Incisive Pass, Whipped Pass",Women's Football,https://www.ea.com/games/ea-sports-fc/ratings/player-ratings/272338,74,73,73,75,44,69,78,70,77,75,74,73,70,50,73,74,73,74,68,71,77,76,53,75,77,71,43,67,38,40,55,79,69,71,60,14,13,12,8,7
1881,Kaleigh Kurtz,75,CB,,United States,NWSL,NC Courage,31,172,60,Right,3,2,"Long Ball Pass, Tiki Taka, Block",Women's Football,https://www.ea.com/games/ea-sports-fc/ratings/player-ratings/267235,62,50,55,58,78,73,60,63,43,38,67,66,35,41,38,41,65,70,62,50,54,44,58,75,63,67,80,74,79,79,76,79,75,77,58,7,10,11,5,7
1881,Emilia Larsson,75,LM,"RM, LW",Sweden,Sverige Liga,FC Rosengård,27,163,58,Right,3,3,,Women's Football,https://www.ea.com/games/ea-sports-fc/ratings/player-ratings/275917,67,70,72,76,62,62,68,66,71,75,69,64,65,50,74,68,55,78,71,63,78,60,77,74,80,60,58,62,69,60,59,69,70,63,47,8,5,14,7,14
1881,Veronica Latsko,75,RM,RW,United States,NWSL,Seattle Reign,30,172,63,Right,3,3,,Women's Football,https://www.ea.com/games/ea-sports-fc/ratings/player-ratings/267207,69,73,71,73,42,67,68,69,80,76,71,69,72,70,69,73,61,77,68,53,72,71,67,79,77,66,38,72,38,39,37,76,66,68,62,15,12,5,14,15
1881,Annelie Leitner,75,RB,LB,Austria,Liga F,SD Eibar,29,170,60,Left,3,2,,Women's Football,https://www.ea.com/games/ea-sports-fc/ratings/player-ratings/276468,62,45,61,65,77,69,57,66,41,40,61,43,32,42,51,67,40,71,54,42,58,69,66,66,72,71,80,66,72,84,80,71,74,73,53,5,9,7,8,13
1881,Eva Llamas,75,CB,CDM,Spain,Liga F,Sevilla FC,34,170,58,Right,3,3,Anticipate,Women's Football,https://www.ea.com/games/ea-sports-fc/ratings/player-ratings/272055,62,40,67,60,76,79,61,62,50,40,41,36,39,51,56,66,40,80,60,62,50,68,62,60,70,72,77,70,74,80,75,79,76,84,68,5,9,9,9,14
1881,Nina Lührßen,75,LB,,Germany,GPFBL,Frankfurt,26,165,67,Left,4,3,"Finesse Shot, Whipped Pass, Bruiser, Technical, Trivela",Women's Football,https://www.ea.com/games/ea-sports-fc/ratings/player-ratings/265121,74,70,75,75,69,73,75,73,77,68,70,74,62,64,72,80,74,77,73,64,73,72,79,71,80,73,64,52,65,80,70,71,78,71,71,13,9,5,9,8
1881,Olivie Lukášová,75,GK,,Czech Republic,Calcio A Femminile,Roma,24,181,71,Right,3,1,"Cross Claimer, Deflector",Women's Football,https://www.ea.com/games/ea-sports-fc/ratings/player-ratings/275811,70,72,69,76,41,76,40,43,11,6,52,7,8,21,48,13,15,43,31,13,7,39,41,77,14,51,13,10,10,16,15,67,31,77,31,70,72,69,76,76
1881,Tyler Lussi,75,RM,RW,United States,NWSL,NC Courage,31,168,59,Right,3,3,,Women's Football,https://www.ea.com/games/ea-sports-fc/ratings/player-ratings/267369,77,69,73,74,68,59,77,77,76,70,73,66,58,53,72,77,56,75,68,71,72,76,74,77,77,72,66,66,68,68,71,66,72,46,72,9,7,10,9,14
1881,Ramona Maier,75,ST,,Germany,GPFBL,SGS Essen,30,166,59,Right,3,4,,Women's Football,https://www.ea.com/games/ea-sports-fc/ratings/player-ratings/272340,75,75,70,73,47,69,75,75,79,77,75,72,73,60,66,68,73,75,66,70,70,79,73,76,75,74,46,73,28,54,55,82,68,71,60,13,10,9,5,13
1881,Cecilia Marcos,75,LW,"RW, LM",Spain,Liga F,Real Sociedad,24,158,55,Left,3,3,Technical,Women's Football,https://www.ea.com/games/ea-sports-fc/ratings/player-ratings/272200,71,72,73,78,43,54,71,71,70,75,77,66,60,66,69,77,60,79,67,61,81,72,73,68,80,64,49,55,35,45,35,65,64,57,30,6,7,12,11,6
1881,Lara Marti,75,LB,LM,Switzerland,GPFBL,RB Leipzig,26,162,56,Right,2,2,Block,Women's Football,https://www.ea.com/games/ea-sports-fc/ratings/player-ratings/264923,72,49,62,65,74,69,73,71,40,45,61,50,43,51,39,63,39,76,65,59,59,72,54,74,74,62,73,71,77,73,74,81,71,72,56,11,6,7,9,7
1881,Tara McKeown,75,CB,,United States,NWSL,Washington Spirit,26,172,61,Right,3,2,"Long Ball Pass, Slide Tackle",Women's Football,https://www.ea.com/games/ea-sports-fc/ratings/player-ratings/267261,69,66,72,69,76,75,68,70,67,60,73,74,66,61,73,68,62,79,67,68,68,67,43,74,75,75,72,78,75,80,70,84,75,76,69,6,6,6,14,12
1881,Cassie Miller,75,GK,,United States,NWSL,Gotham FC,28,180,67,Right,2,1,Cross Claimer,Women's Football,https://www.ea.com/games/ea-sports-fc/ratings/player-ratings/267273,77,70,75,77,41,76,39,43,10,16,56,12,8,30,34,11,9,26,28,10,10,51,56,68,15,33,15,9,13,14,11,61,39,65,15,77,70,75,76,77
1881,Lauren Milliet,75,RB,CDM,United States,NWSL,Rac. Louisville,29,155,54,Right,4,3,Whipped Pass,Women's Football,https://www.ea.com/games/ea-sports-fc/ratings/player-ratings/267325,74,58,72,76,71,51,77,72,69,51,66,63,48,66,64,75,65,77,74,61,76,78,76,77,76,68,68,58,71,76,70,58,73,37,57,10,11,15,14,10
1881,Narumi Miura,75,CDM,CM,Japan,NWSL,NC Courage,28,156,49,Right,3,3,"Tiki Taka, Intercept, Anticipate",Women's Football,https://www.ea.com/games/ea-sports-fc/ratings/player-ratings/245833,62,70,76,75,72,65,58,65,67,72,69,74,53,65,78,71,71,79,75,70,73,71,83,76,78,67,72,58,72,78,68,63,70,62,69,6,7,8,12,13
1881,Hinata Miyazawa,75,LM,"CAM, LW",Japan,Barclays WSL,Manchester Utd,26,160,53,Right,3,3,Technical,Women's Football,https://www.ea.com/games/ea-sports-fc/ratings/player-ratings/273227,67,63,74,73,44,61,69,66,80,69,52,63,43,56,77,75,67,76,70,58,74,63,58,74,79,59,32,57,36,58,39,66,68,60,52,8,15,8,9,14
1881,Paige Monaghan,75,LW,"CAM, LM",United States,NWSL,Utah Royals FC,29,172,59,Right,3,3,,Women's Football,https://www.ea.com/games/ea-sports-fc/ratings/player-ratings/267358,71,71,73,76,47,70,73,70,78,71,74,68,61,67,75,75,61,76,66,71,77,76,74,74,76,79,46,52,48,45,42,71,71,72,64,8,10,12,14,9
1881,Gift Monday,75,LW,LM,Nigeria,Liga F,C. Adeje Tenerife,24,168,57,Left,3,3,"Rapid, Quick Step",Women's Football,https://www.ea.com/games/ea-sports-fc/ratings/player-ratings/272217,87,69,69,76,66,76,88,87,77,75,81,53,42,59,71,72,49,72,64,65,72,87,82,70,77,75,63,71,63,73,57,92,68,83,65,11,13,10,11,12
1881,Linda Motlhalo,75,CM,CDM,South Africa,NWSL,Rac. Louisville,27,162,54,Right,3,4,"Long Ball Pass, Jockey, Technical, Flair, Trivela",Women's Football,https://www.ea.com/games/ea-sports-fc/ratings/player-ratings/246899,76,66,74,76,69,64,79,74,74,69,65,59,62,73,75,70,63,79,75,59,77,77,69,69,79,69,73,68,59,77,65,77,73,65,48,13,15,14,8,9
1881,Yasmin Mrabet,75,CM,CDM,Morocco,Liga F,Valencia CF,26,179,69,Right,3,3,Slide Tackle,Women's Football,https://www.ea.com/games/ea-sports-fc/ratings/player-ratings/272167,71,62,67,72,72,75,73,69,72,64,59,61,37,71,72,52,40,80,72,35,69,71,69,75,76,72,74,82,60,80,70,87,83,71,71,9,14,6,11,8
1881,Carly Nelson,75,GK,,United States,NWSL,Utah Royals FC,28,168,61,Right,2,1,,Women's Football,https://www.ea.com/games/ea-sports-fc/ratings/player-ratings/267341,77,74,74,73,35,75,34,36,11,9,56,7,8,12,37,9,9,19,17,9,11,37,41,71,14,38,18,9,11,11,8,45,21,34,14,77,74,74,75,73
1881,Lena Ostermeier,75,LB,CB,Germany,GPFBL,SGS Essen,29,167,60,Right,2,2,Anticipate,Women's Football,https://www.ea.com/games/ea-sports-fc/ratings/player-ratings/265047,55,53,69,71,77,76,68,44,57,50,62,52,46,58,64,65,51,76,77,59,67,71,73,80,75,70,77,74,79,77,76,82,73,79,72,11,9,12,5,8
1881,Marie Petiteau,75,GK,,France,Arkema PL,Montpellier,23,180,68,Right,2,1,Far Throw,Women's Football,https://www.ea.com/games/ea-sports-fc/ratings/player-ratings/276775,75,75,71,78,42,74,39,47,11,9,53,8,7,17,27,12,13,32,26,14,14,35,38,68,18,38,15,14,13,13,12,61,35,60,28,75,75,71,74,78
1881,Brianna Pinto,75,CDM,CM,United States,NWSL,NC Courage,26,165,56,Right,4,3,,Women's Football,https://www.ea.com/games/ea-sports-fc/ratings/player-ratings/267242,84,67,72,74,72,73,85,84,66,67,69,66,55,70,76,65,56,78,68,67,71,78,72,79,76,68,71,64,77,71,67,81,70,72,76,13,9,5,14,8
1881,Madison Pogarch,75,LB,RB,United States,NWSL,Utah Royals FC,28,167,59,Left,3,3,Quick Step,Women's Football,https://www.ea.com/games/ea-sports-fc/ratings/player-ratings/267225,89,50,68,69,70,68,88,90,51,47,54,52,49,43,57,73,63,72,67,66,66,77,65,73,72,68,68,62,71,71,74,80,67,70,63,13,9,12,9,8
1881,Gio Garbelini,75,ST,,Brazil,Liga F,Atlético de Madrid,22,167,60,Right,3,3,Rapid,Women's Football,https://www.ea.com/games/ea-sports-fc/ratings/player-ratings/271742,81,81,63,79,24,71,82,80,82,82,82,81,81,62,65,52,62,73,50,68,80,79,83,72,80,71,22,36,21,25,24,67,69,73,67,14,8,5,7,6
1881,Megan Reid,75,CB,,United States,NWSL,Angel City FC,26,173,67,Right,2,2,,Women's Football,https://www.ea.com/games/ea-sports-fc/ratings/player-ratings/268908,59,40,49,59,79,66,54,63,35,35,55,42,33,38,32,28,37,70,62,33,56,49,58,77,64,60,76,72,80,82,79,71,63,66,68,7,14,10,12,13
1881,Lauri,75,LM,"ST, LW",Spain,Liga F,Granada CF,36,169,54,Right,2,3,,Women's Football,https://www.ea.com/games/ea-sports-fc/ratings/player-ratings/275784,75,71,73,75,44,76,73,76,75,70,72,71,75,65,68,72,72,77,70,72,73,82,77,71,75,72,44,72,51,32,30,84,86,77,61,13,5,9,12,11
1881,Quinty Sabajo,75,CM,CDM,Holland,Nederland Vrouwen Liga,Ajax,26,166,56,Right,3,3,Incisive Pass,Women's Football,https://www.ea.com/games/ea-sports-fc/ratings/player-ratings/275945,63,65,65,72,59,66,62,63,76,70,54,69,39,58,74,38,45,78,75,35,74,59,60,71,77,63,74,43,47,71,49,58,72,67,60,10,9,11,10,10
1881,Bibi,75,CB,,Germany,Liga F,Athletic Club,27,174,62,Right,3,2,Slide Tackle,Women's Football,https://www.ea.com/games/ea-sports-fc/ratings/player-ratings/272124,65,35,69,62,76,74,67,64,45,30,39,35,40,50,60,66,35,82,70,49,50,68,65,69,75,65,75,65,76,80,77,76,70,76,72,10,6,12,10,9
1881,Kayla Sharples,75,CB,,United States,NWSL,KC Current,28,178,68,Right,2,2,,Women's Football,https://www.ea.com/games/ea-sports-fc/ratings/player-ratings/267276,47,42,50,64,77,68,61,36,44,39,53,39,34,36,31,33,30,70,65,36,57,72,74,76,69,64,77,72,79,78,75,79,47,78,68,10,8,10,13,12
1881,Nycole Raysla,75,ST,LW,Brazil,Liga Portugal Feminino,SL Benfica,26,173,64,Left,2,3,"Incisive Pass, Technical",Women's Football,https://www.ea.com/games/ea-sports-fc/ratings/player-ratings/275927,78,76,74,76,33,67,81,75,74,73,82,78,69,73,69,75,75,79,70,73,79,68,65,67,78,76,25,73,31,27,30,86,63,75,46,8,13,14,10,10
1881,Kirsty Smith,75,LB,,Scotland,Barclays WSL,West Ham,32,164,55,Right,3,3,,Women's Football,https://www.ea.com/games/ea-sports-fc/ratings/player-ratings/245889,79,34,60,62,73,57,79,79,44,25,60,25,20,45,42,75,44,67,51,63,52,72,80,73,68,57,73,64,76,73,72,67,72,48,59,15,11,13,13,9
1881,Bianca St-Georges,75,RM,RW,Canada,NWSL,NC Courage,28,165,59,Right,4,3,"Whipped Pass, Press Proven",Women's Football,https://www.ea.com/games/ea-sports-fc/ratings/player-ratings/267277,69,64,73,74,70,78,68,69,73,66,66,64,52,41,68,77,61,78,68,71,73,75,70,77,78,62,73,56,66,76,70,75,78,81,70,7,7,6,9,11
1881,Kylie Strom,75,CB,LB,United States,NWSL,Orlando Pride,33,173,58,Left,3,2,"Block, Anticipate",Women's Football,https://www.ea.com/games/ea-sports-fc/ratings/player-ratings/267309,73,49,68,66,75,75,74,73,52,46,53,51,46,46,60,67,46,76,66,66,63,60,44,76,74,67,76,69,74,77,74,79,78,73,74,6,7,7,7,7
1881,Maria Thorisdottir,75,CB,"RB, LB",Norway,Barclays WSL,Brighton,32,171,68,Right,4,2,Aerial,Women's Football,https://www.ea.com/games/ea-sports-fc/ratings/player-ratings/233330,44,32,59,60,76,78,40,48,28,25,41,38,31,40,56,49,26,73,68,25,56,44,33,73,72,73,74,69,79,76,73,73,63,88,75,7,15,13,9,14
1881,Valedezate,75,CB,CDM,Spain,Calcio A Femminile,Roma,26,180,70,Right,2,2,"Long Ball Pass, Anticipate, Aerial",Women's Football,https://www.ea.com/games/ea-sports-fc/ratings/player-ratings/272122,74,50,61,64,75,75,72,75,35,50,49,50,55,55,45,40,35,85,65,49,55,68,70,60,78,60,74,80,72,75,76,88,70,78,69,6,8,14,6,12
1881,Amalie Vangsgaard,75,ST,RW,Denmark,Calcio A Femminile,Juventus,29,182,57,Right,3,3,Finesse Shot,Women's Football,https://www.ea.com/games/ea-sports-fc/ratings/player-ratings/273099,71,75,66,68,49,65,62,79,78,78,69,74,72,71,68,57,61,73,58,66,70,48,35,70,77,70,48,79,45,47,37,81,67,74,37,7,12,8,5,12
1881,Justine Vanhaevermaet,75,CM,CB,Belgium,Barclays WSL,Everton,34,185,72,Right,4,3,,Women's Football,https://www.ea.com/games/ea-sports-fc/ratings/player-ratings/261786,42,69,72,71,73,78,51,35,77,67,70,75,57,66,76,64,53,77,76,64,76,53,32,71,76,75,71,77,69,76,71,82,78,85,59,8,8,10,9,10
1881,Ally Watt,75,ST,RM,United States,NWSL,Orlando Pride,29,173,59,Right,3,2,Quick Step,Women's Football,https://www.ea.com/games/ea-sports-fc/ratings/player-ratings/267213,84,72,63,69,42,64,81,87,77,74,71,68,68,67,49,51,59,77,66,57,68,72,41,76,75,66,38,71,40,38,37,87,39,76,61,13,13,5,10,8
1881,Ryan Williams,75,RB,,United States,NWSL,NC Courage,30,168,55,Right,3,2,"Intercept, Anticipate",Women's Football,https://www.ea.com/games/ea-sports-fc/ratings/player-ratings/267247,74,50,71,71,71,68,73,75,58,48,51,52,57,44,67,74,49,74,70,69,68,73,74,72,74,72,70,68,71,72,73,74,78,65,62,5,10,11,14,13
1881,Pia-Sophie Wolter,75,RB,RM,Germany,GPFBL,Frankfurt,28,167,62,Right,3,3,,Women's Football,https://www.ea.com/games/ea-sports-fc/ratings/player-ratings/264975,77,71,62,77,72,74,77,77,68,70,75,74,71,62,62,73,57,65,44,65,77,66,69,79,83,70,72,73,77,70,65,86,80,76,56,6,9,9,14,9
1881,McCall Zerboni,75,CDM,CM,United States,NWSL,Gotham FC,39,163,58,Right,4,3,,Women's Football,https://www.ea.com/games/ea-sports-fc/ratings/player-ratings/243770,52,61,68,72,73,73,50,54,57,56,71,62,59,63,72,48,59,79,75,52,69,62,78,67,78,78,72,64,79,73,68,68,72,74,75,16,13,11,9,11
1881,Maite Zubieta,75,CDM,"CB, CM",Spain,Liga F,Athletic Club,22,173,57,Right,3,2,,Women's Football,https://www.ea.com/games/ea-sports-fc/ratings/player-ratings/272127,68,57,70,62,72,63,63,72,60,55,60,58,55,53,60,60,50,82,80,59,50,71,55,70,77,65,71,55,72,77,74,62,68,59,65,6,12,13,13,7
2309,Kerry Abello,74,LB,CDM,United States,NWSL,Orlando Pride,26,163,56,Left,3,2,Anticipate,Women's Football,https://www.ea.com/games/ea-sports-fc/ratings/player-ratings/267519,68,64,71,74,71,66,70,66,65,67,64,67,46,46,68,72,55,76,68,67,74,67,72,77,76,68,73,64,68,75,70,69,74,60,68,12,7,7,8,14
2309,Marie-Yasmine Alidou,74,CAM,"LW, ST",Canada,Liga Portugal Feminino,SL Benfica,31,160,65,Right,5,3,Power Header,Women's Football,https://www.ea.com/games/ea-sports-fc/ratings/player-ratings/267529,73,73,72,74,42,62,74,72,71,78,70,68,65,74,72,66,65,78,69,60,75,69,74,66,77,69,38,78,34,43,36,81,62,62,59,12,10,7,12,10
2309,Andrea Álvarez,74,ST,,Guatemala,Liga F,SD Eibar,23,165,55,Right,3,2,,Women's Football,https://www.ea.com/games/ea-sports-fc/ratings/player-ratings/275589,74,77,63,74,41,69,75,73,79,80,70,80,72,65,61,59,68,70,51,69,75,69,67,66,77,71,34,68,32,44,42,76,75,69,62,15,9,11,9,14
2309,Bernadette Amani,74,CDM,CM,Côte d'Ivoire,Liga F,SD Eibar,28,164,60,Right,3,2,,Women's Football,https://www.ea.com/games/ea-sports-fc/ratings/player-ratings/276519,64,47,68,70,74,71,68,60,69,42,65,35,51,45,72,66,47,72,71,45,66,79,72,75,72,71,69,51,80,80,75,71,72,79,51,6,9,8,14,5
2309,Amira Arfaoui,74,ST,LM,Switzerland,GPFBL,SV Werder Bremen,26,160,56,Right,3,3,Technical,Women's Football,https://www.ea.com/games/ea-sports-fc/ratings/player-ratings/264907,78,70,71,76,50,67,82,75,80,74,65,68,70,61,70,70,62,78,62,62,77,76,72,77,78,65,45,63,44,53,54,77,66,66,69,10,9,15,14,15
2309,Dorian Bailey,74,CM,,United States,NWSL,Bay FC,29,160,56,Right,3,3,"Tiki Taka, Press Proven",Women's Football,https://www.ea.com/games/ea-sports-fc/ratings/player-ratings/267250,73,63,70,72,71,76,74,73,64,61,67,65,59,51,69,61,57,77,75,52,70,57,75,73,79,81,72,57,70,75,74,75,83,75,68,7,9,7,8,7
2309,Maike Berentzen,74,LM,"RM, LW",Germany,GPFBL,SGS Essen,29,170,63,Left,2,3,,Women's Football,https://www.ea.com/games/ea-sports-fc/ratings/player-ratings/265049,68,65,74,71,69,73,68,68,76,66,69,63,48,55,73,74,69,77,75,62,69,70,69,76,74,70,73,54,74,67,69,71,74,77,60,8,14,8,8,8
2309,Croix Bethune,74,CAM,,United States,NWSL,Washington Spirit,25,160,56,Left,4,4,"Incisive Pass, Technical, Flair",Women's Football,https://www.ea.com/games/ea-sports-fc/ratings/player-ratings/279812,71,71,71,75,55,60,74,68,75,74,72,68,54,55,72,70,66,72,70,66,77,75,69,74,77,56,67,50,50,54,52,65,67,60,50,9,11,6,14,8
2309,Michelle Betos,74,GK,,United States,NWSL,Gotham FC,38,173,64,Right,2,1,,Women's Football,https://www.ea.com/games/ea-sports-fc/ratings/player-ratings/267348,73,74,70,75,38,74,37,40,10,8,53,11,7,18,32,14,13,27,24,11,11,47,53,69,14,39,8,14,16,13,11,61,34,62,21,73,74,70,74,75
2309,Gemma Bonner,74,CB,,England,Barclays WSL,Liverpool,34,178,67,Right,4,2,Aerial,Women's Football,https://www.ea.com/games/ea-sports-fc/ratings/player-ratings/227243,46,47,44,58,76,74,41,50,39,48,57,43,22,49,41,27,24,63,38,27,51,48,59,77,68,64,74,68,83,74,69,72,51,87,71,9,13,5,6,6
2309,Michaela Brandenburg,74,CB,RB,Germany,GPFBL,SV Werder Bremen,28,169,60,Right,2,2,Long Ball Pass,Women's Football,https://www.ea.com/games/ea-sports-fc/ratings/player-ratings/265166,65,53,67,64,74,76,66,65,57,52,61,48,34,60,66,61,50,71,73,59,60,59,73,72,70,64,73,73,78,72,73,81,72,79,73,12,11,8,8,13
2309,Belle Briede,74,CM,CAM,United States,NWSL,Houston Dash,27,168,59,Right,3,3,,Women's Football,https://www.ea.com/games/ea-sports-fc/ratings/player-ratings/267379,48,67,69,74,67,59,50,47,74,66,67,73,53,62,77,51,64,76,70,55,73,73,69,76,77,76,73,54,65,70,65,52,74,50,63,15,8,11,7,12
2309,Courtney Brosnan,74,GK,,Republic of Ireland,Barclays WSL,Everton,30,175,73,Right,3,1,"Far Throw, Deflector",Women's Football,https://www.ea.com/games/ea-sports-fc/ratings/player-ratings/265331,70,71,66,77,41,75,42,40,13,8,50,14,9,23,46,13,16,30,35,17,19,38,53,76,25,42,9,7,10,11,12,65,25,72,21,70,71,66,75,77
2309,Jody Brown,74,RM,"LM, RW",Jamaica,Liga Portugal Feminino,SL Benfica,24,163,57,Left,4,3,,Women's Football,https://www.ea.com/games/ea-sports-fc/ratings/player-ratings/246223,76,69,67,73,43,60,75,77,79,76,66,64,54,52,74,72,45,65,66,49,71,78,83,73,73,70,21,63,22,66,65,70,78,58,39,12,12,5,7,9
2309,Laurie Cance,74,CM,CAM,France,Arkema PL,Havre AC,31,168,65,Right,4,3,"Incisive Pass, Block, Anticipate, Bruiser, Relentless",Women's Football,https://www.ea.com/games/ea-sports-fc/ratings/player-ratings/268640,75,69,74,74,56,74,73,77,74,70,68,68,69,71,79,69,71,76,71,65,74,71,76,73,75,72,58,51,53,63,49,67,89,66,77,10,14,10,14,13
2309,Cindy Caputo,74,LM,"RM, LW",France,Arkema PL,AS Saint Étienne,27,168,57,Left,3,4,,Women's Football,https://www.ea.com/games/ea-sports-fc/ratings/player-ratings/265968,76,74,70,76,45,67,74,77,75,77,72,73,64,70,65,69,70,75,62,75,77,69,70,69,79,72,46,57,42,45,38,72,72,69,52,8,10,7,6,7
2309,Lice Chamorro,74,ST,,Paraguay,Liga F,RCD Espanyol,27,172,59,Right,4,3,"Finesse Shot, Press Proven",Women's Football,https://www.ea.com/games/ea-sports-fc/ratings/player-ratings/272266,82,74,66,70,48,85,81,82,75,75,75,75,59,80,65,60,70,75,50,77,62,80,82,69,77,60,45,70,50,45,35,87,84,84,89,6,7,10,15,6
2309,Kenza Chapelle,74,ST,CAM,Morocco,Arkema PL,Strasbourg,23,165,59,Right,3,3,,Women's Football,https://www.ea.com/games/ea-sports-fc/ratings/player-ratings/264977,60,76,62,72,34,61,54,65,78,78,75,75,68,62,57,53,69,74,49,58,71,57,74,73,80,60,25,74,29,34,26,72,63,67,42,11,12,7,13,8
2309,Remina Chiba,74,ST,,Japan,GPFBL,Frankfurt,27,162,57,Right,4,3,,Women's Football,https://www.ea.com/games/ea-sports-fc/ratings/player-ratings/275904,83,80,60,73,22,54,80,85,77,83,79,78,76,65,62,43,66,70,56,52,72,82,86,69,73,60,20,58,18,19,15,70,66,58,27,6,11,13,14,13
2309,Silke Demeyere,74,LB,CM,Belgium,Arkema PL,Havre AC,33,158,48,Left,3,3,"Block, Relentless",Women's Football,https://www.ea.com/games/ea-sports-fc/ratings/player-ratings/270612,67,67,72,77,71,65,66,67,67,65,75,70,51,63,70,72,68,73,71,72,77,81,89,72,74,72,75,60,72,72,68,60,84,49,83,10,5,11,6,6
2309,Mariam Diakité,74,CB,,Côte d'Ivoire,Arkema PL,FC Fleury 91,31,169,61,Right,3,2,,Women's Football,https://www.ea.com/games/ea-sports-fc/ratings/player-ratings/268988,61,51,52,51,76,66,49,70,40,37,86,55,34,54,39,35,66,69,51,41,44,35,64,71,58,66,71,76,76,78,76,73,50,69,77,5,9,10,12,14
2309,Pauleta,74,CDM,CM,Spain,Liga Portugal Feminino,SL Benfica,28,171,61,Right,3,3,Power Shot,Women's Football,https://www.ea.com/games/ea-sports-fc/ratings/player-ratings/275932,67,72,74,73,71,67,64,70,73,67,82,78,58,65,77,68,57,79,75,71,76,62,59,71,76,72,75,68,69,72,69,70,77,63,65,12,10,6,14,9
2309,Lisa Doorn,74,CB,,Holland,GPFBL,TSG Hoffenheim,25,183,69,Left,3,2,Slide Tackle,Women's Football,https://www.ea.com/games/ea-sports-fc/ratings/player-ratings/265703,54,56,60,61,73,76,55,54,24,60,61,55,29,60,30,53,47,79,69,52,58,37,50,73,72,69,73,75,78,70,69,81,63,85,69,14,13,7,9,15
2309,Imani Dorsey,74,LB,,United States,NWSL,Utah Royals FC,30,170,62,Left,3,3,,Women's Football,https://www.ea.com/games/ea-sports-fc/ratings/player-ratings/266092,70,46,63,68,73,62,70,70,41,44,49,50,45,43,51,73,58,67,58,67,68,64,46,72,74,67,70,68,73,76,79,69,66,58,63,5,12,6,11,8
2309,Salomé Elisor,74,CM,,France,Arkema PL,Havre AC,29,174,62,Right,4,2,"Bruiser, First Touch, Press Proven, Aerial",Women's Football,https://www.ea.com/games/ea-sports-fc/ratings/player-ratings/270619,69,68,73,75,66,73,73,66,68,65,75,71,55,58,79,59,58,78,77,65,75,69,68,68,79,76,68,75,65,64,57,79,71,67,87,10,6,6,12,5
2309,Estella,74,RB,CB,Spain,Liga F,C. Adeje Tenerife,31,170,63,Right,3,3,"Block, Slide Tackle",Women's Football,https://www.ea.com/games/ea-sports-fc/ratings/player-ratings/272229,68,49,65,71,73,79,69,67,62,45,60,42,48,65,65,71,48,65,65,60,70,81,71,71,70,70,75,65,77,71,74,79,75,81,81,10,8,13,10,14
2309,Bayley Feist,74,CDM,CM,United States,NWSL,KC Current,29,168,59,Right,3,3,,Women's Football,https://www.ea.com/games/ea-sports-fc/ratings/player-ratings/267254,80,67,70,75,71,57,81,80,77,71,61,67,52,66,77,53,60,78,75,57,74,76,63,75,79,68,69,58,75,73,71,65,60,48,75,6,10,6,11,9
2309,Megan Finnigan,74,CB,,England,Barclays WSL,Everton,28,174,59,Right,3,2,Block,Women's Football,https://www.ea.com/games/ea-sports-fc/ratings/player-ratings/265334,60,43,65,61,74,72,59,61,41,34,58,45,44,50,58,43,59,79,73,60,56,61,51,71,68,73,71,73,77,73,76,77,68,74,73,8,10,13,7,7
2309,Paula Flach,74,CB,LB,Germany,GPFBL,SGS Essen,23,163,56,Left,2,2,,Women's Football,https://www.ea.com/games/ea-sports-fc/ratings/player-ratings/271819,71,52,71,69,76,68,73,70,55,52,49,49,63,55,64,73,59,77,68,66,65,65,59,76,76,65,75,74,77,76,75,78,71,64,73,6,14,15,10,12
2309,Melissa Friedrich,74,CB,CDM,Germany,GPFBL,Leverkusen,29,173,62,Right,2,2,Long Ball Pass,Women's Football,https://www.ea.com/games/ea-sports-fc/ratings/player-ratings/264926,45,47,56,60,75,73,36,53,30,46,57,43,32,60,29,40,50,75,69,65,55,48,63,72,68,64,70,70,76,79,77,66,70,74,75,11,15,14,8,9
2309,Vanessa Fürst,74,CB,CDM,Germany,GPFBL,SGS Essen,24,163,58,Right,2,3,Trivela,Women's Football,https://www.ea.com/games/ea-sports-fc/ratings/player-ratings/271837,58,49,65,69,76,70,56,60,62,52,44,38,55,62,60,65,41,71,69,46,68,61,87,73,71,60,74,70,78,78,75,72,62,72,76,6,15,15,15,5
2309,Débora,74,RB,LB,Spain,Liga F,Sevilla FC,36,168,52,Right,3,3,,Women's Football,https://www.ea.com/games/ea-sports-fc/ratings/player-ratings/228626,72,57,71,70,71,61,74,70,70,59,61,40,65,69,69,70,42,80,66,61,69,72,79,71,70,71,74,69,74,70,65,69,80,54,55,7,6,12,13,11
2309,Violeta Quiles,74,LM,"LB, LW",Spain,Liga F,Real Sociedad,26,165,59,Left,3,3,"Block, Rapid",Women's Football,https://www.ea.com/games/ea-sports-fc/ratings/player-ratings/272025,82,68,68,77,61,64,82,82,70,70,72,65,62,55,69,70,65,70,60,66,75,82,76,65,80,71,41,55,71,70,50,74,74,65,45,14,8,8,12,13
2309,Ryan Gareis,74,LM,LW,United States,NWSL,Houston Dash,27,170,61,Right,3,3,,Women's Football,https://www.ea.com/games/ea-sports-fc/ratings/player-ratings/267286,69,68,72,73,48,71,70,69,70,71,62,67,59,67,70,74,58,76,67,68,76,72,31,72,78,68,46,64,52,41,42,72,73,70,72,11,6,7,6,10
2309,Luca Graf,74,CM,CDM,Germany,GPFBL,RB Leipzig,27,160,55,Left,2,3,Trivela,Women's Football,https://www.ea.com/games/ea-sports-fc/ratings/player-ratings/265016,67,63,72,71,65,69,68,67,77,68,57,52,62,65,75,66,66,76,73,66,74,47,69,78,75,68,71,60,60,68,59,70,74,69,63,8,7,6,9,7
2309,Lisanne Gräwe,74,CM,CDM,Germany,GPFBL,Frankfurt,23,161,56,Right,3,3,,Women's Football,https://www.ea.com/games/ea-sports-fc/ratings/player-ratings/264925,55,64,71,75,59,62,70,43,69,64,60,69,58,60,77,54,61,79,74,68,78,76,56,73,76,65,72,39,55,67,43,58,68,65,50,14,6,9,6,8
2309,Alicia-Sophie Gudorf,74,RB,RM,Germany,GPFBL,SC Freiburg,25,158,54,Right,3,2,Anticipate,Women's Football,https://www.ea.com/games/ea-sports-fc/ratings/player-ratings/265083,76,44,64,69,73,73,73,79,48,43,50,41,35,45,55,66,42,73,64,48,68,70,70,68,70,66,70,64,77,73,80,79,64,77,74,7,14,12,8,12
2309,Madison Haley,74,ST,RW,United States,Barclays WSL,Brighton,27,170,64,Right,3,3,,Women's Football,https://www.ea.com/games/ea-sports-fc/ratings/player-ratings/276846,80,73,59,68,35,68,81,79,73,78,76,62,75,66,62,51,60,65,61,29,70,56,40,69,73,76,19,78,22,40,45,92,63,80,37,12,12,7,13,14
2309,Sophie Román Haug,74,ST,,Norway,Barclays WSL,Liverpool,26,178,68,Right,3,3,Power Header,Women's Football,https://www.ea.com/games/ea-sports-fc/ratings/player-ratings/266975,73,73,62,70,40,69,74,73,73,73,75,74,68,68,65,58,63,64,59,63,70,59,60,72,75,66,32,81,35,39,31,88,73,75,42,5,12,8,5,11
2309,Janina Hechler,74,LB,"RB, CB",Germany,GPFBL,1. FC Köln,27,174,65,Right,3,3,Long Throw,Women's Football,https://www.ea.com/games/ea-sports-fc/ratings/player-ratings/264938,81,49,67,66,71,74,79,82,55,39,67,49,49,55,63,61,46,73,73,63,60,75,69,78,70,66,68,66,75,70,71,79,77,71,78,8,14,14,11,11
2309,Karen Holmgaard,74,CDM,"CM, CB",Denmark,Barclays WSL,Everton,27,180,63,Right,3,2,,Women's Football,https://www.ea.com/games/ea-sports-fc/ratings/player-ratings/265012,57,55,68,64,75,74,54,60,50,56,56,53,43,59,70,52,55,79,74,40,62,56,39,67,71,72,71,77,75,76,74,79,67,76,76,14,11,6,8,13
2309,Natalie Jacobs,74,CB,RB,United States,NWSL,Houston Dash,28,173,64,Right,3,2,Long Ball Pass,Women's Football,https://www.ea.com/games/ea-sports-fc/ratings/player-ratings/268012,75,47,63,65,75,68,76,74,25,44,57,54,32,40,33,68,47,77,70,69,65,40,60,71,75,55,75,75,76,74,75,80,71,64,73,15,7,11,9,11
2309,Celia,74,RB,,Spain,NWSL,Orlando Pride,30,168,62,Right,3,3,,Women's Football,https://www.ea.com/games/ea-sports-fc/ratings/player-ratings/227208,65,47,66,68,76,79,63,66,52,44,53,48,39,45,68,65,41,69,65,61,66,70,58,73,72,68,74,68,79,76,78,79,74,84,73,11,16,16,15,10
2309,Grace Kazadi,74,RB,,France,Arkema PL,En Avant Guingamp,25,163,58,Right,3,2,,Women's Football,https://www.ea.com/games/ea-sports-fc/ratings/player-ratings/265096,73,47,66,72,71,67,75,71,61,45,58,42,40,41,55,71,35,75,64,61,69,73,76,73,75,68,71,65,70,75,69,74,71,66,65,7,6,9,8,11
2309,Missy Bo Kearns,74,CM,,England,Barclays WSL,Aston Villa,25,167,58,Right,3,3,"Incisive Pass, Relentless",Women's Football,https://www.ea.com/games/ea-sports-fc/ratings/player-ratings/266918,74,68,77,75,60,67,75,73,75,69,66,70,65,59,77,76,74,79,73,75,77,77,60,69,78,60,58,51,59,66,62,68,76,66,59,12,13,6,12,7
2309,Tziarra King,74,LM,LW,United States,NWSL,Seattle Reign,27,172,63,Right,3,4,Quick Step,Women's Football,https://www.ea.com/games/ea-sports-fc/ratings/player-ratings/267206,89,68,68,73,43,72,90,88,74,65,77,62,72,63,61,67,61,75,67,65,72,86,62,74,73,68,47,54,42,39,38,78,74,72,68,9,11,9,13,12
2309,Lize Kop,74,GK,,Holland,Barclays WSL,Leicester City,28,173,64,Right,3,1,,Women's Football,https://www.ea.com/games/ea-sports-fc/ratings/player-ratings/244058,75,66,72,74,30,77,27,34,10,8,54,9,7,13,25,12,12,23,18,14,10,39,51,73,18,32,11,16,15,14,15,43,30,32,25,75,66,72,77,74
2309,Eva Kouache,74,RB,,France,Arkema PL,Havre AC,26,163,53,Right,3,2,"Block, Intercept",Women's Football,https://www.ea.com/games/ea-sports-fc/ratings/player-ratings/270895,78,49,63,67,70,59,82,74,54,49,57,42,39,40,52,67,38,72,58,64,64,68,72,65,70,61,74,63,69,70,72,68,85,49,51,12,5,11,8,12
2309,Tereza Krejčiříková,74,CDM,"CM, CAM",Czech Republic,Ceska Liga Žen,Slavia Praha,29,165,62,Right,3,3,,Women's Football,https://www.ea.com/games/ea-sports-fc/ratings/player-ratings/275820,69,47,66,64,71,73,69,69,38,41,57,52,41,64,65,53,63,74,71,62,59,58,63,77,71,72,75,65,72,71,69,75,72,73,76,9,7,12,14,13
2309,Anissa Lahmari,74,CM,"CAM, CDM",Morocco,Liga F,Levante UD,29,166,59,Right,3,3,"Technical, Flair",Women's Football,https://www.ea.com/games/ea-sports-fc/ratings/player-ratings/265906,71,71,72,77,64,65,74,69,74,80,56,68,59,65,75,71,69,73,70,61,78,75,74,71,78,77,70,50,61,70,55,66,75,62,61,9,6,9,11,8
2309,Hayley Lauder,74,CM,LM,Scotland,Scottish Women's League,Glasgow City FC,35,170,62,Left,3,3,,Women's Football,https://www.ea.com/games/ea-sports-fc/ratings/player-ratings/245891,77,65,73,72,68,66,76,77,73,66,65,66,50,59,73,75,60,78,72,53,73,68,75,72,75,58,72,69,57,75,66,76,73,65,55,7,10,14,13,11
2309,Carrie Lawrence,74,CB,,United States,NWSL,Orlando Pride,28,170,60,Right,3,2,,Women's Football,https://www.ea.com/games/ea-sports-fc/ratings/player-ratings/267304,67,42,63,62,75,68,64,69,47,39,49,44,32,40,57,65,39,70,62,59,57,58,66,72,66,67,76,71,74,76,75,79,47,76,72,15,10,11,5,15
2309,Lee Young Ju,74,CDM,CM,Korea Republic,Liga F,Badalona Women,34,163,54,Right,3,2,,Women's Football,https://www.ea.com/games/ea-sports-fc/ratings/player-ratings/227674,48,34,65,58,71,67,45,51,49,32,41,28,35,41,62,47,40,80,77,38,48,58,75,64,69,60,73,48,72,78,68,54,68,64,76,12,15,8,6,10
2309,Vanessa Leimenstoll,74,ST,RM,Germany,GPFBL,1. FC Köln,25,167,58,Right,2,3,,Women's Football,https://www.ea.com/games/ea-sports-fc/ratings/player-ratings/265006,79,71,67,73,45,63,75,83,78,73,68,68,75,62,60,63,61,79,55,61,74,70,65,79,75,66,42,66,42,41,48,78,49,72,56,7,9,10,9,9
2309,Janina Leitzig,74,GK,,Germany,Barclays WSL,Leicester City,27,184,72,Right,3,1,"Long Ball Pass, Far Throw, Footwork, Far Reach",Women's Football,https://www.ea.com/games/ea-sports-fc/ratings/player-ratings/264889,73,71,74,74,37,76,38,36,14,11,56,10,11,25,64,10,12,36,35,11,15,40,35,72,23,48,16,9,17,15,12,65,25,74,18,73,71,74,76,74
2309,Romée Leuchter,74,ST,LW,Holland,Arkema PL,Paris SG,25,174,60,Right,3,3,"Incisive Pass, Technical",Women's Football,https://www.ea.com/games/ea-sports-fc/ratings/player-ratings/267531,74,74,58,74,27,69,75,73,78,77,72,72,68,63,61,41,57,74,50,30,75,68,68,73,78,60,21,69,25,19,23,77,66,70,68,14,6,10,10,8
2309,María Llompart,74,CM,CAM,Spain,Liga F,Badalona Women,25,161,55,Right,3,4,,Women's Football,https://www.ea.com/games/ea-sports-fc/ratings/player-ratings/272148,78,71,72,77,67,74,76,80,70,74,70,69,60,75,75,65,69,80,65,65,75,81,82,70,79,71,75,59,67,65,61,78,73,76,70,11,10,7,11,8
2309,Joanne Love,74,CM,"CDM, RM",Scotland,Scottish Women's League,Glasgow City FC,40,160,60,Right,3,3,,Women's Football,https://www.ea.com/games/ea-sports-fc/ratings/player-ratings/245888,66,68,69,73,70,63,65,66,69,72,69,70,40,55,72,56,51,80,75,37,75,60,80,77,76,55,76,70,60,75,69,70,60,62,68,12,6,7,10,10
2309,Sofia Manner,74,GK,,Finland,NWSL,Orlando Pride,28,185,70,Right,3,1,,Women's Football,https://www.ea.com/games/ea-sports-fc/ratings/player-ratings/279516,74,73,71,73,34,74,33,35,4,8,53,7,6,16,36,10,12,21,28,10,12,40,42,70,15,37,12,12,6,13,10,46,19,38,24,74,73,71,74,73
2309,Héloïse Mansuy,74,CB,,France,Arkema PL,Havre AC,29,168,54,Right,3,2,,Women's Football,https://www.ea.com/games/ea-sports-fc/ratings/player-ratings/267652,69,38,61,65,75,74,67,71,43,32,47,41,33,41,47,50,53,77,67,41,61,64,65,73,70,68,73,72,76,77,74,79,75,74,72,11,9,9,12,8
2309,Nealy Martin,74,CDM,CM,United States,NWSL,Gotham FC,28,170,62,Right,3,2,Long Throw,Women's Football,https://www.ea.com/games/ea-sports-fc/ratings/player-ratings/267322,62,49,68,66,76,58,65,59,48,45,54,52,47,47,66,64,48,76,69,57,63,65,71,70,70,65,75,70,76,78,79,59,73,44,75,10,10,14,13,15
2309,Asun Martínez,74,RW,"LW, ST, RM",Spain,Liga F,Valencia CF,24,158,54,Left,3,4,"Technical, Flair",Women's Football,https://www.ea.com/games/ea-sports-fc/ratings/player-ratings/272098,84,72,72,75,41,79,83,84,75,72,76,69,69,65,74,71,78,72,65,75,73,83,84,69,74,70,40,65,35,40,35,86,83,81,65,14,6,9,14,11
2309,Tegan McGrady,74,LB,,United States,Arkema PL,Dijon FCO,28,167,58,Left,2,3,,Women's Football,https://www.ea.com/games/ea-sports-fc/ratings/player-ratings/267385,69,48,67,67,73,61,67,71,56,46,47,51,48,45,54,73,47,74,68,68,63,73,69,73,68,67,71,58,74,76,79,66,64,60,56,13,12,8,13,6
2309,Ari Mingueza,74,CM,CDM,Spain,Liga F,Granada CF,23,163,52,Right,3,3,,Women's Football,https://www.ea.com/games/ea-sports-fc/ratings/player-ratings/277048,72,70,76,73,65,67,74,71,71,70,72,71,69,56,69,71,69,83,80,71,75,68,59,70,74,69,62,51,66,73,53,70,70,71,51,14,8,12,5,11
2309,Megan Montefusco,74,CB,,United States,NWSL,Orlando Pride,33,173,64,Right,3,2,Long Ball Pass,Women's Football,https://www.ea.com/games/ea-sports-fc/ratings/player-ratings/267291,49,44,59,62,77,69,48,50,47,38,58,45,34,39,53,52,40,70,62,49,58,54,73,71,68,67,76,74,78,78,75,73,60,73,69,11,13,13,12,15
2309,Esme Morgan,74,RB,"LB, CB",England,NWSL,Washington Spirit,25,178,59,Right,3,2,,Women's Football,https://www.ea.com/games/ea-sports-fc/ratings/player-ratings/265339,76,34,71,67,72,67,75,76,43,32,43,25,34,41,59,65,32,85,75,63,66,60,60,68,73,63,70,59,77,74,71,72,64,68,68,7,9,5,13,8
2309,Koko Ange N'Guessan,74,RW,"LW, RM",Côte d'Ivoire,Liga F,C. Adeje Tenerife,35,153,45,Right,4,4,Technical,Women's Football,https://www.ea.com/games/ea-sports-fc/ratings/player-ratings/272214,74,72,76,75,41,48,76,72,71,69,81,70,72,69,71,77,73,77,80,71,82,78,57,70,70,60,45,45,35,45,35,56,61,45,35,5,12,10,15,13
2309,Fuka Nagano,74,CM,CAM,Japan,Barclays WSL,Liverpool,27,160,53,Right,3,3,"Tiki Taka, Technical, First Touch",Women's Football,https://www.ea.com/games/ea-sports-fc/ratings/player-ratings/270892,78,60,72,79,61,63,78,78,72,62,52,66,49,51,75,58,57,83,74,55,79,82,76,68,79,78,60,45,71,58,57,63,80,59,52,8,14,14,10,13
2309,Monique Ngock,74,CDM,"CM, RB",Cameroon,Arkema PL,Stade de Reims,21,166,54,Right,3,3,,Women's Football,https://www.ea.com/games/ea-sports-fc/ratings/player-ratings/271890,67,52,66,69,70,67,65,68,58,53,53,49,49,43,66,49,45,77,72,51,68,67,71,69,72,59,74,51,71,73,71,60,84,59,69,5,11,9,11,14
2309,Andreia Norton,74,CM,CAM,Portugal,Liga Portugal Feminino,SL Benfica,29,162,62,Right,3,4,,Women's Football,https://www.ea.com/games/ea-sports-fc/ratings/player-ratings/261838,67,61,73,77,60,65,70,65,75,63,58,61,43,65,73,65,63,76,80,72,78,82,80,73,75,80,68,52,48,73,52,65,73,64,57,14,10,10,9,13
2309,Irene Oguiza,74,CDM,CM,Spain,Liga F,Athletic Club,26,170,60,Right,3,3,Intercept,Women's Football,https://www.ea.com/games/ea-sports-fc/ratings/player-ratings/272129,74,52,64,62,78,66,73,74,65,50,52,51,49,60,62,50,51,71,70,67,50,75,75,60,74,66,82,63,77,82,77,72,69,63,70,5,7,14,11,9
2309,Jacqueline Owusu,74,CM,,Ghana,Liga F,Real Sociedad,23,163,58,Right,3,3,,Women's Football,https://www.ea.com/games/ea-sports-fc/ratings/player-ratings/276796,77,68,70,70,62,75,76,77,74,69,70,67,47,66,75,65,52,77,69,48,69,60,74,76,75,66,74,41,49,75,62,69,74,79,66,10,5,12,10,11
2309,Anna Patten,74,CB,,England,Barclays WSL,Aston Villa,27,178,57,Right,3,2,,Women's Football,https://www.ea.com/games/ea-sports-fc/ratings/player-ratings/265237,65,44,62,63,76,71,67,63,49,35,63,44,40,56,57,54,51,71,68,51,56,71,50,71,69,75,70,70,79,79,77,76,63,74,73,13,6,5,5,7
2309,Courtney Petersen,74,LB,CB,United States,NWSL,Rac. Louisville,28,165,58,Left,3,3,,Women's Football,https://www.ea.com/games/ea-sports-fc/ratings/player-ratings/267305,75,58,68,70,69,69,73,76,54,54,64,66,53,55,54,74,67,71,72,69,66,75,72,73,72,73,68,67,67,72,74,74,76,66,64,8,8,6,13,11
2309,Emma Ramírez,74,RB,,Spain,Liga F,Real Sociedad,24,169,63,Right,2,2,Long Throw,Women's Football,https://www.ea.com/games/ea-sports-fc/ratings/player-ratings/271443,70,55,71,70,72,60,70,70,59,60,62,40,35,66,65,77,40,77,70,62,70,54,60,69,78,69,72,55,75,75,69,61,67,51,71,8,6,10,8,9
2309,Noelia Ramos,74,GK,,Spain,Liga F,C. Adeje Tenerife,27,168,60,Right,2,1,,Women's Football,https://www.ea.com/games/ea-sports-fc/ratings/player-ratings/272235,77,75,70,75,45,73,45,45,12,17,53,13,16,20,22,11,13,20,19,11,21,55,65,60,20,20,15,12,20,14,15,60,40,55,40,77,75,70,73,75
2309,Brittany Ratcliffe,74,LM,LW,United States,NWSL,Washington Spirit,32,163,52,Right,3,3,Finesse Shot,Women's Football,https://www.ea.com/games/ea-sports-fc/ratings/player-ratings/267243,71,72,71,72,41,68,69,72,81,75,71,67,68,69,68,69,59,77,68,67,68,72,74,78,77,71,38,74,37,37,37,77,74,69,56,12,13,6,11,8
2309,Kerlly Real,74,RB,,Ecuador,Liga F,Valencia CF,27,164,58,Right,3,2,Long Throw,Women's Football,https://www.ea.com/games/ea-sports-fc/ratings/player-ratings/272089,76,52,61,66,73,76,77,76,50,50,61,50,45,55,45,69,40,71,60,49,60,77,67,70,70,77,75,67,75,74,70,82,75,76,75,10,11,8,9,8
2309,Louna Ribadeira,74,ST,CAM,France,Arkema PL,Paris FC,21,169,58,Right,3,3,Technical,Women's Football,https://www.ea.com/games/ea-sports-fc/ratings/player-ratings/265002,75,73,64,77,34,62,76,74,74,75,69,73,70,64,60,57,59,73,59,69,78,74,72,75,79,68,26,67,37,29,26,77,57,70,46,8,13,5,7,15
2309,Diana Gomes,74,CB,,Portugal,Liga F,Sevilla FC,27,167,60,Right,3,2,,Women's Football,https://www.ea.com/games/ea-sports-fc/ratings/player-ratings/261853,69,30,54,58,76,72,71,68,22,25,45,25,29,43,43,33,35,75,57,46,51,49,69,69,67,63,75,69,77,79,76,78,68,73,72,9,6,10,10,9
2309,Nadine Riesen,74,LB,RB,Switzerland,GPFBL,Frankfurt,26,166,59,Left,2,2,Rapid,Women's Football,https://www.ea.com/games/ea-sports-fc/ratings/player-ratings/273405,70,59,65,69,73,64,71,69,60,65,59,49,38,63,59,73,52,75,50,48,68,56,59,73,77,62,67,71,76,74,75,76,68,61,63,7,13,12,10,9
2309,Katie Robinson,74,RM,"LM, RW",England,Barclays WSL,Aston Villa,23,160,56,Right,3,3,"Whipped Pass, Rapid",Women's Football,https://www.ea.com/games/ea-sports-fc/ratings/player-ratings/265289,81,66,68,75,38,64,81,81,76,68,66,65,61,50,72,73,51,73,53,60,75,74,77,70,76,70,46,50,38,32,26,70,71,62,57,6,8,15,6,12
2309,Madeline Roth,74,ST,"CM, CDM",France,Arkema PL,Havre AC,24,173,62,Right,3,3,"Tiki Taka, Flair, Press Proven, Relentless",Women's Football,https://www.ea.com/games/ea-sports-fc/ratings/player-ratings/269829,72,74,70,77,56,66,70,74,76,77,69,75,68,70,73,62,59,75,69,67,77,74,75,74,80,78,63,69,45,62,48,72,87,65,41,9,11,8,6,12
2309,Thiniba Samoura,74,CB,RB,France,Arkema PL,Paris SG,22,172,60,Right,3,3,,Women's Football,https://www.ea.com/games/ea-sports-fc/ratings/player-ratings/277866,74,32,54,63,74,70,70,78,29,29,46,26,25,34,35,47,30,74,54,48,55,66,65,72,73,65,70,73,75,78,69,80,61,72,74,13,7,12,6,10
2309,Pauleta Sancho,74,LB,,Spain,Liga F,Valencia CF,27,161,54,Left,3,3,"Whipped Pass, Rapid, Relentless",Women's Football,https://www.ea.com/games/ea-sports-fc/ratings/player-ratings/272087,77,65,68,71,72,68,77,77,69,67,65,65,59,55,65,70,41,76,65,60,69,70,67,70,75,66,75,60,79,70,65,74,75,64,70,14,15,7,5,6
2309,Andrea Sierra,74,RB,RM,Spain,Liga F,SD Eibar,28,162,58,Right,2,3,Long Throw,Women's Football,https://www.ea.com/games/ea-sports-fc/ratings/player-ratings/275578,76,53,67,69,69,56,68,83,62,55,61,43,42,51,65,75,41,70,65,52,68,71,59,74,71,70,63,72,59,82,71,66,71,48,53,5,5,6,5,12
2309,Catarina Amado,74,RB,LB,Portugal,Liga Portugal Feminino,SL Benfica,26,168,58,Right,3,3,,Women's Football,https://www.ea.com/games/ea-sports-fc/ratings/player-ratings/261858,77,59,66,69,68,70,79,75,59,60,65,58,39,56,56,70,48,73,68,61,67,63,80,70,73,65,66,65,69,69,72,75,82,62,72,9,12,13,10,10
2309,Lúcia Alves,74,LB,CM,Portugal,Liga Portugal Feminino,SL Benfica,28,157,55,Right,3,2,"Long Ball Pass, Technical",Women's Football,https://www.ea.com/games/ea-sports-fc/ratings/player-ratings/268470,75,48,69,77,69,62,79,72,63,50,60,34,33,47,60,75,42,73,69,70,79,75,88,68,75,66,70,62,69,69,72,69,74,53,67,7,7,14,11,12
2309,Meredith Speck,74,CM,CAM,United States,NWSL,NC Courage,33,160,55,Left,3,3,,Women's Football,https://www.ea.com/games/ea-sports-fc/ratings/player-ratings/267245,69,66,75,74,64,59,67,70,75,68,62,67,61,59,78,76,58,78,68,72,74,69,72,75,76,78,67,59,66,68,45,61,70,51,66,11,5,11,9,10
2309,Drew Spence,74,CM,CAM,Jamaica,Barclays WSL,Spurs,33,164,62,Right,4,3,"Power Shot, Power Header, Technical",Women's Football,https://www.ea.com/games/ea-sports-fc/ratings/player-ratings/265246,33,74,73,72,61,69,32,34,78,75,77,75,60,65,77,67,56,77,75,65,77,32,71,74,78,61,71,59,45,70,59,66,44,87,56,8,14,10,14,5
2309,Nikki Stanton,74,CDM,,United States,NWSL,Seattle Reign,35,170,65,Right,3,2,,Women's Football,https://www.ea.com/games/ea-sports-fc/ratings/player-ratings/267211,49,53,65,65,73,68,51,48,55,52,57,53,51,52,72,41,55,75,76,46,63,47,84,70,71,68,75,51,79,73,75,64,57,76,61,11,9,10,7,12
2309,Beke Sterner,74,RB,CM,Germany,GPFBL,SGS Essen,23,164,57,Right,2,2,"Anticipate, Aerial",Women's Football,https://www.ea.com/games/ea-sports-fc/ratings/player-ratings/265033,73,59,73,71,71,69,75,72,60,57,64,58,51,64,69,72,65,77,73,64,69,77,72,73,73,71,74,59,77,69,68,74,73,71,60,7,11,14,11,6
2309,Ella Stevens,74,ST,,United States,NWSL,Gotham FC,28,173,60,Right,3,3,Incisive Pass,Women's Football,https://www.ea.com/games/ea-sports-fc/ratings/player-ratings/267278,70,74,67,68,42,66,69,70,79,76,74,72,72,65,66,58,66,75,66,61,66,62,60,76,74,62,38,74,38,41,37,77,65,69,58,13,12,13,6,11
2309,Zoé Stiévenart,74,RM,"LM, ST, RW",France,Arkema PL,Havre AC,24,167,57,Right,3,3,,Women's Football,https://www.ea.com/games/ea-sports-fc/ratings/player-ratings/268647,78,72,68,75,41,70,78,78,74,74,71,72,69,68,65,67,62,75,59,69,75,76,70,67,78,70,38,67,40,38,32,78,74,70,63,14,6,9,6,7
2309,Fatima Tagnaout,74,LW,"RW, LM",Morocco,Liga F,Sevilla FC,27,157,54,Left,2,4,"Technical, Flair, Trivela",Women's Football,https://www.ea.com/games/ea-sports-fc/ratings/player-ratings/273239,87,65,67,79,40,52,88,86,68,67,63,63,54,69,63,72,65,70,58,74,79,88,83,70,77,77,47,47,35,39,33,65,64,53,31,9,13,10,10,9
2309,Inês Pereira,74,GK,,Portugal,Liga F,RC Deportivo,27,168,64,Left,3,1,,Women's Football,https://www.ea.com/games/ea-sports-fc/ratings/player-ratings/261848,71,74,78,76,37,73,38,36,11,11,59,8,9,11,37,12,13,32,28,18,22,33,44,71,24,47,12,12,14,15,13,47,34,37,23,71,74,78,73,76
2309,Alyssa Thompson,74,LW,"RW, LM",United States,NWSL,Angel City FC,21,163,58,Right,3,4,"Technical, Quick Step",Women's Football,https://www.ea.com/games/ea-sports-fc/ratings/player-ratings/273466,86,66,69,78,41,58,84,88,72,70,64,63,59,54,70,63,58,76,59,71,78,86,81,64,79,65,34,64,35,45,38,77,55,62,46,13,10,7,8,11
2309,Sanne Troelsgaard,74,CM,,Denmark,Calcio A Femminile,Roma,37,176,64,Right,3,3,,Women's Football,https://www.ea.com/games/ea-sports-fc/ratings/player-ratings/266592,50,68,66,73,68,75,49,50,75,69,69,69,45,59,70,43,48,78,72,48,76,70,33,72,77,73,73,57,61,77,62,71,69,86,57,9,13,14,8,14
2309,Michelle Ulbrich,74,CB,,Germany,GPFBL,SV Werder Bremen,29,175,65,Right,3,2,"Long Ball Pass, Bruiser",Women's Football,https://www.ea.com/games/ea-sports-fc/ratings/player-ratings/265119,46,55,68,67,77,75,46,46,56,52,63,53,44,58,63,57,62,77,75,55,66,54,65,74,73,64,76,74,79,78,69,72,82,73,73,11,10,14,15,7
2309,Itxaso,74,CDM,,Spain,Liga F,Athletic Club,34,168,58,Right,2,3,Slide Tackle,Women's Football,https://www.ea.com/games/ea-sports-fc/ratings/player-ratings/272130,53,59,69,59,78,66,55,51,69,54,65,60,55,75,65,66,50,75,71,62,45,70,66,65,71,75,82,84,71,81,75,77,67,63,69,9,6,10,6,6
2309,Irina Uribe,74,ST,LW,Spain,Liga F,Badalona Women,27,160,60,Right,4,4,"Chip Shot, Technical, First Touch",Women's Football,https://www.ea.com/games/ea-sports-fc/ratings/player-ratings/272159,77,74,72,75,46,77,79,76,75,77,72,73,70,65,75,65,80,74,70,73,75,80,83,69,75,65,40,70,35,55,35,82,87,74,69,9,10,9,12,11
2309,Olivia Van der Jagt,74,CDM,CM,United States,NWSL,Seattle Reign,26,173,65,Right,3,3,,Women's Football,https://www.ea.com/games/ea-sports-fc/ratings/player-ratings/267522,65,55,65,68,74,63,65,65,55,55,59,57,39,51,67,41,56,77,75,40,66,64,65,70,74,67,76,48,77,77,74,60,69,60,63,14,14,5,8,9
2309,Daphne van Domselaar,74,GK,,Holland,Barclays WSL,Arsenal,26,176,66,Right,2,1,"Footwork, Cross Claimer",Women's Football,https://www.ea.com/games/ea-sports-fc/ratings/player-ratings/258680,73,69,66,74,40,75,36,45,8,6,50,8,7,19,35,12,14,31,16,10,9,37,46,74,18,25,8,10,6,14,13,45,21,34,18,73,69,66,75,74
2309,Michele Vasconcelos,74,CAM,RW,United States,NWSL,Utah Royals FC,32,165,60,Right,3,3,,Women's Football,https://www.ea.com/games/ea-sports-fc/ratings/player-ratings/267344,68,69,67,73,46,59,65,71,74,72,66,71,51,65,76,45,63,76,71,44,73,68,70,74,75,65,48,57,42,44,45,63,68,56,55,7,10,11,11,13
2309,Katrine Veje,74,LB,CB,Denmark,Barclays WSL,Crystal Palace,34,174,61,Left,3,2,Rapid,Women's Football,https://www.ea.com/games/ea-sports-fc/ratings/player-ratings/271347,66,45,73,66,72,69,63,68,43,38,61,45,34,59,58,75,66,81,77,71,64,61,50,73,72,75,71,66,74,73,71,71,66,70,69,12,7,10,9,13
2309,Bruna,74,RW,"CAM, RM",Spain,Barclays WSL,Brighton,23,163,53,Left,3,3,Technical,Women's Football,https://www.ea.com/games/ea-sports-fc/ratings/player-ratings/268939,82,73,62,74,33,60,79,85,77,77,65,77,70,54,55,65,61,70,51,63,75,75,54,77,75,71,43,54,34,21,23,67,66,57,56,7,11,8,12,7
2309,Cortnee Vine,74,LM,"RM, LW",Australia,NWSL,NC Courage,28,165,60,Right,3,3,Rapid,Women's Football,https://www.ea.com/games/ea-sports-fc/ratings/player-ratings/266240,81,67,66,76,33,49,84,78,75,75,61,65,45,50,67,68,41,72,56,62,76,77,91,70,77,66,24,41,20,49,35,53,78,43,29,7,12,11,13,9
2309,Sophia Winkler,74,GK,,Germany,GPFBL,SGS Essen,22,175,64,Right,2,1,"Far Throw, Footwork, Cross Claimer",Women's Football,https://www.ea.com/games/ea-sports-fc/ratings/player-ratings/265053,73,74,73,72,59,74,57,62,12,18,55,12,12,23,59,29,20,13,11,33,13,54,69,74,20,35,18,11,12,16,10,71,15,71,22,73,74,73,74,72
2309,Lily Woodham,74,LB,LM,Wales,NWSL,Seattle Reign,25,167,59,Left,3,3,,Women's Football,https://www.ea.com/games/ea-sports-fc/ratings/player-ratings/265352,76,53,65,66,73,69,76,76,61,47,68,48,41,62,49,69,73,70,67,72,60,74,72,70,73,60,76,68,75,73,68,75,77,62,75,11,5,14,8,9
2309,Julia Zigiotti,74,CM,CDM,Sweden,GPFBL,FC Bayern München,28,165,59,Right,3,3,,Women's Football,https://www.ea.com/games/ea-sports-fc/ratings/player-ratings/247477,69,64,75,76,60,55,71,67,71,62,67,67,57,51,77,63,72,79,79,69,78,80,82,69,74,57,53,40,60,71,64,53,68,50,54,15,10,8,12,14
2871,Mara Alber,73,RW,RM,Germany,GPFBL,TSG Hoffenheim,20,178,63,Right,2,3,,Women's Football,https://www.ea.com/games/ea-sports-fc/ratings/player-ratings/274846,77,66,64,74,54,66,79,76,76,75,53,66,33,58,70,60,42,69,64,52,75,77,62,71,76,62,68,49,38,66,42,67,76,64,59,10,7,9,10,9
2871,Asmita Ale,73,RB,RM,England,Barclays WSL,Leicester City,24,166,59,Right,3,2,"Jockey, Anticipate, Long Throw",Women's Football,https://www.ea.com/games/ea-sports-fc/ratings/player-ratings/265253,67,51,67,64,73,67,65,68,59,54,54,42,35,55,58,72,55,73,67,62,58,69,76,69,70,56,74,69,73,75,72,72,61,69,68,13,8,8,9,10
2871,Ainhoa Alguacil,73,CM,CAM,Spain,Liga F,Valencia CF,20,163,58,Right,2,3,"Long Ball Pass, Flair",Women's Football,https://www.ea.com/games/ea-sports-fc/ratings/player-ratings/272097,76,64,74,71,65,56,77,75,70,70,60,60,45,55,70,65,53,83,80,61,69,81,74,60,74,61,66,71,55,74,55,71,73,49,50,8,7,8,8,13
2871,Ary Borges,73,CM,,Brazil,NWSL,Rac. Louisville,26,165,60,Right,3,3,"Flair, Press Proven",Women's Football,https://www.ea.com/games/ea-sports-fc/ratings/player-ratings/272826,72,74,68,76,62,57,71,73,74,75,74,72,72,71,69,56,66,74,70,61,76,72,78,73,78,64,67,67,46,73,66,68,71,54,45,12,11,8,11,8
2871,Lydia Andrade,73,LM,"RM, LW",Switzerland,GPFBL,RB Leipzig,27,167,62,Right,2,3,"Block, Technical",Women's Football,https://www.ea.com/games/ea-sports-fc/ratings/player-ratings/272274,75,66,72,73,48,67,79,72,76,65,67,69,61,50,70,78,65,75,62,65,75,79,57,66,73,69,54,43,45,54,34,66,65,70,64,5,11,5,11,7
2871,Paula Arana,73,LM,"ST, LW",Spain,Liga F,Granada CF,24,172,60,Right,4,3,Rapid,Women's Football,https://www.ea.com/games/ea-sports-fc/ratings/player-ratings/272136,77,70,72,72,56,64,79,76,70,69,73,72,69,65,71,70,74,75,69,71,75,71,75,64,70,62,55,55,61,55,47,73,69,68,45,10,8,9,9,15
2871,Eider Arana,73,LB,CB,Spain,Liga F,SD Eibar,24,170,60,Left,3,3,Long Throw,Women's Football,https://www.ea.com/games/ea-sports-fc/ratings/player-ratings/278651,62,54,69,69,72,78,54,69,72,62,52,40,32,45,74,71,43,72,70,50,71,61,59,75,72,61,66,77,72,75,65,81,81,80,68,12,7,7,10,12
2871,Guðrún Arnardóttir,73,CB,,Iceland,Sverige Liga,FC Rosengård,30,171,68,Right,3,2,,Women's Football,https://www.ea.com/games/ea-sports-fc/ratings/player-ratings/269657,66,34,58,63,75,72,65,67,27,34,33,35,30,51,58,32,42,75,69,31,60,68,51,75,65,58,74,71,77,75,71,75,77,69,70,9,11,9,13,7
2871,Merle Barth,73,CB,,Germany,Liga F,Atlético de Madrid,32,166,60,Right,3,2,,Women's Football,https://www.ea.com/games/ea-sports-fc/ratings/player-ratings/265021,47,47,66,64,73,71,47,47,66,45,49,45,40,56,69,60,42,75,67,41,55,66,63,72,74,64,74,70,77,70,74,72,57,80,66,13,8,12,6,6
2871,Bea Beltrán,73,LB,LW,Spain,Liga F,C. Adeje Tenerife,28,160,52,Left,3,3,Slide Tackle,Women's Football,https://www.ea.com/games/ea-sports-fc/ratings/player-ratings/272086,71,56,62,64,71,71,70,71,47,50,67,59,45,65,39,75,51,70,60,59,58,69,62,69,70,77,70,60,73,75,70,73,73,72,65,7,10,11,12,7
2871,Malia Berkely,73,CB,CDM,United States,NWSL,NC Courage,28,173,57,Right,3,3,Long Ball Pass,Women's Football,https://www.ea.com/games/ea-sports-fc/ratings/player-ratings/265862,50,50,57,64,75,63,53,47,44,48,65,41,32,64,42,52,33,72,61,51,60,68,56,72,70,63,74,71,76,75,73,74,36,75,65,12,6,8,8,8
2871,Julia Bianchi,73,CDM,CM,Brazil,NWSL,Chicago Stars FC,28,167,58,Right,3,3,"Tiki Taka, Anticipate",Women's Football,https://www.ea.com/games/ea-sports-fc/ratings/player-ratings/273777,71,73,75,76,70,54,70,71,68,70,77,76,71,71,74,77,67,77,73,74,77,76,76,76,77,68,69,56,71,74,68,54,69,41,67,8,13,14,7,10
2871,Alena Bienz,73,ST,CAM,Switzerland,GPFBL,1. FC Köln,23,167,61,Right,2,3,,Women's Football,https://www.ea.com/games/ea-sports-fc/ratings/player-ratings/271845,75,69,67,72,50,69,76,75,82,74,72,58,63,54,64,63,45,74,67,62,73,65,70,75,74,63,47,65,39,58,52,77,72,70,59,8,11,14,8,15
2871,Cyrielle Blanc,73,CM,CDM,France,Arkema PL,Montpellier,23,176,66,Right,3,3,,Women's Football,https://www.ea.com/games/ea-sports-fc/ratings/player-ratings/265840,57,64,69,70,69,73,43,69,73,69,57,66,49,53,71,55,49,78,74,58,71,66,50,72,74,68,72,51,66,76,66,61,73,76,68,8,6,9,10,10
2871,Laura Blindkilde Brown,73,CM,CAM,England,Barclays WSL,Manchester City,22,162,56,Right,5,3,,Women's Football,https://www.ea.com/games/ea-sports-fc/ratings/player-ratings/265317,73,57,70,73,61,54,70,75,75,55,59,56,50,57,75,51,49,79,78,52,73,72,79,70,75,56,59,54,58,67,61,57,68,48,51,9,6,7,6,6
2871,Lou Bogaert,73,LB,,France,Arkema PL,Paris FC,21,166,58,Left,3,3,,Women's Football,https://www.ea.com/games/ea-sports-fc/ratings/player-ratings/269972,65,51,63,71,71,64,68,63,44,48,72,44,41,43,50,69,41,73,55,64,70,72,69,69,75,53,71,67,69,74,75,71,66,65,57,10,11,8,13,15
2871,Emilie Bragstad,73,CB,,Norway,GPFBL,Leverkusen,24,188,75,Right,3,2,,Women's Football,https://www.ea.com/games/ea-sports-fc/ratings/player-ratings/268478,36,45,51,57,74,74,38,35,26,45,65,33,23,62,29,38,27,68,62,54,59,33,34,69,63,64,68,78,75,77,73,75,69,78,70,8,9,12,7,9
2871,Fiona Brown,73,LM,"LB, CM, LW",Scotland,Scottish Women's League,Glasgow City FC,31,165,55,Right,3,4,,Women's Football,https://www.ea.com/games/ea-sports-fc/ratings/player-ratings/245884,76,70,68,71,37,69,78,75,72,69,72,80,44,62,70,70,57,71,67,48,70,63,80,74,73,65,35,65,32,36,32,80,78,75,41,6,7,7,10,13
2871,Phoenetia Browne,73,ST,,St. Kitts and Nevis,Liga F,Valencia CF,32,173,66,Left,4,3,"Press Proven, Quick Step",Women's Football,https://www.ea.com/games/ea-sports-fc/ratings/player-ratings/265171,77,71,65,71,38,76,71,81,73,70,80,66,62,71,69,68,61,70,48,63,70,67,61,72,76,69,42,72,39,28,20,87,73,86,54,8,7,13,6,6
2871,Rute Costa,73,GK,,Portugal,Liga Portugal Feminino,SL Benfica,32,170,62,Right,3,1,"1v1 Close Down, Deflector",Women's Football,https://www.ea.com/games/ea-sports-fc/ratings/player-ratings/261857,70,71,79,76,43,70,47,38,11,11,59,9,9,11,45,12,14,28,35,11,12,50,61,70,17,53,20,15,17,13,12,59,41,54,29,70,71,79,70,76
2871,Raiderlín Carrasco,73,LB,LM,Venezuela,Liga F,Levante UD,23,165,60,Right,3,3,"Block, Anticipate, Rapid, Relentless, Long Throw",Women's Football,https://www.ea.com/games/ea-sports-fc/ratings/player-ratings/272244,81,58,65,72,69,77,82,80,69,50,71,65,46,51,64,69,64,70,55,51,70,76,74,65,74,77,64,65,70,72,70,84,77,78,75,15,6,12,12,12
2871,Ava Cook,73,LM,"ST, LW",United States,NWSL,Chicago Stars FC,27,178,65,Left,3,3,,Women's Football,https://www.ea.com/games/ea-sports-fc/ratings/player-ratings/268302,75,73,68,71,38,60,76,74,78,79,64,67,76,66,61,60,57,78,72,51,73,71,35,75,76,57,33,75,37,32,36,82,52,68,45,12,12,13,5,15
2871,Maureen Cosson,73,CB,,France,Arkema PL,FC Nantes,29,163,62,Left,3,2,,Women's Football,https://www.ea.com/games/ea-sports-fc/ratings/player-ratings/72438,50,38,61,61,75,68,54,47,49,29,50,41,35,54,45,44,66,78,69,39,51,61,63,71,76,56,75,76,77,74,69,77,64,71,65,6,12,10,7,6
2871,Thais Ferreira,73,CDM,CB,Brazil,Liga F,C. Adeje Tenerife,30,165,59,Right,2,2,Jockey,Women's Football,https://www.ea.com/games/ea-sports-fc/ratings/player-ratings/273547,71,47,58,68,75,77,71,71,40,45,57,42,51,51,49,41,41,70,67,58,65,68,71,69,70,71,75,70,75,77,75,83,71,82,71,5,10,6,7,6
2871,Leles Carrión,73,CM,RM,Spain,Liga F,Granada CF,29,165,60,Right,3,3,"Technical, Relentless",Women's Football,https://www.ea.com/games/ea-sports-fc/ratings/player-ratings/272032,81,68,71,70,68,74,80,81,70,70,65,69,60,55,71,60,57,80,70,71,72,65,68,70,70,70,75,69,62,70,60,82,81,74,65,13,9,6,8,15
2871,Kate Del Fava,73,CB,,United States,NWSL,Utah Royals FC,27,173,57,Right,3,3,,Women's Football,https://www.ea.com/games/ea-sports-fc/ratings/player-ratings/267332,72,49,69,70,75,69,72,72,58,48,54,49,43,41,63,70,51,75,66,66,68,62,59,78,76,67,75,66,75,76,76,74,75,68,65,6,12,6,6,10
2871,Agathe Donnary,73,CM,CDM,France,Arkema PL,En Avant Guingamp,24,161,55,Right,3,3,,Women's Football,https://www.ea.com/games/ea-sports-fc/ratings/player-ratings/265944,73,58,70,72,66,72,71,75,71,59,55,60,52,50,76,59,46,77,72,59,71,75,77,67,74,68,72,59,61,70,62,71,88,69,59,10,11,9,14,7
2871,Julie Doyle,73,RM,"LM, RW",United States,NWSL,Orlando Pride,27,173,62,Right,3,3,,Women's Football,https://www.ea.com/games/ea-sports-fc/ratings/player-ratings/267299,77,70,69,71,45,63,75,78,72,72,70,67,61,68,69,71,58,72,66,65,70,71,63,72,73,65,47,68,48,34,39,74,67,62,58,5,7,10,7,11
2871,Laureta Elmazi,73,LM,LW,Germany,GPFBL,SGS Essen,22,175,64,Right,3,3,,Women's Football,https://www.ea.com/games/ea-sports-fc/ratings/player-ratings/265046,72,70,70,72,53,63,70,73,78,72,69,70,67,55,69,72,67,71,67,63,72,74,59,76,73,67,49,64,51,53,55,71,61,65,60,14,14,14,9,8
2871,Romane Enguehard,73,RB,LB,France,Arkema PL,Havre AC,26,163,54,Right,3,3,"Jockey, Relentless",Women's Football,https://www.ea.com/games/ea-sports-fc/ratings/player-ratings/269213,68,66,71,75,69,63,64,71,70,69,62,64,59,61,75,65,58,75,70,63,75,72,71,69,78,68,72,45,69,75,72,56,81,55,64,11,15,8,11,11
2871,Thelma Eninger,73,RW,"CAM, RM",France,Arkema PL,FC Nantes,24,158,48,Right,3,3,"Tiki Taka, First Touch, Press Proven",Women's Football,https://www.ea.com/games/ea-sports-fc/ratings/player-ratings/264965,68,70,73,77,53,47,70,67,70,72,67,69,62,71,68,70,70,79,74,68,76,79,83,68,79,78,56,49,47,58,51,48,62,36,57,11,11,9,12,13
2871,Niamh Fahey,73,CB,,Republic of Ireland,Barclays WSL,Liverpool,38,170,63,Right,3,2,Intercept,Women's Football,https://www.ea.com/games/ea-sports-fc/ratings/player-ratings/266913,46,40,63,62,78,60,55,39,35,32,57,40,34,50,57,49,46,75,67,56,53,61,69,77,70,66,79,73,80,78,72,63,69,49,77,14,6,5,8,6
2871,Jana,73,CB,LB,Spain,Liga F,FC Barcelona,24,163,53,Right,3,2,Slide Tackle,Women's Football,https://www.ea.com/games/ea-sports-fc/ratings/player-ratings/268941,68,49,63,62,75,67,67,69,53,45,60,48,23,62,63,45,50,75,69,37,50,60,65,78,75,71,70,65,78,80,69,71,62,68,68,9,7,5,6,5
2871,Mia Fishel,73,ST,,United States,Barclays WSL,Chelsea,25,170,67,Right,4,3,"Power Header, Flair",Women's Football,https://www.ea.com/games/ea-sports-fc/ratings/player-ratings/267300,75,74,65,72,23,68,75,75,68,76,72,72,75,71,75,57,60,68,57,65,73,69,53,67,74,76,15,78,19,17,15,91,68,83,24,6,9,14,6,12
2871,Ana Franco,73,LM,"RM, LW",Spain,Liga F,Levante UD,26,174,56,Right,4,3,Technical,Women's Football,https://www.ea.com/games/ea-sports-fc/ratings/player-ratings/272047,79,69,70,74,45,68,79,79,70,70,65,69,69,72,70,69,71,76,60,69,75,76,71,65,74,67,45,55,35,50,45,76,66,72,60,10,14,7,8,15
2871,Naima García,73,ST,LM,Spain,Liga F,Real Betis,27,160,54,Left,3,4,,Women's Football,https://www.ea.com/games/ea-sports-fc/ratings/player-ratings/275779,77,71,68,76,43,65,75,78,77,71,69,72,71,65,71,64,72,71,65,65,78,78,67,80,74,72,41,65,45,37,32,73,85,61,49,9,10,10,9,10
2871,Sonia Majarín,73,CDM,CB,Spain,Liga F,Badalona Women,23,170,59,Left,3,2,,Women's Football,https://www.ea.com/games/ea-sports-fc/ratings/player-ratings/272111,68,52,65,63,71,71,69,68,55,51,50,55,47,52,65,50,43,78,70,45,55,63,64,72,73,62,70,66,70,75,72,75,60,74,75,12,11,11,13,10
2871,Christy Gavory,73,CM,,France,Arkema PL,Havre AC,28,156,48,Right,3,3,"Incisive Pass, Anticipate",Women's Football,https://www.ea.com/games/ea-sports-fc/ratings/player-ratings/270049,70,68,72,78,62,56,73,67,69,64,78,73,52,61,73,71,71,74,71,70,78,83,90,68,76,72,71,48,59,65,56,51,77,39,75,9,13,6,12,8
2871,Chasity Grant,73,LW,"RW, LM",Holland,Barclays WSL,Aston Villa,25,167,63,Right,3,3,"Whipped Pass, Bruiser",Women's Football,https://www.ea.com/games/ea-sports-fc/ratings/player-ratings/273205,71,66,69,72,37,69,72,70,77,70,62,66,48,60,71,80,43,72,55,65,72,68,60,70,75,68,30,45,28,48,32,67,67,72,65,12,7,11,7,15
2871,Malgorzata Grec,73,CB,,Poland,Arkema PL,Dijon FCO,26,183,76,Right,3,2,"Jockey, Bruiser",Women's Football,https://www.ea.com/games/ea-sports-fc/ratings/player-ratings/270526,53,38,46,54,72,82,46,59,35,33,57,31,34,34,45,32,31,57,44,41,53,41,32,67,60,58,71,77,73,73,65,83,68,92,76,10,13,12,8,12
2871,Svava Rós Gudmundsdóttir,73,ST,,Iceland,NWSL,Gotham FC,30,177,68,Right,3,3,,Women's Football,https://www.ea.com/games/ea-sports-fc/ratings/player-ratings/265868,71,72,70,72,36,71,72,70,78,71,74,72,69,69,69,61,65,77,71,57,74,63,52,69,75,70,34,73,31,31,32,82,71,74,60,14,11,12,6,6
2871,Sofia Guellati,73,CB,,Algeria,Arkema PL,En Avant Guingamp,33,171,61,Right,3,2,Bruiser,Women's Football,https://www.ea.com/games/ea-sports-fc/ratings/player-ratings/268643,49,48,58,57,75,71,61,39,55,45,54,43,40,63,43,55,44,69,63,51,57,44,55,73,59,61,73,74,74,77,74,77,63,72,78,12,14,11,8,5
2871,Maika Hamano,73,CAM,CM,Japan,Barclays WSL,Chelsea,22,165,56,Right,4,4,"Finesse Shot, Incisive Pass, Technical, First Touch",Women's Football,https://www.ea.com/games/ea-sports-fc/ratings/player-ratings/273520,76,70,62,78,49,49,76,76,73,76,60,67,76,67,67,43,60,71,60,54,77,83,89,64,79,65,46,58,45,54,43,63,66,46,33,8,14,7,11,10
2871,Tuva Hansen,73,RB,"CB, LB",Norway,GPFBL,FC Bayern München,28,165,55,Right,2,3,Whipped Pass,Women's Football,https://www.ea.com/games/ea-sports-fc/ratings/player-ratings/239756,61,42,59,64,77,65,69,55,35,49,45,25,31,44,38,64,36,71,58,62,61,65,66,68,66,72,74,70,77,79,79,72,66,65,64,13,12,7,10,11
2871,Uchenna Kanu,73,LM,"ST, LW",Nigeria,NWSL,Rac. Louisville,28,173,62,Right,4,3,Rapid,Women's Football,https://www.ea.com/games/ea-sports-fc/ratings/player-ratings/273271,74,70,69,74,42,67,72,76,74,72,69,69,59,60,71,60,55,75,69,67,76,69,71,69,75,69,41,67,37,41,37,78,72,74,41,7,8,6,6,14
2871,Isa Kardinaal,73,CB,RB,Holland,Nederland Vrouwen Liga,Ajax,21,168,59,Right,2,2,,Women's Football,https://www.ea.com/games/ea-sports-fc/ratings/player-ratings/275961,67,50,49,58,73,71,66,68,28,49,60,52,23,59,28,28,32,77,53,28,51,63,60,74,63,59,69,72,77,74,70,78,67,71,73,5,11,13,12,12
2871,Sarah Kassi,73,CDM,"CM, RB",Morocco,Arkema PL,FC Fleury 91,22,167,60,Right,3,2,,Women's Football,https://www.ea.com/games/ea-sports-fc/ratings/player-ratings/264961,40,57,66,69,69,68,34,45,55,58,59,55,53,57,66,48,53,77,74,58,67,64,73,69,74,61,71,55,70,73,66,56,68,67,74,6,5,9,13,8
2871,Justine Kielland,73,CM,CDM,Norway,GPFBL,VfL Wolfsburg,23,166,58,Right,2,2,,Women's Football,https://www.ea.com/games/ea-sports-fc/ratings/player-ratings/73027,70,71,70,71,68,68,68,72,76,73,68,71,57,69,74,62,63,75,73,50,71,67,60,74,73,68,69,65,69,68,62,72,71,69,63,13,13,12,12,8
2871,Leanne Kiernan,73,ST,"LM, CM",Republic of Ireland,Barclays WSL,Liverpool,27,164,52,Right,4,3,"Technical, Flair",Women's Football,https://www.ea.com/games/ea-sports-fc/ratings/player-ratings/266923,81,76,64,76,28,59,82,80,79,77,75,76,75,71,63,60,65,73,51,63,78,78,69,68,77,59,25,52,32,19,21,65,70,52,59,7,6,7,10,13
2871,Kaja Korošec,73,CM,CDM,Slovenia,Arkema PL,Paris FC,24,170,62,Left,2,2,,Women's Football,https://www.ea.com/games/ea-sports-fc/ratings/player-ratings/276862,67,74,70,75,58,66,70,65,73,73,83,77,52,66,71,59,72,74,73,68,76,68,67,68,79,68,59,57,49,68,53,69,74,68,52,10,5,14,10,8
2871,Alexandria Lamontagne,73,ST,CAM,Canada,Arkema PL,AS Saint Étienne,29,168,65,Right,3,3,,Women's Football,https://www.ea.com/games/ea-sports-fc/ratings/player-ratings/268649,77,73,62,71,34,76,81,74,75,75,74,71,65,72,60,57,63,68,59,59,69,75,75,71,71,69,27,73,34,29,26,91,82,83,45,9,10,9,14,13
2871,Rose Lavaud,73,LM,"RM, LW",France,Arkema PL,Dijon FCO,34,158,55,Right,3,3,Incisive Pass,Women's Football,https://www.ea.com/games/ea-sports-fc/ratings/player-ratings/227354,74,64,69,78,52,59,72,76,76,62,64,62,59,73,73,68,60,70,64,65,78,87,88,76,76,70,49,44,59,54,43,57,64,55,61,12,12,7,8,15
2871,Rachael Laws,73,GK,,England,Barclays WSL,Liverpool,35,175,66,Right,3,1,"Long Ball Pass, Cross Claimer, 1v1 Close Down",Women's Football,https://www.ea.com/games/ea-sports-fc/ratings/player-ratings/266907,70,72,71,73,33,74,33,32,11,7,53,11,7,21,57,19,11,33,34,14,8,36,56,73,21,43,16,7,16,11,12,58,32,66,22,70,72,71,74,73
2871,Fiona Liaigre,73,LB,RB,France,Arkema PL,Paris FC,21,162,56,Right,4,3,Intercept,Women's Football,https://www.ea.com/games/ea-sports-fc/ratings/player-ratings/271174,76,46,59,64,70,67,78,75,58,44,54,40,40,48,56,59,42,66,55,53,61,71,69,73,64,53,74,54,69,72,75,69,79,62,62,13,13,9,11,5
2871,Lisa Lichtfus,73,GK,,Belgium,Arkema PL,Havre AC,26,172,60,Right,3,1,"Cross Claimer, Deflector",Women's Football,https://www.ea.com/games/ea-sports-fc/ratings/player-ratings/261863,69,75,68,76,43,71,41,47,9,9,51,8,9,12,34,12,11,25,21,14,15,44,47,67,17,33,13,12,12,13,11,52,36,45,18,69,75,68,71,76
2871,Alexis Loera,73,CB,,United States,NWSL,Bay FC,26,170,61,Right,3,2,Long Ball Pass,Women's Football,https://www.ea.com/games/ea-sports-fc/ratings/player-ratings/267338,39,42,59,65,78,68,40,38,41,37,54,43,32,40,52,62,35,65,58,56,61,63,73,71,70,56,79,61,82,80,79,61,65,70,70,8,13,13,5,8
2871,Vicky López,73,CAM,LW,Spain,Liga F,FC Barcelona,19,161,54,Right,4,4,Technical,Women's Football,https://www.ea.com/games/ea-sports-fc/ratings/player-ratings/271446,82,70,68,75,36,47,81,83,67,71,75,74,55,50,70,59,70,75,60,77,75,84,79,66,74,71,15,49,45,40,30,56,60,40,45,5,14,14,13,11
2871,Ainhoa Marín,73,RW,RM,Spain,Liga F,RC Deportivo,25,165,60,Right,3,3,Incisive Pass,Women's Football,https://www.ea.com/games/ea-sports-fc/ratings/player-ratings/72149,73,72,71,73,40,66,75,72,72,77,66,69,61,67,71,72,60,72,71,69,71,71,79,71,75,77,41,55,32,42,41,70,81,65,51,12,11,11,8,11
2871,Morgane Martins,73,LB,,Portugal,Arkema PL,FC Fleury 91,28,155,50,Left,3,3,"Jockey, Block, Intercept, Anticipate",Women's Football,https://www.ea.com/games/ea-sports-fc/ratings/player-ratings/265956,74,46,65,66,70,68,76,72,54,46,50,44,43,42,56,70,39,74,60,67,62,70,91,67,67,62,74,59,69,73,70,72,81,65,60,6,15,9,9,6
2871,Andreia Faria,73,CDM,CM,Portugal,Liga Portugal Feminino,SL Benfica,26,164,55,Right,3,3,Long Ball Pass,Women's Football,https://www.ea.com/games/ea-sports-fc/ratings/player-ratings/261845,67,62,72,74,70,60,66,68,69,63,67,60,44,50,70,68,48,77,75,74,74,72,80,74,76,69,72,58,70,74,66,64,65,58,59,14,12,15,12,12
2871,Saskia Matheis,73,CM,CDM,Germany,GPFBL,SV Werder Bremen,28,170,59,Right,3,3,"Jockey, Block",Women's Football,https://www.ea.com/games/ea-sports-fc/ratings/player-ratings/264949,57,64,68,73,67,72,63,52,73,58,71,68,60,60,71,50,68,76,71,65,71,70,73,77,79,65,71,59,72,64,64,70,71,74,67,5,11,10,10,11
2871,Jasmine Matthews,73,CB,CM,England,Barclays WSL,Liverpool,33,171,58,Left,4,2,"Block, Intercept",Women's Football,https://www.ea.com/games/ea-sports-fc/ratings/player-ratings/266914,52,61,63,68,76,67,53,52,66,62,62,66,32,50,69,29,55,78,72,50,69,57,55,72,72,67,75,65,79,76,76,67,63,69,67,5,8,14,14,11
2871,Kayla McKenna,73,ST,,Jamaica,Liga F,Madrid CFF,29,170,60,Right,3,3,,Women's Football,https://www.ea.com/games/ea-sports-fc/ratings/player-ratings/248365,77,71,60,73,34,60,74,79,73,77,65,64,60,75,62,45,60,69,58,55,74,65,71,67,77,65,30,80,18,38,36,82,63,64,40,14,12,8,13,15
2871,Naomi Mégroz,73,LB,RB,Switzerland,Schweizer Damen Liga,FC Zürich,27,168,59,Right,3,2,Bruiser,Women's Football,https://www.ea.com/games/ea-sports-fc/ratings/player-ratings/273406,63,59,64,63,74,68,65,62,46,64,55,60,29,59,50,74,58,74,49,51,54,60,56,72,76,60,72,72,74,77,68,76,65,69,65,12,13,12,13,7
2871,Teresa Mérida,73,CB,,Spain,Liga F,Levante UD,23,169,59,Right,2,2,,Women's Football,https://www.ea.com/games/ea-sports-fc/ratings/player-ratings/272059,63,32,54,60,74,74,68,58,25,30,46,22,29,41,40,33,35,71,72,45,50,68,65,65,70,65,70,77,71,77,76,85,68,78,70,5,8,9,11,5
2871,Teagan Micah,73,GK,,Australia,Barclays WSL,Liverpool,28,176,64,Right,3,1,,Women's Football,https://www.ea.com/games/ea-sports-fc/ratings/player-ratings/248751,71,72,76,73,30,73,33,26,5,8,57,8,5,14,31,12,10,19,26,12,9,28,51,71,18,26,7,9,8,13,11,45,37,40,32,71,72,76,73,73
2871,María Miralles,73,GK,,Spain,Liga F,SD Eibar,29,159,60,Right,2,1,,Women's Football,https://www.ea.com/games/ea-sports-fc/ratings/player-ratings/275576,72,70,73,74,32,75,32,33,6,10,55,6,6,13,34,14,12,21,17,11,13,22,31,63,18,15,11,9,7,14,11,43,23,33,17,72,70,73,75,74
2871,María Molina,73,CB,,Spain,Liga F,Levante UD,26,173,64,Right,2,2,Slide Tackle,Women's Football,https://www.ea.com/games/ea-sports-fc/ratings/player-ratings/268948,66,44,61,57,74,69,69,64,45,42,59,35,24,59,63,27,60,80,70,34,43,67,58,69,70,66,74,70,75,75,72,74,67,69,70,7,13,15,6,5
2871,Anna Moorhouse,73,GK,,England,NWSL,Orlando Pride,31,185,71,Right,2,1,,Women's Football,https://www.ea.com/games/ea-sports-fc/ratings/player-ratings/265856,71,74,72,73,41,71,39,43,8,8,54,11,7,18,38,12,11,25,22,14,10,38,57,70,13,25,8,8,10,14,12,59,35,62,12,71,74,72,71,73
2871,Shannon O'Brien,73,ST,"LM, RM",England,Barclays WSL,Leicester City,24,171,64,Right,3,3,,Women's Football,https://www.ea.com/games/ea-sports-fc/ratings/player-ratings/265234,71,69,60,77,67,71,71,71,79,67,75,69,62,57,78,48,45,68,43,51,82,73,64,74,76,58,69,70,67,67,64,78,59,74,76,11,8,5,15,12
2871,Patri Ojeda,73,CB,RB,Spain,Liga F,SD Eibar,35,166,52,Right,3,2,Slide Tackle,Women's Football,https://www.ea.com/games/ea-sports-fc/ratings/player-ratings/272251,63,58,60,64,74,72,64,62,25,51,71,70,45,65,31,59,72,75,60,69,55,62,70,80,75,70,81,66,75,75,65,71,76,68,75,12,14,8,12,14
2871,Ria Öling,73,RM,"CM, RB, RW",Finland,Sverige Liga,FC Rosengård,31,169,61,Right,3,3,Rapid,Women's Football,https://www.ea.com/games/ea-sports-fc/ratings/player-ratings/275925,71,63,70,74,64,66,76,66,68,66,58,61,55,65,73,70,57,73,66,62,76,57,85,73,77,68,58,64,67,67,58,76,69,69,53,14,8,11,9,9
2871,Freja Siri Olofsson,73,CDM,CM,Sweden,Liga F,Madrid CFF,28,174,69,Right,3,3,,Women's Football,https://www.ea.com/games/ea-sports-fc/ratings/player-ratings/267326,44,52,70,70,70,71,49,40,57,52,51,55,44,48,68,62,42,80,75,51,65,67,61,75,79,68,70,66,72,70,69,72,47,81,74,12,8,10,7,13
2871,Jasmin Pal,73,GK,,Austria,GPFBL,1. FC Köln,29,174,65,Right,2,1,"Far Throw, Cross Claimer",Women's Football,https://www.ea.com/games/ea-sports-fc/ratings/player-ratings/271841,70,67,72,74,41,76,36,49,5,6,54,6,7,12,31,10,12,23,27,11,7,49,52,74,18,28,9,12,8,12,13,54,28,51,16,70,67,72,76,74
2871,Lucía Pardo,73,ST,,Spain,Liga F,Real Sociedad,26,170,55,Right,3,3,Rapid,Women's Football,https://www.ea.com/games/ea-sports-fc/ratings/player-ratings/272073,84,74,71,77,32,64,83,84,70,70,79,80,70,65,68,69,77,75,65,79,80,80,79,69,75,66,32,69,31,20,33,78,72,63,52,13,10,12,12,10
2871,Lucy Parker,73,CB,,England,Barclays WSL,Aston Villa,27,173,66,Right,3,2,,Women's Football,https://www.ea.com/games/ea-sports-fc/ratings/player-ratings/265307,57,39,59,61,75,73,62,53,45,39,35,40,40,48,56,45,44,73,60,45,57,54,50,69,69,65,80,69,79,72,69,76,65,77,71,7,12,12,8,14
2871,Catalina Pérez,73,GK,,Colombia,GPFBL,SV Werder Bremen,31,171,62,Right,2,1,,Women's Football,https://www.ea.com/games/ea-sports-fc/ratings/player-ratings/272043,74,72,70,70,51,73,50,52,6,6,53,7,6,14,24,11,11,20,15,10,9,43,44,71,14,29,10,12,8,13,11,49,21,30,19,74,72,70,73,70
2871,Xènia Pérez,73,CB,CDM,Spain,Liga F,Atlético de Madrid,24,171,56,Right,2,2,,Women's Football,https://www.ea.com/games/ea-sports-fc/ratings/player-ratings/272109,61,43,64,69,75,67,58,63,55,40,48,40,30,59,62,60,39,77,60,35,66,68,60,76,75,60,75,75,77,75,70,73,69,64,69,7,14,8,12,14
2871,Cindy Perrault,73,GK,,France,Arkema PL,En Avant Guingamp,30,172,63,Right,3,1,Cross Claimer,Women's Football,https://www.ea.com/games/ea-sports-fc/ratings/player-ratings/267644,75,72,69,76,31,71,32,29,8,9,52,9,10,12,32,10,11,24,21,14,15,31,46,66,19,35,14,13,13,13,13,46,28,41,26,75,72,69,71,76
2871,Alayah Pilgrim,73,LW,"RW, LM",Switzerland,Calcio A Femminile,Roma,23,171,64,Right,3,3,,Women's Football,https://www.ea.com/games/ea-sports-fc/ratings/player-ratings/275887,69,71,70,72,48,67,72,67,75,74,68,69,70,66,73,68,63,77,62,51,74,65,56,74,76,53,22,72,49,59,39,81,66,72,51,7,7,11,11,10
2871,Katharina Piljić,73,CDM,CM,Germany,GPFBL,Leverkusen,22,171,62,Right,3,3,"Long Ball Pass, Long Throw",Women's Football,https://www.ea.com/games/ea-sports-fc/ratings/player-ratings/265042,51,65,71,69,71,66,61,42,70,61,67,68,61,76,73,65,65,73,75,67,70,62,62,75,71,68,73,56,76,70,71,65,67,67,64,14,10,5,11,13
2871,Viktoria Pinther,73,ST,"CAM, RM",Austria,Arkema PL,Dijon FCO,27,166,60,Right,3,3,Technical,Women's Football,https://www.ea.com/games/ea-sports-fc/ratings/player-ratings/275888,66,70,55,71,37,65,68,65,79,71,69,68,70,57,49,38,43,75,50,42,73,60,67,75,74,56,28,73,24,44,32,79,59,73,49,10,9,9,11,7
2871,Esperanza Pizarro,73,CM,ST,Uruguay,Liga F,SD Eibar,25,162,52,Left,2,3,,Women's Football,https://www.ea.com/games/ea-sports-fc/ratings/player-ratings/275587,64,72,75,71,60,67,64,64,77,74,71,70,66,61,76,72,71,77,74,66,71,56,73,65,75,71,60,62,54,69,50,69,74,68,54,8,7,10,14,15
2871,Julia Pollak,73,LB,CB,Germany,GPFBL,RB Leipzig,24,174,62,Left,2,2,Whipped Pass,Women's Football,https://www.ea.com/games/ea-sports-fc/ratings/player-ratings/264920,68,44,66,69,73,67,69,68,55,40,50,44,28,54,58,68,52,70,71,61,67,67,56,73,73,68,75,68,76,70,69,73,67,68,62,12,8,11,14,11
2871,Mariasun Quiñones,73,GK,,Spain,Liga F,Athletic Club,29,172,72,Right,2,1,Cross Claimer,Women's Football,https://www.ea.com/games/ea-sports-fc/ratings/player-ratings/237287,78,77,72,67,44,69,44,43,17,10,54,12,12,15,24,17,13,28,18,14,12,44,69,69,13,51,16,16,18,13,14,63,41,61,23,78,77,72,69,67
2871,Nina Räcke,73,CB,,Germany,GPFBL,RB Leipzig,24,174,65,Right,2,2,,Women's Football,https://www.ea.com/games/ea-sports-fc/ratings/player-ratings/265051,66,52,69,65,75,70,62,69,59,52,59,49,40,48,70,60,52,74,78,58,65,54,66,73,65,71,78,77,78,70,68,80,65,72,69,7,11,6,11,9
2871,Nina Richard,73,CM,CDM,France,Liga F,C. Adeje Tenerife,25,159,54,Right,3,3,"First Touch, Press Proven",Women's Football,https://www.ea.com/games/ea-sports-fc/ratings/player-ratings/267654,69,59,67,74,66,58,73,65,74,59,58,62,51,44,78,47,43,75,71,54,76,69,85,70,73,73,73,46,65,72,61,58,70,52,59,13,11,11,15,13
2871,Andrea Falcón,73,LW,"ST, LM",Spain,Liga Portugal Feminino,SL Benfica,29,173,63,Left,3,3,Technical,Women's Football,https://www.ea.com/games/ea-sports-fc/ratings/player-ratings/237290,72,68,73,74,52,61,70,73,70,72,67,66,48,58,67,78,57,75,71,78,77,67,72,67,76,61,52,44,48,63,42,58,63,60,60,8,6,14,14,14
2871,Olatz Santana,73,GK,,Spain,Liga F,Real Sociedad,29,171,57,Right,2,1,,Women's Football,https://www.ea.com/games/ea-sports-fc/ratings/player-ratings/272211,70,72,66,74,42,74,38,48,10,10,50,8,9,12,32,11,14,15,22,10,12,59,46,70,14,32,16,15,11,17,20,48,19,37,18,70,72,66,74,74
2871,Bruninha,73,RB,,Brazil,NWSL,Gotham FC,23,157,61,Right,3,2,"Tiki Taka, First Touch, Press Proven, Long Throw",Women's Football,https://www.ea.com/games/ea-sports-fc/ratings/player-ratings/271893,80,57,67,76,69,69,78,81,60,46,71,69,59,45,57,72,67,69,70,73,76,78,82,68,77,64,65,67,73,68,71,80,73,73,49,9,11,11,10,14
2871,Izarne Sarasola,73,LB,,Spain,Liga F,Real Sociedad,24,158,60,Left,3,3,,Women's Football,https://www.ea.com/games/ea-sports-fc/ratings/player-ratings/272205,65,59,72,67,74,60,68,63,61,59,62,61,55,40,60,74,50,80,75,62,65,71,61,75,70,66,75,82,77,70,64,78,62,56,61,15,8,9,15,11
2871,Jasmin Sehan,73,ST,,Germany,GPFBL,SV Werder Bremen,28,164,56,Right,2,3,,Women's Football,https://www.ea.com/games/ea-sports-fc/ratings/player-ratings/265111,70,71,68,72,49,66,70,70,74,72,72,71,68,55,55,70,63,78,60,66,74,67,64,73,73,69,51,73,44,46,44,78,52,70,72,14,10,11,14,14
2871,Jaedyn Shaw,73,RM,"CAM, RW",United States,NWSL,San Diego Wave,21,167,58,Right,3,3,"Incisive Pass, Pinged Pass",Women's Football,https://www.ea.com/games/ea-sports-fc/ratings/player-ratings/271040,81,70,71,71,44,64,80,82,73,69,77,66,71,67,64,70,67,76,70,71,71,70,64,70,75,66,41,66,35,50,34,77,67,66,52,9,6,7,8,13
2871,Marie-Morgane Sieber,73,GK,,France,Arkema PL,En Avant Guingamp,23,180,66,Right,3,1,Cross Claimer,Women's Football,https://www.ea.com/games/ea-sports-fc/ratings/player-ratings/268642,73,69,68,75,43,73,47,37,9,14,51,12,10,14,31,15,12,27,24,17,15,41,53,70,19,36,15,12,16,15,12,57,34,51,27,73,69,68,73,75
2871,Caroline Siems,73,LB,RB,Germany,GPFBL,SV Werder Bremen,27,164,57,Right,2,3,"Finesse Shot, Block",Women's Football,https://www.ea.com/games/ea-sports-fc/ratings/player-ratings/264910,79,67,71,74,71,63,81,77,76,71,66,64,62,49,72,75,50,74,64,64,77,75,47,75,74,63,70,64,76,70,66,77,62,64,59,12,7,12,11,10
2871,Teninsoun Sissoko,73,CB,,France,Arkema PL,Paris FC,33,173,65,Right,2,2,,Women's Football,https://www.ea.com/games/ea-sports-fc/ratings/player-ratings/265027,64,46,63,61,75,71,59,68,56,43,59,36,39,53,59,58,33,71,68,48,59,51,54,73,66,65,69,76,75,78,73,72,66,74,68,11,6,13,14,13
2871,Lucy Staniforth,73,CM,"CAM, CDM",England,Barclays WSL,Aston Villa,33,157,54,Right,3,3,,Women's Football,https://www.ea.com/games/ea-sports-fc/ratings/player-ratings/246235,75,66,70,77,63,55,78,73,71,66,66,69,53,53,71,60,53,78,72,64,75,82,81,75,77,75,73,45,59,68,60,57,70,46,56,5,8,10,9,8
2871,Julia Stierli,73,CB,,Switzerland,GPFBL,SC Freiburg,29,182,77,Left,2,2,Bruiser,Women's Football,https://www.ea.com/games/ea-sports-fc/ratings/player-ratings/273403,60,48,49,56,76,65,59,60,30,54,56,36,23,59,39,31,25,71,50,30,42,60,60,70,70,62,77,73,78,76,69,73,60,65,70,8,11,11,12,8
2871,Eva Sumo,73,CM,CDM,France,Arkema PL,FC Nantes,32,169,59,Right,4,3,"Long Ball Pass, Anticipate, Press Proven",Women's Football,https://www.ea.com/games/ea-sports-fc/ratings/player-ratings/269214,57,64,71,79,65,65,47,66,69,64,67,59,64,71,77,59,68,73,71,80,80,75,75,70,80,82,67,58,62,69,61,59,77,61,63,6,15,7,13,9
2871,Katriina Talaslahti,73,GK,,Finland,Arkema PL,Dijon FCO,25,172,68,Right,2,1,,Women's Football,https://www.ea.com/games/ea-sports-fc/ratings/player-ratings/264978,73,70,70,77,48,74,45,53,8,14,53,12,10,15,37,14,13,28,27,20,16,37,53,64,25,39,19,9,18,14,10,63,30,67,31,73,70,70,74,77
2871,Meriame Terchoun,73,LM,"RM, LW",Switzerland,Arkema PL,Dijon FCO,30,162,55,Right,3,3,"Technical, Flair",Women's Football,https://www.ea.com/games/ea-sports-fc/ratings/player-ratings/271165,75,68,72,74,52,58,74,76,71,69,69,68,59,65,73,73,68,75,64,66,73,80,77,69,75,70,55,55,53,49,45,63,68,52,58,9,6,13,14,11
2871,Sam Tierney,73,CDM,"CM, CB",England,Barclays WSL,Leicester City,27,167,59,Right,3,2,,Women's Football,https://www.ea.com/games/ea-sports-fc/ratings/player-ratings/265233,72,68,64,68,73,72,72,72,72,73,64,64,61,61,63,49,60,75,67,55,65,73,76,75,67,69,78,58,76,74,67,73,77,71,66,9,7,14,12,7
2871,Marta Unzué,73,CDM,CM,Spain,Liga F,Athletic Club,37,170,59,Right,3,3,,Women's Football,https://www.ea.com/games/ea-sports-fc/ratings/player-ratings/272128,66,72,72,64,72,67,65,67,73,74,72,69,69,70,75,65,72,75,70,69,55,67,69,69,72,75,75,60,72,75,70,68,67,66,71,7,13,5,11,9
2871,Martyna Wiankowska,73,LM,"RM, LB, LW",Poland,GPFBL,1. FC Köln,29,170,62,Right,3,2,"Incisive Pass, Whipped Pass, Rapid",Women's Football,https://www.ea.com/games/ea-sports-fc/ratings/player-ratings/271788,71,66,71,72,68,72,72,70,72,67,67,62,60,62,71,70,60,74,69,64,73,63,67,69,76,66,71,51,72,69,60,71,72,74,68,6,7,13,9,8
2871,Verena Wieder,73,ST,LM,Germany,GPFBL,SV Werder Bremen,25,175,64,Right,2,2,,Women's Football,https://www.ea.com/games/ea-sports-fc/ratings/player-ratings/264931,78,72,70,74,47,67,77,78,74,72,69,75,75,63,74,73,59,75,52,64,75,74,57,72,77,62,46,69,28,58,47,80,64,71,58,14,11,11,9,11
2871,Wu Chengshu,73,ST,RM,China PR,Arkema PL,Dijon FCO,29,166,55,Right,4,3,Rapid,Women's Football,https://www.ea.com/games/ea-sports-fc/ratings/player-ratings/247743,85,71,69,73,49,65,81,88,72,75,67,73,63,59,71,64,52,75,65,65,73,68,71,69,76,67,41,67,38,58,48,79,72,68,47,9,15,5,9,8
3509,Adriana Achcińska,72,CM,,Poland,GPFBL,1. FC Köln,24,165,56,Right,3,3,,Women's Football,https://www.ea.com/games/ea-sports-fc/ratings/player-ratings/265082,41,62,65,67,65,63,50,34,68,64,63,63,38,60,75,42,40,73,72,60,68,34,70,77,73,66,78,45,62,70,54,57,70,70,38,11,7,10,7,9
3509,Olga Ahtinen,72,CM,,Finland,Barclays WSL,Spurs,28,164,58,Right,3,3,,Women's Football,https://www.ea.com/games/ea-sports-fc/ratings/player-ratings/277966,59,61,64,71,58,62,68,52,72,68,45,68,35,46,75,42,45,73,70,39,75,54,72,65,73,68,71,46,37,72,65,61,68,64,50,7,5,11,7,12
3509,Amirah Ali,72,RM,"LM, RW",United States,NWSL,San Diego Wave,27,173,63,Right,3,3,,Women's Football,https://www.ea.com/games/ea-sports-fc/ratings/player-ratings/267378,77,70,71,71,40,63,74,80,71,74,68,65,61,68,73,73,59,74,66,66,71,75,56,64,73,64,40,53,45,34,33,69,56,70,53,11,11,8,13,13
3509,Carla Andrés,72,CB,CDM,Spain,Liga F,SD Eibar,23,170,60,Right,2,2,,Women's Football,https://www.ea.com/games/ea-sports-fc/ratings/player-ratings/275579,75,58,68,66,74,67,77,73,64,51,65,68,51,59,65,61,60,75,70,62,60,73,66,59,74,66,80,66,75,74,70,77,63,70,60,5,6,9,7,8
3509,Romy Baraniak,72,CM,CAM,Germany,Schweizer Damen Liga,FC Zürich,23,169,60,Right,3,3,,Women's Football,https://www.ea.com/games/ea-sports-fc/ratings/player-ratings/277308,65,65,66,72,57,58,62,67,72,72,49,70,43,64,69,54,47,75,72,45,73,63,67,74,77,52,64,48,47,70,45,64,63,56,54,11,10,7,8,14
3509,Emma Berglund,72,CB,,Sweden,Sverige Liga,FC Rosengård,37,172,64,Right,3,2,,Women's Football,https://www.ea.com/games/ea-sports-fc/ratings/player-ratings/227011,64,30,56,62,73,73,63,65,36,26,38,27,25,45,28,69,52,68,47,58,54,72,63,75,65,78,73,77,70,75,70,82,77,75,60,8,9,14,14,9
3509,Luca-Emily Birkholz,72,ST,RM,Germany,GPFBL,Carl Zeiss Jena,22,177,62,Right,3,2,,Women's Football,https://www.ea.com/games/ea-sports-fc/ratings/player-ratings/265145,72,72,63,70,53,67,71,72,78,74,72,69,66,70,59,60,63,68,59,59,68,70,71,72,73,71,40,73,38,69,55,79,69,69,55,14,11,10,7,12
3509,Jordyn Bloomer,72,GK,,United States,NWSL,Rac. Louisville,28,173,68,Right,2,1,,Women's Football,https://www.ea.com/games/ea-sports-fc/ratings/player-ratings/267314,70,68,67,77,45,72,46,43,9,8,50,11,9,18,34,8,12,29,24,10,7,36,58,67,11,29,9,11,8,13,8,57,35,52,13,70,68,67,72,77
3509,Anneke Borbe,72,GK,,Germany,GPFBL,VfL Wolfsburg,25,180,67,Right,2,1,"Far Throw, Footwork, Cross Claimer",Women's Football,https://www.ea.com/games/ea-sports-fc/ratings/player-ratings/265106,70,69,74,71,45,73,47,41,12,16,56,18,5,56,60,21,23,15,14,15,15,43,32,68,14,19,12,12,9,17,19,64,22,65,31,70,69,74,73,71
3509,Simona Botero,72,CB,,Colombia,Liga F,RCD Espanyol,31,165,56,Right,2,2,,Women's Football,https://www.ea.com/games/ea-sports-fc/ratings/player-ratings/72340,72,39,54,51,71,73,71,72,41,31,52,45,31,41,49,51,38,64,52,39,32,60,65,78,65,71,72,71,71,71,70,82,70,75,71,6,15,9,6,6
3509,Marisa Bova,72,GK,,United States,NWSL,NC Courage,25,188,65,Right,2,1,,Women's Football,https://www.ea.com/games/ea-sports-fc/ratings/player-ratings/267521,70,72,69,72,40,72,38,42,8,8,52,9,8,18,37,9,15,28,22,14,11,37,42,71,14,25,13,11,9,16,15,59,20,61,14,70,72,69,72,72
3509,Millene Cabral,72,ST,,Spain,Liga F,RC Deportivo,28,164,57,Right,3,4,,Women's Football,https://www.ea.com/games/ea-sports-fc/ratings/player-ratings/72221,75,70,70,77,31,71,74,75,71,72,71,69,61,61,71,60,69,75,70,72,81,71,72,72,74,72,21,69,20,37,32,76,81,68,64,6,8,14,14,6
3509,Tiffany Cameron,72,ST,RM,Jamaica,Liga F,Real Betis,34,165,56,Right,4,3,,Women's Football,https://www.ea.com/games/ea-sports-fc/ratings/player-ratings/243407,80,73,65,76,67,67,79,80,72,79,71,69,52,65,63,63,59,72,56,57,77,78,73,66,74,81,60,60,69,71,65,76,69,70,56,16,10,12,12,11
3509,Laura Camino,72,LM,"LB, LW",Spain,Liga F,SD Eibar,24,170,60,Right,3,3,,Women's Football,https://www.ea.com/games/ea-sports-fc/ratings/player-ratings/275588,74,69,69,70,40,72,76,73,71,69,72,69,61,61,75,69,54,71,67,53,69,74,71,69,70,71,33,84,39,31,37,91,78,74,53,13,8,10,7,11
3509,Eileen Campbell,72,ST,,Austria,GPFBL,SC Freiburg,25,166,57,Right,3,3,,Women's Football,https://www.ea.com/games/ea-sports-fc/ratings/player-ratings/279693,75,71,57,72,44,64,77,73,78,74,69,70,55,66,47,50,47,70,52,56,72,73,69,73,74,68,46,63,35,48,36,76,61,69,54,10,9,6,8,10
3509,Noémie Carage,72,CB,LB,France,Arkema PL,Dijon FCO,29,170,57,Left,3,2,,Women's Football,https://www.ea.com/games/ea-sports-fc/ratings/player-ratings/265883,65,44,63,65,73,70,64,66,47,42,54,37,38,43,53,58,42,73,65,60,61,65,66,73,70,67,72,68,76,73,70,71,72,68,71,9,10,6,13,14
3509,Sandra Castelló,72,CDM,"CM, CB",Spain,Liga F,C. Adeje Tenerife,32,171,57,Right,3,3,Anticipate,Women's Football,https://www.ea.com/games/ea-sports-fc/ratings/player-ratings/272246,58,64,65,67,68,74,56,59,70,63,69,70,32,50,72,45,60,75,65,55,65,63,66,75,71,65,70,45,71,71,65,62,79,75,70,11,11,6,10,10
3509,Ghizlane Chebbak,72,CM,,Morocco,Liga F,Badalona Women,35,166,58,Right,3,3,,Women's Football,https://www.ea.com/games/ea-sports-fc/ratings/player-ratings/273244,63,69,75,72,65,63,59,67,68,68,73,72,51,73,77,72,78,77,73,74,76,61,68,70,70,74,69,51,59,72,65,60,63,62,68,8,8,15,14,14
3509,Jennifer Cramer,72,LB,"LM, CM",Germany,GPFBL,Turbine Potsdam,33,168,58,Left,3,3,,Women's Football,https://www.ea.com/games/ea-sports-fc/ratings/player-ratings/226309,68,50,68,68,72,62,69,67,57,48,50,54,42,60,70,60,44,72,79,52,62,77,80,71,72,65,73,68,74,72,67,68,73,56,64,10,11,14,6,14
3509,Sana Daoudi,72,CDM,CM,Morocco,Arkema PL,En Avant Guingamp,28,162,60,Right,3,3,Intercept,Women's Football,https://www.ea.com/games/ea-sports-fc/ratings/player-ratings/265941,70,58,68,73,72,63,72,68,60,56,65,55,54,57,72,63,51,73,68,60,74,69,77,66,74,74,72,54,73,76,71,66,56,60,78,12,15,12,9,11
3509,Claudia Dickey,72,GK,,United States,NWSL,Seattle Reign,26,178,72,Right,2,1,Cross Claimer,Women's Football,https://www.ea.com/games/ea-sports-fc/ratings/player-ratings/267200,68,72,70,74,37,73,35,41,9,9,53,8,9,18,37,9,14,27,25,13,9,37,54,69,14,28,8,12,9,18,11,60,34,65,13,68,72,70,73,74
3509,Rieke Dieckmann,72,CAM,CM,Germany,GPFBL,SV Werder Bremen,29,167,59,Left,2,3,Trivela,Women's Football,https://www.ea.com/games/ea-sports-fc/ratings/player-ratings/265124,68,67,74,70,63,69,72,64,76,69,68,62,59,54,72,74,64,78,73,64,71,52,74,69,74,73,64,52,65,64,65,71,67,73,62,8,12,12,15,9
3509,Leela Egli,72,LM,"CAM, LW",Switzerland,GPFBL,SC Freiburg,19,168,64,Right,4,3,,Women's Football,https://www.ea.com/games/ea-sports-fc/ratings/player-ratings/275849,69,62,68,72,36,57,71,67,67,69,62,54,42,51,71,69,37,72,69,44,73,73,71,73,73,52,28,45,24,48,41,57,66,53,56,7,12,11,13,7
3509,Estela Férnandez,72,CM,,Spain,Liga F,Real Betis,35,169,62,Right,3,3,,Women's Football,https://www.ea.com/games/ea-sports-fc/ratings/player-ratings/272065,65,69,70,72,68,60,65,65,71,72,66,73,50,52,72,71,60,71,70,69,72,76,67,82,71,65,72,56,70,70,60,59,74,50,68,11,10,11,7,9
3509,Vanessa Fischer,72,GK,,Germany,GPFBL,Turbine Potsdam,28,182,68,Right,2,1,,Women's Football,https://www.ea.com/games/ea-sports-fc/ratings/player-ratings/265028,69,70,71,70,35,72,39,29,5,10,53,15,13,51,70,13,23,59,38,17,13,28,49,73,14,29,25,6,22,14,12,53,41,52,31,69,70,71,72,70
3509,Claudia Florentino,72,CB,CM,Spain,Liga F,Valencia CF,28,164,54,Right,3,2,Slide Tackle,Women's Football,https://www.ea.com/games/ea-sports-fc/ratings/player-ratings/268995,63,35,59,67,72,68,56,68,32,31,45,32,44,35,54,34,54,75,65,46,63,72,63,74,71,63,70,69,72,75,72,79,55,71,72,13,11,13,15,13
3509,Mandy Freeman,72,CB,,United States,NWSL,Gotham FC,31,173,70,Right,2,2,,Women's Football,https://www.ea.com/games/ea-sports-fc/ratings/player-ratings/267353,47,42,56,58,74,69,48,47,46,39,54,39,33,41,54,42,38,68,61,46,56,34,73,68,64,61,73,67,77,75,70,74,40,86,63,7,11,11,10,7
3509,Anna Gasper,72,CM,"CDM, RW",Germany,Liga Portugal Feminino,SL Benfica,29,172,63,Right,3,3,,Women's Football,https://www.ea.com/games/ea-sports-fc/ratings/player-ratings/275938,75,60,72,74,63,62,78,72,75,61,57,58,58,59,73,72,62,74,70,69,75,73,62,66,78,68,69,59,57,66,68,72,75,61,46,12,8,7,7,6
3509,Anna Gerhardt,72,RB,LB,Germany,GPFBL,1. FC Köln,28,167,57,Left,3,3,,Women's Football,https://www.ea.com/games/ea-sports-fc/ratings/player-ratings/265007,68,59,66,70,69,64,69,67,50,62,63,58,39,50,58,73,56,70,60,63,67,75,58,74,74,64,67,67,74,68,64,70,75,62,56,8,8,6,13,11
3509,Felicity Gibbons,72,LB,,England,Barclays WSL,Crystal Palace,31,169,62,Left,3,2,,Women's Football,https://www.ea.com/games/ea-sports-fc/ratings/player-ratings/265287,64,51,68,71,70,72,56,70,55,51,57,43,55,58,49,69,53,77,75,65,70,73,67,76,73,67,78,70,71,66,64,73,72,75,63,10,9,7,7,14
3509,Sarah Griffith,72,LM,"RM, LW",United States,NWSL,Chicago Stars FC,27,163,56,Right,3,3,,Women's Football,https://www.ea.com/games/ea-sports-fc/ratings/player-ratings/267517,78,70,65,72,35,62,79,78,74,73,70,65,64,62,71,58,51,70,64,57,71,82,65,71,74,64,38,68,33,29,23,76,66,63,50,9,9,6,7,11
3509,Noreen Günnewig,72,CDM,,Germany,GPFBL,SC Freiburg,24,166,56,Right,2,2,,Women's Football,https://www.ea.com/games/ea-sports-fc/ratings/player-ratings/272280,67,50,62,69,70,68,65,69,67,45,61,46,36,62,70,44,52,70,69,43,70,66,58,73,71,63,73,49,74,72,69,62,70,68,69,12,14,5,12,12
3509,Hensley Hancuff,72,GK,,United States,NWSL,NC Courage,25,191,68,Right,2,1,,Women's Football,https://www.ea.com/games/ea-sports-fc/ratings/player-ratings/267354,71,68,69,72,41,73,42,39,8,11,52,8,7,25,35,8,9,26,29,11,8,35,56,69,12,24,13,14,9,14,12,62,20,62,14,71,68,69,73,72
3509,Synne Skinnes Hansen,72,RM,"RB, RW",Norway,GPFBL,Leverkusen,30,171,59,Right,3,3,,Women's Football,https://www.ea.com/games/ea-sports-fc/ratings/player-ratings/233322,72,64,69,69,71,60,67,76,73,66,62,60,61,62,69,75,40,74,62,64,67,62,72,75,72,67,69,70,73,71,67,71,73,63,32,7,11,8,9,15
3509,Emma Harries,72,ST,RM,England,Barclays WSL,West Ham,24,178,67,Right,3,3,,Women's Football,https://www.ea.com/games/ea-sports-fc/ratings/player-ratings/265347,75,71,57,73,37,68,73,76,79,72,74,69,72,52,57,59,46,64,45,53,75,75,73,68,70,72,32,61,38,34,26,76,65,74,57,8,8,12,5,9
3509,Amanda Haught,72,GK,,United States,NWSL,Utah Royals FC,27,175,61,Right,2,1,"Long Ball Pass, 1v1 Close Down",Women's Football,https://www.ea.com/games/ea-sports-fc/ratings/player-ratings/272994,72,73,74,69,36,73,36,35,8,6,56,7,7,16,31,10,12,19,34,12,7,28,47,68,12,28,9,14,9,11,11,45,22,32,14,72,73,74,73,69
3509,Anna Heilferty,72,LB,RB,United States,NWSL,Washington Spirit,27,162,55,Right,3,3,,Women's Football,https://www.ea.com/games/ea-sports-fc/ratings/player-ratings/267257,63,50,67,71,70,64,66,61,57,46,51,58,47,44,61,72,50,72,63,68,69,65,79,70,75,72,68,65,73,71,70,69,76,63,52,7,14,8,10,10
3509,Anita Hernández,72,CM,,Spain,Liga F,RCD Espanyol,35,166,57,Right,3,2,,Women's Football,https://www.ea.com/games/ea-sports-fc/ratings/player-ratings/72362,73,62,67,71,69,80,72,74,75,65,60,61,52,49,72,51,51,75,70,61,70,69,61,72,74,66,68,75,65,74,60,87,75,81,81,11,13,9,12,14
3509,Elvira Herzog,72,GK,,Switzerland,GPFBL,RB Leipzig,26,179,74,Right,3,1,"Far Throw, Cross Claimer, 1v1 Close Down",Women's Football,https://www.ea.com/games/ea-sports-fc/ratings/player-ratings/265086,68,69,71,74,47,72,49,44,12,14,53,11,10,30,40,22,27,34,28,14,19,48,55,69,29,21,21,13,23,19,12,55,21,45,12,68,69,71,72,74
3509,Taylor Hinds,72,LB,LM,England,Barclays WSL,Liverpool,27,160,55,Left,4,3,,Women's Football,https://www.ea.com/games/ea-sports-fc/ratings/player-ratings/266915,76,61,71,73,66,64,74,77,54,67,63,56,40,52,60,72,65,79,67,66,73,77,58,73,76,56,65,58,70,66,63,67,78,56,68,9,14,10,8,8
3509,Jenny Hipp,72,CM,"CDM, LM",Germany,GPFBL,RB Leipzig,28,165,56,Right,2,2,,Women's Football,https://www.ea.com/games/ea-sports-fc/ratings/player-ratings/265383,64,63,69,69,59,66,68,60,73,67,57,64,46,55,74,63,52,73,69,52,69,54,63,74,73,68,73,49,45,71,50,62,70,65,63,11,6,6,11,9
3509,Sara Ito,72,CM,,Japan,GPFBL,Turbine Potsdam,24,158,53,Right,3,3,,Women's Football,https://www.ea.com/games/ea-sports-fc/ratings/player-ratings/72470,53,58,67,71,61,52,57,50,74,60,55,55,38,60,73,50,55,76,72,46,72,57,68,76,74,60,73,48,55,63,60,45,63,43,62,11,7,13,11,14
3509,Laurel Ivory,72,GK,,United States,NWSL,Seattle Reign,26,173,65,Right,1,1,1v1 Close Down,Women's Football,https://www.ea.com/games/ea-sports-fc/ratings/player-ratings/267204,68,73,70,74,41,72,41,41,8,11,53,12,8,22,36,13,10,28,24,9,10,36,54,68,13,27,9,8,10,11,8,56,32,55,11,68,73,70,72,74
3509,Julie Jorde,72,CM,,Norway,GPFBL,Leverkusen,22,165,56,Right,3,3,,Women's Football,https://www.ea.com/games/ea-sports-fc/ratings/player-ratings/279866,68,67,68,72,62,68,69,68,72,68,62,69,57,65,74,49,74,74,67,67,73,68,61,72,74,65,69,48,56,70,55,65,70,71,59,11,8,12,10,9
3509,Annie Karich,72,CDM,CB,United States,GPFBL,SC Freiburg,22,175,60,Right,3,3,,Women's Football,https://www.ea.com/games/ea-sports-fc/ratings/player-ratings/279694,69,59,66,70,71,69,70,69,40,68,60,46,38,62,69,57,50,73,71,37,69,67,64,71,74,60,70,60,73,74,69,74,64,74,60,13,13,12,6,9
3509,Julia Kassen,72,GK,,Germany,GPFBL,SC Freiburg,24,179,64,Right,3,1,,Women's Football,https://www.ea.com/games/ea-sports-fc/ratings/player-ratings/264966,71,70,72,72,40,73,32,51,6,6,54,12,6,30,33,9,16,34,30,9,9,53,45,70,18,29,8,6,10,12,10,58,19,66,18,71,70,72,73,72
3509,Sari Kees,72,CB,,Belgium,Barclays WSL,Leicester City,25,174,65,Right,2,2,,Women's Football,https://www.ea.com/games/ea-sports-fc/ratings/player-ratings/268461,68,32,46,59,75,66,63,72,26,24,57,26,25,36,27,27,26,69,52,42,55,55,77,70,64,52,72,74,76,77,69,75,61,66,69,11,10,5,12,6
3509,Rebecca Knaak,72,CM,CB,Germany,Sverige Liga,FC Rosengård,29,175,56,Right,3,2,,Women's Football,https://www.ea.com/games/ea-sports-fc/ratings/player-ratings/246414,65,65,74,71,67,63,64,65,76,69,54,63,60,70,70,75,65,78,72,68,70,65,78,71,73,73,69,72,63,73,50,73,65,62,59,5,5,5,13,6
3509,Dominika Kopińska,72,ST,CAM,Poland,Arkema PL,FC Fleury 91,26,174,63,Right,3,3,,Women's Football,https://www.ea.com/games/ea-sports-fc/ratings/player-ratings/276772,70,72,59,70,31,69,68,72,72,71,78,70,68,71,58,48,59,69,53,58,74,53,51,69,72,68,26,74,22,30,23,78,67,70,68,13,6,6,10,15
3509,Cornelia Kramer,72,ST,,Denmark,GPFBL,Leverkusen,23,172,60,Right,2,2,,Women's Football,https://www.ea.com/games/ea-sports-fc/ratings/player-ratings/73014,73,72,53,70,47,67,70,75,76,74,72,68,65,66,40,49,58,69,44,38,69,68,60,73,73,68,37,66,34,64,39,73,69,70,55,10,7,9,11,9
3509,Kathrine Kühl,72,CM,ST,Denmark,Barclays WSL,Arsenal,22,172,60,Right,3,3,Press Proven,Women's Football,https://www.ea.com/games/ea-sports-fc/ratings/player-ratings/273010,66,55,66,73,63,66,69,63,71,48,59,60,68,61,71,40,56,80,73,41,77,62,53,63,77,66,63,43,63,71,60,59,64,67,67,6,7,15,14,11
3509,Camilla Küver,72,RB,"LB, CB",Germany,GPFBL,VfL Wolfsburg,22,184,65,Right,4,3,Long Throw,Women's Football,https://www.ea.com/games/ea-sports-fc/ratings/player-ratings/264934,68,52,66,61,72,67,72,64,54,48,62,50,53,62,58,67,62,71,68,66,55,62,60,76,66,67,74,66,77,69,67,66,65,66,71,8,13,14,13,9
3509,Bárbara Latorre,72,LW,"LM, RW",Spain,Liga F,RC Deportivo,33,164,54,Right,2,3,Technical,Women's Football,https://www.ea.com/games/ea-sports-fc/ratings/player-ratings/236478,75,69,68,73,51,64,79,72,75,70,66,69,64,75,69,68,71,67,64,70,71,72,82,77,73,78,25,65,66,50,46,76,59,65,66,14,10,13,16,8
3509,Anaële Le Moguédec,72,CM,,France,Arkema PL,Stade de Reims,24,164,54,Right,3,3,,Women's Football,https://www.ea.com/games/ea-sports-fc/ratings/player-ratings/269811,66,62,67,71,62,67,65,66,67,64,58,67,48,52,69,54,47,75,75,57,72,67,72,68,72,58,67,48,55,71,58,60,78,61,70,7,12,12,12,9
3509,Anna Leat,72,GK,,New Zealand,Barclays WSL,Aston Villa,24,175,66,Right,2,1,,Women's Football,https://www.ea.com/games/ea-sports-fc/ratings/player-ratings/242524,74,74,66,70,43,69,46,39,9,13,50,11,9,21,32,16,16,37,32,25,12,46,54,72,11,34,9,7,13,14,13,59,28,58,21,74,74,66,69,70
3509,Julia Lester,72,CB,RB,United States,NWSL,Seattle Reign,28,162,57,Right,3,2,,Women's Football,https://www.ea.com/games/ea-sports-fc/ratings/player-ratings/268348,61,39,63,67,76,65,62,61,48,42,37,31,35,42,42,68,38,74,67,68,66,39,75,72,75,69,72,65,79,78,79,67,71,61,68,14,8,15,5,10
3509,Cristina Librán,72,CM,CAM,Spain,Liga F,Madrid CFF,20,165,54,Right,3,3,,Women's Football,https://www.ea.com/games/ea-sports-fc/ratings/player-ratings/272071,72,68,70,73,58,57,71,73,68,74,62,68,54,56,70,51,68,79,77,61,75,73,73,61,75,62,59,46,51,66,60,53,73,45,66,7,7,8,14,6
3509,Sandy MacIver,72,GK,,England,Barclays WSL,Manchester City,27,175,65,Right,3,1,,Women's Football,https://www.ea.com/games/ea-sports-fc/ratings/player-ratings/258979,70,72,73,72,35,75,34,37,9,11,55,13,9,21,35,18,17,33,35,25,19,32,40,63,20,39,12,15,15,17,15,56,25,55,23,70,72,73,75,72
3509,Rikke Madsen,72,ST,LW,Denmark,Barclays WSL,Everton,28,172,59,Right,3,3,,Women's Football,https://www.ea.com/games/ea-sports-fc/ratings/player-ratings/271809,76,72,56,68,40,60,78,74,75,73,72,71,70,68,49,30,65,72,63,39,66,62,61,70,74,66,36,67,37,37,36,78,54,69,42,15,9,14,13,7
3509,Tuana Mahmoud,72,LM,"ST, LW",Germany,GPFBL,SV Werder Bremen,23,167,55,Right,2,3,Technical,Women's Football,https://www.ea.com/games/ea-sports-fc/ratings/player-ratings/265126,72,60,69,72,62,63,74,71,75,61,67,49,63,50,62,72,64,74,69,58,75,70,48,67,72,69,64,53,63,62,63,68,66,66,50,13,14,6,11,12
3509,Carol Marín,72,CM,,Spain,Liga F,RCD Espanyol,29,170,60,Right,3,4,Technical,Women's Football,https://www.ea.com/games/ea-sports-fc/ratings/player-ratings/72364,79,69,67,78,58,67,77,81,72,70,71,72,51,51,69,45,70,75,70,70,80,82,75,61,80,61,52,51,50,71,59,68,81,62,61,13,11,11,15,7
3509,Esther Mbakem-Niaro,72,ST,,France,Arkema PL,Montpellier,24,180,71,Right,3,3,,Women's Football,https://www.ea.com/games/ea-sports-fc/ratings/player-ratings/265842,87,68,62,69,35,73,86,88,72,68,71,67,62,61,61,58,58,69,55,66,70,72,40,69,72,68,32,68,35,29,26,90,60,87,51,7,14,12,12,10
3509,Shen Menglu,72,LM,LW,China PR,GPFBL,Leverkusen,24,162,56,Right,2,3,,Women's Football,https://www.ea.com/games/ea-sports-fc/ratings/player-ratings/73653,71,64,69,72,52,64,70,72,74,69,58,59,45,65,75,70,62,70,63,49,74,71,61,70,72,60,53,40,57,55,39,59,72,67,50,12,8,13,10,7
3509,Paige Metayer,72,CM,,United States,NWSL,Washington Spirit,25,178,64,Right,3,3,Aerial,Women's Football,https://www.ea.com/games/ea-sports-fc/ratings/player-ratings/274779,66,60,65,71,71,73,63,69,68,66,48,66,42,48,68,45,41,77,71,45,73,59,49,69,76,65,74,66,67,75,70,74,76,74,67,8,10,11,12,9
3509,Yerliane Moreno,72,CDM,CM,Venezuela,Liga F,C. Adeje Tenerife,25,161,52,Right,2,2,,Women's Football,https://www.ea.com/games/ea-sports-fc/ratings/player-ratings/272697,44,47,64,65,68,70,40,48,61,40,61,51,31,40,60,40,35,81,70,63,66,55,34,67,70,66,70,59,62,75,70,60,66,70,75,15,5,14,6,5
3509,Angel Mukasa,72,GK,,Sweden,Sverige Liga,FC Rosengård,24,177,65,Right,3,1,,Women's Football,https://www.ea.com/games/ea-sports-fc/ratings/player-ratings/275913,70,71,74,71,29,72,28,30,5,7,56,6,6,14,29,11,9,18,27,9,9,26,48,70,16,24,8,8,7,11,12,42,35,38,27,70,71,74,72,71
3509,Marlene Müller,72,RM,"ST, RW",Germany,GPFBL,RB Leipzig,25,167,58,Right,2,3,,Women's Football,https://www.ea.com/games/ea-sports-fc/ratings/player-ratings/265378,68,66,66,71,59,71,71,66,79,69,62,63,61,60,65,66,45,74,55,60,71,67,67,75,72,63,60,62,47,69,61,73,78,68,68,9,10,9,9,11
3509,Diána Németh,72,LB,LW,Hungary,GPFBL,VfL Wolfsburg,21,173,60,Right,2,2,,Women's Football,https://www.ea.com/games/ea-sports-fc/ratings/player-ratings/71303,72,49,57,68,71,67,70,73,49,50,55,45,30,60,40,68,30,70,50,43,67,71,57,72,70,66,70,72,72,70,69,77,68,68,63,11,11,11,13,11
3509,Hanna Németh,72,CB,,Hungary,GPFBL,SV Werder Bremen,27,180,70,Right,2,2,Block,Women's Football,https://www.ea.com/games/ea-sports-fc/ratings/player-ratings/271784,58,55,68,67,74,72,45,69,58,51,58,59,43,63,65,55,55,77,75,54,66,69,70,69,66,64,72,73,73,77,68,71,76,72,68,5,6,10,11,7
3509,Hayley Nolan,72,CDM,,Republic of Ireland,Barclays WSL,Crystal Palace,29,173,60,Right,3,2,,Women's Football,https://www.ea.com/games/ea-sports-fc/ratings/player-ratings/273382,61,60,65,68,70,71,64,58,61,60,60,62,48,60,73,49,54,72,69,47,68,61,64,70,69,69,71,58,76,69,68,70,70,72,69,12,11,10,8,15
3509,Lena Nuding,72,GK,,Germany,GPFBL,SC Freiburg,33,184,70,Right,2,1,,Women's Football,https://www.ea.com/games/ea-sports-fc/ratings/player-ratings/265067,71,74,75,69,45,70,48,40,11,13,56,9,5,50,21,13,21,59,34,16,15,48,59,70,12,55,20,19,10,14,12,67,33,67,11,71,74,75,70,69
3509,Amira Ould Braham,72,LM,"CM, LW",Algeria,Arkema PL,FC Nantes,28,164,61,Right,3,3,,Women's Football,https://www.ea.com/games/ea-sports-fc/ratings/player-ratings/72444,64,57,69,70,39,54,67,61,72,69,54,37,34,44,74,70,38,72,69,45,73,47,59,70,75,60,32,51,38,37,47,54,68,47,53,12,7,15,5,10
3509,Poppy Pattinson,72,LB,LM,England,Barclays WSL,Brighton,26,166,60,Left,3,2,"Jockey, Aerial",Women's Football,https://www.ea.com/games/ea-sports-fc/ratings/player-ratings/265336,69,49,66,62,71,63,68,69,45,43,57,55,41,50,49,76,65,72,60,77,54,67,52,70,72,63,69,78,74,68,65,78,69,62,53,11,11,10,10,14
3509,Lea Paulick,72,GK,,Germany,GPFBL,Frankfurt,26,175,63,Right,2,1,,Women's Football,https://www.ea.com/games/ea-sports-fc/ratings/player-ratings/275523,72,69,68,73,47,75,48,45,15,22,51,21,16,16,35,25,13,28,18,12,21,45,27,63,18,33,13,12,13,12,15,47,25,30,22,72,69,68,75,73
3509,Alison Peniguel,72,ST,,France,Arkema PL,En Avant Guingamp,27,170,60,Right,3,3,,Women's Football,https://www.ea.com/games/ea-sports-fc/ratings/player-ratings/267662,76,71,55,73,34,57,78,75,73,74,69,70,69,64,58,31,53,70,53,48,75,67,72,73,73,65,18,69,37,32,28,77,59,66,28,12,6,14,14,12
3509,Laura Pérez,72,RM,RW,Spain,Liga F,Granada CF,27,166,59,Right,3,3,,Women's Football,https://www.ea.com/games/ea-sports-fc/ratings/player-ratings/275787,74,66,70,71,54,65,75,74,71,65,68,69,72,51,71,70,62,70,71,72,71,72,69,72,70,69,65,42,61,48,41,62,75,67,49,13,10,13,8,5
3509,Victoria Pickett,72,CM,CDM,Canada,NWSL,NC Courage,29,168,59,Right,3,3,Jockey,Women's Football,https://www.ea.com/games/ea-sports-fc/ratings/player-ratings/265506,54,67,72,74,59,50,51,57,69,69,67,71,45,61,74,65,64,78,71,59,76,70,77,70,75,58,69,44,51,67,58,46,51,50,48,5,11,10,14,11
3509,Annalena Rieke,72,CM,CDM,Germany,GPFBL,SGS Essen,27,172,63,Right,2,3,,Women's Football,https://www.ea.com/games/ea-sports-fc/ratings/player-ratings/272341,57,69,73,71,66,64,56,57,77,74,67,67,44,55,74,77,59,75,70,62,74,53,51,74,75,73,65,64,64,72,58,67,57,67,65,7,13,8,7,8
3509,Jayde Riviere,72,RB,,Canada,Barclays WSL,Manchester Utd,25,163,55,Right,4,2,Long Throw,Women's Football,https://www.ea.com/games/ea-sports-fc/ratings/player-ratings/250751,68,51,66,68,72,66,65,70,59,48,58,50,41,48,54,71,57,73,62,69,68,67,66,65,70,54,66,71,72,77,72,73,64,63,76,5,11,5,7,7
3509,Clau Blanco,72,RB,RW,Spain,Liga F,C. Adeje Tenerife,29,152,45,Right,4,4,"Rapid, Flair, Trickster, Long Throw",Women's Football,https://www.ea.com/games/ea-sports-fc/ratings/player-ratings/272234,78,64,71,77,64,51,80,77,60,60,77,66,61,53,65,75,63,76,70,62,80,78,80,71,75,71,70,45,60,70,66,52,65,36,71,14,11,9,9,11
3509,Sydney Schneider,72,GK,,Jamaica,NWSL,Chicago Stars FC,26,178,64,Right,3,1,,Women's Football,https://www.ea.com/games/ea-sports-fc/ratings/player-ratings/246205,71,69,72,75,24,73,28,17,15,9,54,8,6,15,63,16,14,24,21,12,11,57,58,60,14,32,12,12,23,13,11,43,38,35,35,71,69,72,73,75
3509,Kiko Seike,72,RW,"RB, LM, RM",Japan,Barclays WSL,Brighton,29,166,62,Right,3,3,"Finesse Shot, Rapid",Women's Football,https://www.ea.com/games/ea-sports-fc/ratings/player-ratings/275923,77,71,69,72,58,65,76,77,69,79,62,61,77,70,58,72,60,76,69,69,71,79,79,65,74,62,52,77,58,58,50,84,67,65,56,15,8,6,14,15
3509,Allyson Sentnor,72,CM,LW,United States,NWSL,Utah Royals FC,22,162,57,Right,4,3,,Women's Football,https://www.ea.com/games/ea-sports-fc/ratings/player-ratings/71527,67,66,68,74,64,61,66,68,68,64,70,73,56,56,73,60,61,73,68,56,75,69,69,72,77,60,70,54,65,66,54,61,67,58,60,6,12,5,14,14
3509,Delanie Sheehan,72,CM,ST,United States,NWSL,Gotham FC,27,168,64,Right,3,3,,Women's Football,https://www.ea.com/games/ea-sports-fc/ratings/player-ratings/264960,56,71,70,72,52,71,61,52,76,72,69,71,66,64,72,62,68,76,71,58,72,72,58,75,76,65,50,67,42,58,57,75,68,78,57,7,7,7,6,14
3509,Havana Solaun,72,CM,CDM,Jamaica,NWSL,Houston Dash,33,175,69,Right,3,3,,Women's Football,https://www.ea.com/games/ea-sports-fc/ratings/player-ratings/248367,78,71,71,73,66,68,77,78,74,73,69,72,56,74,73,63,67,75,72,60,73,70,66,68,75,75,71,59,68,64,59,77,71,73,49,7,7,8,9,9
3509,Maja Sternad,72,ST,LM,Germany,GPFBL,SV Werder Bremen,22,170,60,Right,3,3,,Women's Football,https://www.ea.com/games/ea-sports-fc/ratings/player-ratings/265117,76,71,69,72,43,68,75,76,73,73,71,70,66,58,70,72,62,75,51,66,73,67,65,73,74,71,43,66,30,54,29,78,66,72,59,9,13,9,10,8
3509,Momoko Tanikawa,72,CAM,CM,Japan,Sverige Liga,FC Rosengård,21,169,57,Right,3,3,,Women's Football,https://www.ea.com/games/ea-sports-fc/ratings/player-ratings/70145,70,64,68,71,52,66,69,71,75,67,63,60,46,69,74,59,60,73,70,50,72,68,61,70,75,60,63,45,48,55,39,62,71,68,54,15,7,11,11,9
3509,Anna Torrodà,72,CDM,CM,Spain,Liga F,Levante UD,26,163,56,Right,3,3,,Women's Football,https://www.ea.com/games/ea-sports-fc/ratings/player-ratings/262459,68,65,70,70,67,69,67,68,63,65,66,67,44,75,72,57,50,78,76,63,69,58,53,72,78,73,70,60,75,61,57,73,55,74,73,10,6,8,15,9
3509,Christy Ucheibe,72,CDM,CB,Nigeria,Liga Portugal Feminino,SL Benfica,25,173,64,Right,2,2,"Block, Relentless",Women's Football,https://www.ea.com/games/ea-sports-fc/ratings/player-ratings/273265,71,48,61,65,75,69,72,71,61,48,49,50,34,43,64,43,37,72,61,60,62,61,61,68,72,65,74,73,72,80,75,79,78,68,60,10,9,6,11,9
3509,Elba Vergés,72,CB,,Spain,Liga F,SD Eibar,30,170,58,Right,1,2,Power Header,Women's Football,https://www.ea.com/games/ea-sports-fc/ratings/player-ratings/272257,57,52,62,64,73,67,57,57,50,49,59,55,40,60,50,55,55,75,60,59,60,67,60,69,70,60,75,80,71,75,65,76,64,65,72,15,9,7,13,7
3509,Selina Vobian,72,CAM,CM,Germany,GPFBL,SC Freiburg,23,167,59,Right,2,3,Technical,Women's Football,https://www.ea.com/games/ea-sports-fc/ratings/player-ratings/271839,74,65,65,74,42,56,72,75,71,70,55,69,35,68,62,48,45,78,72,55,74,61,90,70,79,61,42,32,27,56,59,52,62,54,53,12,6,13,14,11
3509,Ricarda Walkling,72,CM,,Germany,GPFBL,SV Werder Bremen,29,160,55,Right,3,3,Rapid,Women's Football,https://www.ea.com/games/ea-sports-fc/ratings/player-ratings/265123,67,63,69,70,67,68,65,68,74,59,66,69,59,63,70,60,55,74,72,71,70,65,68,74,71,67,71,54,65,72,63,65,70,68,68,10,9,9,11,15
3509,Mallory Weber,72,LB,,United States,NWSL,KC Current,32,168,60,Right,3,2,,Women's Football,https://www.ea.com/games/ea-sports-fc/ratings/player-ratings/267345,76,49,61,58,74,63,75,77,52,48,52,48,53,46,58,59,54,66,64,52,54,68,58,66,58,68,70,67,75,78,75,69,70,54,76,9,9,14,11,14
3509,Laura Wienroither,72,RB,,Austria,Barclays WSL,Arsenal,27,165,58,Right,3,2,Jockey,Women's Football,https://www.ea.com/games/ea-sports-fc/ratings/player-ratings/264996,71,52,65,69,71,53,72,71,65,52,57,45,45,53,48,71,34,75,65,60,70,60,77,68,70,70,76,50,75,72,68,54,67,44,60,7,14,14,14,5
3509,Kirsten Wright,72,ST,CAM,United States,NWSL,Rac. Louisville,27,175,64,Right,3,3,,Women's Football,https://www.ea.com/games/ea-sports-fc/ratings/player-ratings/267317,75,72,67,69,42,57,74,75,77,72,73,71,67,69,64,65,67,72,63,63,66,73,59,73,74,67,43,71,38,38,36,77,44,62,57,12,14,10,8,12
3509,Dóra Zeller,72,LM,LW,Hungary,GPFBL,1. FC Köln,31,166,57,Right,3,3,"Incisive Pass, Technical",Women's Football,https://www.ea.com/games/ea-sports-fc/ratings/player-ratings/264914,74,69,67,72,47,68,77,72,74,73,66,67,60,58,68,70,50,72,58,60,72,77,67,69,74,65,35,62,42,57,40,76,68,69,61,6,12,13,13,8
3509,Cora Zicai,72,LW,LM,Germany,GPFBL,SC Freiburg,21,175,64,Right,2,3,,Women's Football,https://www.ea.com/games/ea-sports-fc/ratings/player-ratings/265057,75,71,69,70,51,63,78,72,76,73,70,70,63,54,72,71,55,72,60,60,70,59,56,73,75,67,43,74,44,50,63,82,65,69,43,12,14,13,7,15
4248,Latifah Abdu,71,ST,,Canada,Arkema PL,En Avant Guingamp,24,170,63,Right,2,2,,Women's Football,https://www.ea.com/games/ea-sports-fc/ratings/player-ratings/276767,76,71,57,70,30,66,72,80,69,73,72,68,66,66,62,44,57,66,48,61,70,67,62,64,73,66,28,68,22,30,22,80,65,77,37,10,15,11,9,10
4248,Michelle Alozie,71,ST,,Nigeria,NWSL,Houston Dash,29,170,60,Left,3,3,Long Throw,Women's Football,https://www.ea.com/games/ea-sports-fc/ratings/player-ratings/267282,75,68,70,73,58,64,74,76,73,69,68,67,66,52,70,70,48,76,63,70,73,73,67,71,77,64,62,68,45,63,61,70,77,55,68,5,11,15,12,8
4248,Joelle Anderson,71,CM,CDM,United States,NWSL,Bay FC,27,175,61,Left,3,3,,Women's Football,https://www.ea.com/games/ea-sports-fc/ratings/player-ratings/267283,61,73,73,72,58,60,53,68,70,74,71,74,66,68,67,77,69,76,70,68,73,74,51,73,74,66,68,73,38,70,49,70,49,64,62,6,13,8,15,9
4248,Chloë Arthur,71,CM,CDM,Scotland,Barclays WSL,Crystal Palace,31,169,58,Right,3,3,,Women's Football,https://www.ea.com/games/ea-sports-fc/ratings/player-ratings/245883,64,65,64,70,67,60,59,68,68,65,73,62,48,52,73,47,40,75,68,33,69,55,80,76,75,55,54,64,69,73,71,63,66,55,62,10,8,5,8,6
4248,Halimatu Ayinde,71,CDM,CM,Nigeria,Sverige Liga,FC Rosengård,31,165,59,Right,3,3,,Women's Football,https://www.ea.com/games/ea-sports-fc/ratings/player-ratings/246633,69,61,59,60,72,69,68,69,45,71,68,50,22,50,63,39,52,68,65,45,50,74,76,69,66,69,73,55,72,77,70,67,75,67,69,12,12,13,5,10
4248,Stine Ballisager,71,CB,,Denmark,NWSL,KC Current,32,175,64,Right,2,2,Long Ball Pass,Women's Football,https://www.ea.com/games/ea-sports-fc/ratings/player-ratings/273168,52,47,63,60,73,64,55,49,36,41,63,45,47,51,55,57,43,75,67,48,51,57,60,71,70,70,76,77,71,73,71,75,69,66,51,7,10,7,6,9
4248,Peke,71,ST,LM,Spain,Liga F,Athletic Club,34,155,53,Right,4,4,,Women's Football,https://www.ea.com/games/ea-sports-fc/ratings/player-ratings/258577,58,76,63,71,29,61,60,56,72,78,75,77,68,72,62,49,68,70,65,67,72,70,75,70,70,68,18,64,31,22,34,69,71,70,24,12,13,14,10,6
4248,Faustine Bataillard,71,CB,CDM,France,Arkema PL,AS Saint Étienne,21,170,63,Right,3,2,,Women's Football,https://www.ea.com/games/ea-sports-fc/ratings/player-ratings/265973,69,55,64,69,73,67,70,69,64,59,48,56,39,53,59,52,45,77,69,45,68,66,71,63,72,63,67,72,71,78,73,75,72,63,68,12,12,9,11,11
4248,Cristina Baudet,71,CAM,CM,Spain,Liga F,Badalona Women,34,165,61,Right,3,3,,Women's Football,https://www.ea.com/games/ea-sports-fc/ratings/player-ratings/276904,67,72,68,72,46,57,67,67,72,72,72,71,71,71,61,66,61,75,72,59,69,71,62,72,77,74,46,61,45,45,41,62,54,51,75,14,8,15,7,10
4248,Morgane Belkhiter,71,RB,,Algeria,Arkema PL,AS Saint Étienne,30,170,55,Right,3,3,"Intercept, Relentless",Women's Football,https://www.ea.com/games/ea-sports-fc/ratings/player-ratings/270830,65,57,59,62,69,63,62,67,67,63,47,61,39,42,52,64,40,67,55,51,59,61,60,67,68,52,73,66,66,71,70,65,75,56,65,11,12,13,5,10
4248,Elyse Bennett,71,ST,RM,United States,NWSL,San Diego Wave,26,178,66,Right,3,3,,Women's Football,https://www.ea.com/games/ea-sports-fc/ratings/player-ratings/267330,67,70,59,70,42,73,68,67,73,70,71,67,67,68,51,48,67,69,58,51,69,76,45,69,74,65,42,70,38,38,37,79,69,80,58,8,10,5,12,10
4248,Noemi Benz,71,GK,,Switzerland,Schweizer Damen Liga,FC Zürich,22,171,64,Left,3,1,,Women's Football,https://www.ea.com/games/ea-sports-fc/ratings/player-ratings/276850,71,70,69,68,26,70,23,30,5,7,52,6,6,10,39,10,10,22,26,9,9,35,47,73,10,23,9,8,8,11,10,39,22,35,23,71,70,69,70,68
4248,Guro Bergsvand,71,CB,"RB, LB",Norway,Barclays WSL,Brighton,32,175,65,Right,3,2,,Women's Football,https://www.ea.com/games/ea-sports-fc/ratings/player-ratings/265421,65,28,47,54,73,69,66,64,25,25,39,26,21,34,29,28,25,71,52,32,42,58,63,69,65,55,76,74,75,70,66,76,67,68,70,10,9,8,15,13
4248,Hannah Betfort,71,ST,,United States,NWSL,Utah Royals FC,27,180,67,Right,2,2,,Women's Football,https://www.ea.com/games/ea-sports-fc/ratings/player-ratings/267214,59,71,62,65,42,66,53,63,75,73,72,66,70,68,53,56,59,73,64,51,64,50,53,73,72,64,42,71,38,38,37,76,43,77,64,8,7,5,12,8
4248,Maureen Bigot,71,RM,"LM, RW",France,Arkema PL,En Avant Guingamp,30,166,55,Right,3,3,Long Ball Pass,Women's Football,https://www.ea.com/games/ea-sports-fc/ratings/player-ratings/264979,71,65,70,73,39,48,68,73,73,68,59,63,63,61,68,71,57,75,65,64,73,70,76,65,77,60,33,53,41,39,35,61,33,58,40,7,7,12,8,14
4248,Jenna Bike,71,RM,RW,United States,NWSL,Chicago Stars FC,28,168,59,Right,3,3,,Women's Football,https://www.ea.com/games/ea-sports-fc/ratings/player-ratings/270079,76,60,67,71,65,60,73,78,69,64,62,55,47,43,67,67,57,72,63,58,71,71,57,68,74,60,63,65,66,69,58,71,68,59,50,13,14,13,6,10
4248,Jorelyn Carabalí,71,CB,,Colombia,Barclays WSL,Brighton,29,170,63,Right,3,2,,Women's Football,https://www.ea.com/games/ea-sports-fc/ratings/player-ratings/273149,63,36,52,53,72,70,64,63,29,29,50,35,28,53,38,31,39,74,57,27,32,63,63,71,76,55,68,68,78,71,70,72,68,70,73,14,14,12,14,14
4248,Estela Carbonell,71,LB,LM,Spain,Liga F,Levante UD,21,169,57,Right,3,3,Whipped Pass,Women's Football,https://www.ea.com/games/ea-sports-fc/ratings/player-ratings/272015,69,47,69,61,73,61,71,68,57,37,60,46,67,49,72,66,42,76,70,51,55,70,57,66,68,55,75,75,77,72,60,78,64,62,51,7,11,14,13,13
4248,Kyra Carusa,71,ST,"RM, LM",Republic of Ireland,NWSL,San Diego Wave,30,175,61,Right,3,2,,Women's Football,https://www.ea.com/games/ea-sports-fc/ratings/player-ratings/273379,64,69,56,67,47,62,66,62,77,73,69,64,63,58,52,53,43,69,48,39,67,55,54,74,73,61,48,68,27,59,52,72,55,68,51,14,14,5,13,11
4248,Marta Cazalla,71,CB,,Spain,GPFBL,TSG Hoffenheim,29,177,67,Right,2,2,,Women's Football,https://www.ea.com/games/ea-sports-fc/ratings/player-ratings/276509,63,41,48,51,71,70,61,64,28,46,45,30,21,60,26,29,40,72,50,49,29,65,61,69,74,62,68,74,70,73,70,79,63,75,64,14,6,8,9,5
4248,Solène Champagnac,71,CDM,CM,France,Arkema PL,AS Saint Étienne,27,166,59,Right,3,3,,Women's Football,https://www.ea.com/games/ea-sports-fc/ratings/player-ratings/268659,45,58,64,66,69,66,55,36,59,52,66,61,50,67,62,48,65,73,68,58,63,64,70,70,68,68,73,53,68,73,70,59,71,61,72,6,15,14,8,14
4248,Grace Clinton,71,LM,"CM, ST, LW",England,Barclays WSL,Manchester Utd,23,172,64,Right,3,3,,Women's Football,https://www.ea.com/games/ea-sports-fc/ratings/player-ratings/265333,75,65,67,72,62,74,75,75,67,68,65,65,56,43,71,57,49,73,70,49,73,71,61,68,75,64,51,45,65,72,66,71,67,78,72,6,10,11,7,5
4248,Mikayla Cluff,71,CDM,CAM,United States,NWSL,Utah Royals FC,27,173,63,Right,3,3,Anticipate,Women's Football,https://www.ea.com/games/ea-sports-fc/ratings/player-ratings/267294,52,58,63,67,71,61,43,59,56,53,65,61,58,58,67,40,55,74,68,48,65,63,49,70,73,65,71,58,73,75,68,58,58,64,58,5,13,12,6,12
4248,Lotta Cordes,71,CM,,Germany,GPFBL,1. FC Köln,25,172,62,Right,3,3,"Long Ball Pass, Intercept, Press Proven",Women's Football,https://www.ea.com/games/ea-sports-fc/ratings/player-ratings/264972,55,61,67,66,69,66,54,55,72,60,62,63,42,58,71,52,47,74,72,57,65,56,51,75,71,67,74,64,65,72,68,67,73,70,47,14,14,11,14,13
4248,Chardonnay Curran,71,RB,"CM, CAM",United States,NWSL,Chicago Stars FC,26,164,58,Left,3,3,,Women's Football,https://www.ea.com/games/ea-sports-fc/ratings/player-ratings/267331,57,61,70,70,70,60,54,59,68,58,62,67,57,50,71,68,59,74,72,55,68,62,76,72,76,58,70,60,72,72,69,57,70,51,69,13,6,12,11,13
4248,Yana Daniëls,71,ST,RM,Belgium,Barclays WSL,Liverpool,34,170,53,Right,3,3,Finesse Shot,Women's Football,https://www.ea.com/games/ea-sports-fc/ratings/player-ratings/266926,71,70,58,74,34,53,75,68,78,69,75,70,69,55,49,59,45,69,45,61,76,68,75,70,75,64,28,65,30,32,29,70,39,57,58,9,14,14,7,12
4248,Julia Debitzki,71,CDM,CB,Germany,GPFBL,SGS Essen,34,171,60,Right,2,2,,Women's Football,https://www.ea.com/games/ea-sports-fc/ratings/player-ratings/265041,58,54,65,66,69,71,52,63,63,52,62,49,55,55,70,52,52,70,69,62,66,57,60,66,69,62,71,52,73,70,71,60,77,69,70,14,12,14,8,8
4248,Vanessa Diehm,71,CM,,Germany,GPFBL,TSG Hoffenheim,22,168,58,Right,2,2,,Women's Football,https://www.ea.com/games/ea-sports-fc/ratings/player-ratings/274847,68,62,61,72,56,63,65,70,77,66,59,61,32,60,67,32,56,74,68,50,72,74,66,72,74,64,69,58,36,69,49,66,67,64,57,11,8,9,13,5
4248,Laís Araújo,71,CB,"CDM, LB",Brazil,Liga Portugal Feminino,SL Benfica,30,173,56,Right,3,2,"Long Ball Pass, Jockey",Women's Football,https://www.ea.com/games/ea-sports-fc/ratings/player-ratings/276511,64,38,63,66,71,69,58,68,48,38,41,33,26,42,53,53,38,75,71,52,66,43,48,69,76,67,67,71,72,72,68,75,62,71,69,7,8,5,10,10
4248,Kim Dubs,71,RM,"LM, RW",Switzerland,Schweizer Damen Liga,FC Zürich,27,160,52,Right,3,3,,Women's Football,https://www.ea.com/games/ea-sports-fc/ratings/player-ratings/275845,66,64,68,68,43,61,66,66,70,70,62,56,49,56,73,69,37,71,71,44,69,63,71,73,70,53,31,39,48,47,40,56,66,63,49,6,8,8,15,13
4248,Gemma Font,71,GK,,Spain,Liga F,FC Barcelona,26,165,61,Right,3,1,,Women's Football,https://www.ea.com/games/ea-sports-fc/ratings/player-ratings/268943,72,69,68,70,41,70,40,42,8,7,51,18,8,21,58,9,21,48,35,13,8,55,50,68,34,49,9,7,13,11,12,56,20,55,19,72,69,68,70,70
4248,Maryne Gignoux,71,GK,,France,Arkema PL,AS Saint Étienne,29,170,62,Right,2,1,1v1 Close Down,Women's Football,https://www.ea.com/games/ea-sports-fc/ratings/player-ratings/265983,70,66,68,75,43,72,42,45,11,10,51,8,7,11,37,14,10,28,17,15,13,40,52,68,17,42,17,9,15,15,10,63,34,70,34,70,66,68,72,75
4248,Pamela González,71,CDM,,Uruguay,Liga F,Sevilla FC,30,167,56,Right,2,3,,Women's Football,https://www.ea.com/games/ea-sports-fc/ratings/player-ratings/275775,53,55,63,57,69,64,52,53,69,50,66,55,52,51,66,34,37,80,75,42,40,62,63,70,74,70,66,80,61,77,61,75,55,66,66,14,10,5,13,15
4248,Charlotte Grant,71,RB,LB,Australia,Barclays WSL,Spurs,24,165,59,Right,3,2,,Women's Football,https://www.ea.com/games/ea-sports-fc/ratings/player-ratings/262868,69,46,64,63,69,65,70,69,57,41,50,54,30,55,52,70,48,73,60,55,56,67,75,74,70,52,69,70,69,70,60,72,75,62,58,7,14,11,7,14
4248,Hal Hershfelt,71,CDM,,United States,NWSL,Washington Spirit,24,173,65,Right,3,2,,Women's Football,https://www.ea.com/games/ea-sports-fc/ratings/player-ratings/71560,70,58,63,71,68,70,69,71,57,56,66,60,48,45,61,50,60,72,68,53,73,69,66,71,73,59,72,56,70,70,64,69,69,70,70,14,10,14,13,7
4248,Marie Höbinger,71,CM,,Austria,Barclays WSL,Liverpool,24,162,57,Left,4,3,,Women's Football,https://www.ea.com/games/ea-sports-fc/ratings/player-ratings/265019,65,59,68,69,66,62,66,65,73,61,58,66,21,41,74,64,47,72,71,46,70,60,64,68,74,63,66,64,66,69,60,68,65,61,57,14,8,11,11,14
4248,Lucy Hope,71,RB,CM,Scotland,Barclays WSL,Everton,29,165,60,Right,3,3,"Bruiser, Rapid",Women's Football,https://www.ea.com/games/ea-sports-fc/ratings/player-ratings/246968,62,62,69,71,71,72,56,66,67,59,75,60,59,50,69,60,60,76,68,64,70,71,78,75,72,70,75,55,70,75,69,66,69,72,75,6,11,11,8,6
4248,Bicho,71,CM,RM,Spain,Liga F,C. Adeje Tenerife,22,164,59,Left,4,4,Press Proven,Women's Football,https://www.ea.com/games/ea-sports-fc/ratings/player-ratings/272147,64,68,68,74,62,64,71,59,75,75,66,60,55,59,70,60,60,78,59,59,75,64,60,65,80,71,75,61,65,55,51,68,67,57,75,13,13,7,14,14
4248,Angharad James-Turner,71,RB,"CM, CDM",Wales,NWSL,Seattle Reign,32,162,57,Right,3,2,"Block, Anticipate",Women's Football,https://www.ea.com/games/ea-sports-fc/ratings/player-ratings/267293,56,64,76,69,70,65,46,64,71,59,71,71,57,50,74,73,68,80,76,70,67,66,70,72,73,63,71,55,73,73,69,59,65,64,70,13,12,12,12,12
4248,Sarah Jankovska,71,CDM,CM,Denmark,Arkema PL,Dijon FCO,26,163,64,Right,3,3,"Power Shot, Long Ball Pass, Slide Tackle, Press Proven",Women's Football,https://www.ea.com/games/ea-sports-fc/ratings/player-ratings/277173,67,64,70,72,66,75,70,65,59,58,74,70,56,58,70,65,64,72,73,68,72,68,80,66,71,74,68,52,67,67,70,61,79,74,74,10,9,11,7,11
4248,Bente Jansen,71,RW,RM,Holland,Nederland Vrouwen Liga,Ajax,26,179,63,Right,2,3,Power Header,Women's Football,https://www.ea.com/games/ea-sports-fc/ratings/player-ratings/277816,68,66,65,71,54,67,66,69,76,69,65,65,48,60,69,74,50,69,48,58,71,69,67,72,72,65,46,70,40,70,48,73,66,70,61,12,12,8,12,13
4248,Emma Jansson,71,CM,,Sweden,Sverige Liga,FC Rosengård,30,163,57,Right,3,2,,Women's Football,https://www.ea.com/games/ea-sports-fc/ratings/player-ratings/275919,64,60,66,70,61,61,65,64,71,66,45,67,37,42,73,59,42,71,69,39,73,57,68,75,73,55,72,65,58,58,54,67,70,59,53,9,6,11,11,7
4248,Katie Johnson,71,ST,,Mexico,NWSL,Angel City FC,31,173,67,Right,3,3,"First Touch, Aerial",Women's Football,https://www.ea.com/games/ea-sports-fc/ratings/player-ratings/241226,73,69,72,72,46,59,74,72,75,70,70,68,62,70,75,71,67,73,70,67,71,69,69,70,76,67,43,70,45,43,44,72,61,58,55,14,9,15,8,14
4248,Mathilde Kack,71,CB,,France,Arkema PL,Stade de Reims,26,169,72,Right,2,2,,Women's Football,https://www.ea.com/games/ea-sports-fc/ratings/player-ratings/272993,66,35,51,56,72,69,59,71,35,33,44,31,33,37,37,37,30,69,59,36,51,43,62,68,62,65,69,72,71,75,67,76,62,72,70,10,10,11,6,11
4248,Mai Kadowaki,71,ST,CAM,Japan,Sverige Liga,FC Rosengård,25,165,55,Right,3,3,,Women's Football,https://www.ea.com/games/ea-sports-fc/ratings/player-ratings/277451,65,69,62,72,35,59,67,64,77,70,64,68,69,66,65,38,66,78,53,63,72,68,71,76,76,57,24,69,28,38,30,71,66,65,34,6,6,14,14,12
4248,Kanteh,71,ST,RW,Spain,Liga F,Sevilla FC,28,168,63,Right,3,4,Rapid,Women's Football,https://www.ea.com/games/ea-sports-fc/ratings/player-ratings/272146,73,70,65,74,33,68,73,73,74,70,70,69,70,65,69,55,69,69,60,65,75,64,62,70,80,60,30,59,40,20,32,77,59,76,59,8,12,9,11,13
4248,Sam Kerr,71,CDM,CM,Scotland,GPFBL,FC Bayern München,27,168,61,Right,3,3,,Women's Football,https://www.ea.com/games/ea-sports-fc/ratings/player-ratings/268488,65,69,68,75,66,63,60,69,70,69,72,73,39,60,69,56,61,73,72,63,74,69,85,69,78,69,64,40,70,70,68,53,70,60,64,13,5,12,13,8
4248,Karolína Křivská,71,ST,,Czech Republic,Ceska Liga Žen,Slavia Praha,29,168,65,Right,3,3,,Women's Football,https://www.ea.com/games/ea-sports-fc/ratings/player-ratings/276345,68,67,56,69,24,65,69,68,79,69,65,65,52,61,62,32,54,72,50,37,68,59,72,77,71,73,18,70,20,18,17,77,71,75,30,15,10,10,14,15
4248,Valentina Kröll,71,CB,,Austria,GPFBL,SGS Essen,23,174,60,Left,2,2,,Women's Football,https://www.ea.com/games/ea-sports-fc/ratings/player-ratings/276512,68,43,50,58,73,65,66,69,29,40,58,40,27,59,38,29,45,69,55,46,45,68,54,72,72,55,69,72,76,73,69,74,64,63,67,8,11,14,9,15
4248,Laura Lindner,71,ST,,Germany,GPFBL,Turbine Potsdam,31,166,58,Right,2,2,,Women's Football,https://www.ea.com/games/ea-sports-fc/ratings/player-ratings/72473,71,71,55,70,49,64,70,71,77,73,70,69,65,65,58,45,60,65,44,49,71,66,68,72,70,64,38,68,35,66,46,72,68,66,54,7,12,12,11,10
4248,Marit Bratberg Lund,71,LB,,Norway,Liga Portugal Feminino,SL Benfica,28,167,58,Left,2,3,,Women's Football,https://www.ea.com/games/ea-sports-fc/ratings/player-ratings/273280,66,67,65,62,68,63,63,68,53,66,76,66,47,70,48,71,70,73,59,65,59,59,72,67,65,58,68,67,65,71,73,69,65,63,57,9,6,10,10,12
4248,Malou Marcetto,71,CDM,"CM, CAM",Denmark,Liga F,Madrid CFF,23,178,66,Right,3,3,,Women's Football,https://www.ea.com/games/ea-sports-fc/ratings/player-ratings/276771,71,70,70,73,67,71,74,68,65,66,78,74,57,66,70,67,63,74,68,65,74,69,61,70,75,67,68,58,69,67,63,74,70,71,69,13,12,7,11,12
4248,Andrea Marrero,71,CB,,Spain,Liga F,C. Adeje Tenerife,29,169,60,Right,2,2,,Women's Football,https://www.ea.com/games/ea-sports-fc/ratings/player-ratings/272231,48,49,60,63,72,65,50,46,35,47,56,55,35,40,41,57,47,74,67,45,59,71,56,69,65,70,72,81,70,71,70,75,61,63,72,13,6,15,12,8
4248,Phoebe McClernon,71,CB,LB,United States,NWSL,Seattle Reign,28,170,61,Right,2,2,,Women's Football,https://www.ea.com/games/ea-sports-fc/ratings/player-ratings/267209,45,40,56,63,74,62,45,45,42,38,48,38,32,42,53,42,36,70,60,42,58,60,73,72,68,65,72,68,75,78,72,64,54,66,61,12,14,8,11,6
4248,Wifi,71,ST,,Spain,Liga F,Sevilla FC,22,173,59,Right,3,3,Rapid,Women's Football,https://www.ea.com/games/ea-sports-fc/ratings/player-ratings/272116,81,70,60,76,38,62,83,79,63,75,77,60,58,59,53,56,55,70,50,62,79,75,76,66,77,57,30,65,35,37,35,76,60,60,66,7,10,6,11,8
4248,Raquel Morcillo,71,LB,LW,Spain,Liga F,Sevilla FC,27,167,59,Left,3,3,"Intercept, Long Throw",Women's Football,https://www.ea.com/games/ea-sports-fc/ratings/player-ratings/272180,75,65,68,73,67,66,73,76,65,61,72,71,55,55,70,65,75,70,62,73,75,70,69,69,73,59,75,55,65,70,60,68,73,60,70,6,14,8,8,15
4248,Lisa Fjeldstad Naalsund,71,CDM,CM,Norway,Barclays WSL,Manchester Utd,30,169,61,Right,3,2,,Women's Football,https://www.ea.com/games/ea-sports-fc/ratings/player-ratings/268475,60,57,62,69,67,68,61,59,39,54,71,67,34,38,57,48,44,74,72,48,69,59,82,69,73,55,68,43,69,72,68,56,77,65,68,13,11,13,8,15
4248,Lily Nabet,71,CDM,CM,United States,NWSL,Angel City FC,26,157,56,Right,3,2,,Women's Football,https://www.ea.com/games/ea-sports-fc/ratings/player-ratings/267370,51,52,64,65,70,63,52,51,52,53,59,49,44,41,69,45,48,74,71,52,63,64,72,63,68,63,70,49,73,74,68,56,67,63,62,14,15,11,14,5
4248,Colette Ndzana,71,LB,,Cameroon,Arkema PL,Stade de Reims,25,163,54,Left,2,3,,Women's Football,https://www.ea.com/games/ea-sports-fc/ratings/player-ratings/273626,76,54,63,71,67,60,77,75,61,51,62,55,40,42,49,70,54,69,58,70,70,77,70,68,70,68,68,61,66,70,65,71,66,57,57,8,10,6,13,8
4248,Jenna Nighswonger,71,LB,,United States,NWSL,Gotham FC,25,163,60,Left,3,3,Whipped Pass,Women's Football,https://www.ea.com/games/ea-sports-fc/ratings/player-ratings/273469,69,69,74,69,68,60,70,68,71,67,72,73,56,60,68,77,75,75,73,73,68,63,67,72,73,65,69,58,71,70,62,64,68,56,58,12,15,11,12,6
4248,Agathe Ollivier,71,LB,,France,Arkema PL,En Avant Guingamp,28,166,59,Left,2,3,"Whipped Pass, Jockey, Block",Women's Football,https://www.ea.com/games/ea-sports-fc/ratings/player-ratings/275388,75,53,65,69,64,61,74,75,49,57,48,53,42,57,53,68,53,72,63,65,70,66,68,65,72,62,67,49,63,67,71,62,73,57,54,6,14,9,7,14
4248,Sara Ortega,71,RM,"LM, RW",Spain,Liga F,Athletic Club,21,168,57,Right,3,3,Rapid,Women's Football,https://www.ea.com/games/ea-sports-fc/ratings/player-ratings/272137,78,70,67,71,54,61,77,78,61,74,68,69,69,55,60,66,66,75,64,61,72,73,79,61,72,61,44,52,61,54,52,68,73,60,45,14,10,14,10,12
4248,Heather Payne,71,ST,,Republic of Ireland,Barclays WSL,Everton,26,170,60,Right,2,2,,Women's Football,https://www.ea.com/games/ea-sports-fc/ratings/player-ratings/273381,67,71,62,66,57,68,69,66,77,76,68,69,62,58,60,56,45,73,60,48,65,62,65,71,68,66,61,74,40,67,57,78,67,69,62,14,10,12,6,14
4248,Pisco,71,LB,LM,Spain,Liga F,C. Adeje Tenerife,37,159,55,Left,3,3,"Whipped Pass, Block, Slide Tackle",Women's Football,https://www.ea.com/games/ea-sports-fc/ratings/player-ratings/272228,61,71,71,71,70,80,55,66,69,67,81,71,69,80,75,70,70,70,70,69,70,72,69,72,70,77,74,75,71,68,60,81,80,82,75,12,13,6,5,7
4248,María Pérez,71,CM,,Spain,Liga F,FC Barcelona,24,169,54,Right,2,3,,Women's Football,https://www.ea.com/games/ea-sports-fc/ratings/player-ratings/268945,72,60,68,70,64,65,71,72,60,60,57,62,49,65,70,43,62,80,75,62,70,72,62,74,72,61,61,56,59,74,64,69,67,65,60,9,13,14,14,9
4248,Elli Pikkujämsä,71,CB,CDM,Finland,NWSL,Rac. Louisville,26,172,68,Right,3,2,,Women's Football,https://www.ea.com/games/ea-sports-fc/ratings/player-ratings/272700,35,43,57,61,72,63,36,34,40,37,57,45,31,40,58,36,39,71,63,34,58,50,52,66,70,61,69,72,76,73,67,69,32,75,68,13,12,11,11,6
4248,Alice Pinguet,71,GK,,France,Arkema PL,Dijon FCO,23,174,65,Right,3,1,,Women's Football,https://www.ea.com/games/ea-sports-fc/ratings/player-ratings/269202,70,69,70,75,45,69,44,47,10,11,53,9,10,13,41,14,17,29,25,18,17,48,52,66,22,42,13,12,15,15,11,56,36,51,27,70,69,70,69,75
4248,Allegra Poljak,71,LB,RB,Serbia,Liga F,Madrid CFF,27,162,56,Right,3,3,Long Throw,Women's Football,https://www.ea.com/games/ea-sports-fc/ratings/player-ratings/272204,65,52,66,68,72,66,64,66,59,50,62,47,49,51,56,70,45,76,62,57,67,75,67,71,69,62,72,61,80,70,62,69,69,67,59,8,12,13,13,13
4248,Gabby Provenzano,71,CB,CDM,United States,NWSL,Portland Thorns,26,164,57,Right,3,2,,Women's Football,https://www.ea.com/games/ea-sports-fc/ratings/player-ratings/267478,32,39,56,61,73,61,33,31,46,37,44,40,32,40,52,43,32,70,62,41,57,55,69,69,66,68,70,67,74,76,74,64,33,74,65,10,8,5,7,10
4248,Berta Pujadas,71,CB,,Spain,Liga F,Badalona Women,26,172,66,Right,3,2,Slide Tackle,Women's Football,https://www.ea.com/games/ea-sports-fc/ratings/player-ratings/272085,74,67,63,59,72,68,68,78,65,65,72,70,65,55,48,45,60,80,65,70,45,71,68,70,70,70,75,70,75,70,65,73,69,69,65,10,14,10,9,10
4248,Jade Rastocle,71,CB,CDM,France,Arkema PL,Montpellier,21,168,58,Right,2,2,,Women's Football,https://www.ea.com/games/ea-sports-fc/ratings/player-ratings/265892,57,39,56,62,72,66,54,59,37,37,48,33,35,43,44,43,42,72,59,54,58,58,62,69,68,57,70,67,75,73,70,70,55,71,68,6,13,13,11,9
4248,Alicia Redondo,71,CDM,CM,Spain,Liga F,Sevilla FC,24,168,58,Right,2,2,,Women's Football,https://www.ea.com/games/ea-sports-fc/ratings/player-ratings/275774,63,56,64,64,70,63,65,61,69,51,68,54,51,52,70,35,55,76,72,59,58,68,66,71,70,66,66,58,64,81,75,67,66,66,51,11,13,10,15,11
4248,Maïwen Renard,71,CB,LB,France,Arkema PL,En Avant Guingamp,23,173,62,Right,3,2,,Women's Football,https://www.ea.com/games/ea-sports-fc/ratings/player-ratings/267651,59,53,54,59,72,71,45,70,48,51,71,50,33,38,43,36,33,75,58,41,54,64,66,66,61,65,68,71,71,75,71,71,67,72,72,14,11,11,7,9
4248,Rhiannon Roberts,71,CB,RB,Wales,Liga F,Real Betis,35,171,64,Right,2,2,Bruiser,Women's Football,https://www.ea.com/games/ea-sports-fc/ratings/player-ratings/266917,66,61,64,63,70,74,62,69,57,58,69,66,50,48,58,51,55,80,60,58,58,62,38,64,74,66,70,71,65,75,70,77,76,73,72,6,14,9,5,15
4248,Izzy Rodriguez,71,LB,,United States,NWSL,KC Current,27,160,57,Left,3,3,"Long Ball Pass, Intercept",Women's Football,https://www.ea.com/games/ea-sports-fc/ratings/player-ratings/267343,58,54,65,60,72,57,57,59,41,44,68,69,42,45,42,75,69,67,71,71,59,35,80,72,64,59,70,64,72,74,73,58,67,49,65,14,10,8,14,13
4248,Romane Salvador,71,GK,,France,Liga F,RCD Espanyol,28,170,67,Left,3,1,Cross Claimer,Women's Football,https://www.ea.com/games/ea-sports-fc/ratings/player-ratings/269921,76,67,75,73,47,69,49,45,12,13,56,11,9,17,38,12,13,35,29,25,25,47,57,61,28,55,17,12,15,14,14,50,29,40,27,76,67,75,69,73
4248,Erika Santoro,71,RB,CB,Italy,Liga F,Real Betis,26,170,60,Right,3,3,,Women's Football,https://www.ea.com/games/ea-sports-fc/ratings/player-ratings/267012,72,46,68,67,68,73,71,72,61,40,55,51,41,41,55,71,48,78,69,51,62,75,69,71,70,74,70,51,72,72,61,71,71,75,70,14,10,11,14,7
4248,Annabel Schasching,71,CAM,CDM,Austria,GPFBL,SC Freiburg,23,163,57,Right,3,2,,Women's Football,https://www.ea.com/games/ea-sports-fc/ratings/player-ratings/273563,76,62,62,69,44,58,75,76,71,69,51,62,40,49,72,42,39,72,67,40,69,70,41,73,74,62,26,55,39,55,49,67,69,59,40,12,12,5,6,13
4248,Lara Schmidt,71,CB,,Germany,GPFBL,SV Werder Bremen,25,180,69,Right,2,2,,Women's Football,https://www.ea.com/games/ea-sports-fc/ratings/player-ratings/265014,61,47,60,55,71,75,63,59,34,45,59,42,34,60,60,58,40,68,59,41,42,66,63,69,68,56,70,70,75,68,69,79,71,81,65,11,9,9,13,8
4248,Viktoria Schwalm,71,ST,,Germany,GPFBL,Turbine Potsdam,28,162,58,Right,2,2,,Women's Football,https://www.ea.com/games/ea-sports-fc/ratings/player-ratings/265029,67,70,60,68,46,60,68,66,77,73,69,70,63,55,54,65,49,71,46,40,68,67,57,66,72,66,37,70,45,47,39,73,39,68,61,9,8,6,9,12
4248,Gabriela Šlajsová,71,RB,,Czech Republic,Ceska Liga Žen,Slavia Praha,26,174,65,Right,3,3,,Women's Football,https://www.ea.com/games/ea-sports-fc/ratings/player-ratings/275817,61,23,60,51,73,66,60,62,23,20,29,20,20,35,36,71,34,69,65,61,43,43,53,70,59,63,74,63,75,75,68,69,65,70,54,7,7,12,8,7
4248,Gema Soliveres,71,CM,,Spain,Liga F,Real Betis,25,170,55,Right,2,2,,Women's Football,https://www.ea.com/games/ea-sports-fc/ratings/player-ratings/272265,55,63,70,66,66,69,56,55,72,65,69,55,49,49,74,50,71,79,70,69,66,59,55,60,70,71,75,50,65,70,55,60,82,65,66,8,15,6,14,13
4248,Kysha Sylla,71,CB,CDM,France,Arkema PL,OL Lyonnes,22,173,67,Right,2,2,Intercept,Women's Football,https://www.ea.com/games/ea-sports-fc/ratings/player-ratings/264953,60,37,55,59,72,71,48,69,39,34,52,30,33,32,48,35,28,71,64,49,56,59,66,65,61,61,70,74,69,75,70,76,63,78,64,5,8,10,14,9
4248,Katelin Talbert,71,GK,,United States,Barclays WSL,Spurs,27,181,69,Right,3,1,Cross Claimer,Women's Football,https://www.ea.com/games/ea-sports-fc/ratings/player-ratings/275931,74,67,75,73,45,68,43,48,13,12,56,11,9,17,42,15,14,27,29,18,15,35,42,61,17,51,15,11,17,14,10,66,30,75,42,74,67,75,68,73
4248,Chloé Tapia,71,LB,,France,Arkema PL,AS Saint Étienne,24,164,56,Left,2,3,,Women's Football,https://www.ea.com/games/ea-sports-fc/ratings/player-ratings/275410,67,54,63,71,67,64,63,70,58,54,55,53,39,55,55,68,44,70,55,63,71,68,81,63,71,70,67,52,64,74,68,56,90,51,68,6,12,5,6,14
4248,Taryn Torres,71,CDM,,United States,NWSL,Gotham FC,27,167,59,Left,3,2,,Women's Football,https://www.ea.com/games/ea-sports-fc/ratings/player-ratings/267362,65,54,63,68,69,65,66,64,54,55,56,52,57,49,67,40,57,75,70,48,65,66,74,68,73,59,69,54,70,75,67,64,69,65,62,8,14,7,14,5
4248,Élisabeth Tsé,71,CB,,Canada,Arkema PL,Havre AC,23,173,69,Right,3,2,,Women's Football,https://www.ea.com/games/ea-sports-fc/ratings/player-ratings/276797,64,39,51,57,70,73,60,68,32,38,53,33,27,41,36,43,29,68,52,51,53,48,49,70,67,52,68,72,69,72,66,80,59,80,69,13,9,11,12,14
4248,Mirari Uria,71,RW,"ST, RM",Spain,Liga F,Real Sociedad,23,169,59,Right,3,3,,Women's Football,https://www.ea.com/games/ea-sports-fc/ratings/player-ratings/272199,70,70,70,71,45,61,73,67,70,72,70,69,58,61,68,70,64,74,70,65,71,71,71,69,72,66,48,54,41,46,36,65,66,58,61,9,10,13,14,13
4248,Roos van der Veen,71,RB,,Holland,Nederland Vrouwen Liga,Ajax,24,181,64,Right,2,2,,Women's Football,https://www.ea.com/games/ea-sports-fc/ratings/player-ratings/275962,66,47,55,58,71,65,68,65,40,51,54,39,23,55,30,70,36,69,45,46,50,66,56,70,64,58,69,70,73,71,67,73,67,68,55,7,15,14,13,11
4248,Dionne van der Wal,71,GK,,Holland,Nederland Vrouwen Liga,Ajax,23,180,66,Right,2,1,,Women's Football,https://www.ea.com/games/ea-sports-fc/ratings/player-ratings/275966,71,69,63,71,18,69,18,17,11,15,47,14,10,23,28,20,21,23,18,16,10,20,30,70,12,23,13,14,12,15,13,38,24,30,18,71,69,63,69,71
4248,Rosa van Gool,71,CM,,Holland,Nederland Vrouwen Liga,Ajax,22,162,56,Right,3,3,,Women's Football,https://www.ea.com/games/ea-sports-fc/ratings/player-ratings/275964,68,63,62,69,56,67,69,68,74,67,61,60,42,62,71,38,52,73,68,38,69,70,60,74,72,60,71,46,38,69,52,62,70,67,66,14,5,5,9,12
4248,Soraya Verhoeve,71,ST,,Holland,Nederland Vrouwen Liga,Ajax,28,163,58,Left,3,3,,Women's Football,https://www.ea.com/games/ea-sports-fc/ratings/player-ratings/275959,70,69,51,70,38,66,72,69,77,72,69,67,57,60,43,30,45,71,48,37,71,66,63,71,73,60,20,69,28,52,28,76,68,69,55,13,13,8,8,10
4248,Ornella Vignola,71,LM,"RM, LW",Spain,Liga F,Granada CF,21,164,57,Right,3,3,Technical,Women's Football,https://www.ea.com/games/ea-sports-fc/ratings/player-ratings/272049,71,65,69,72,58,70,72,71,69,59,77,71,69,46,67,74,55,70,66,75,74,76,64,68,70,68,61,59,59,59,49,74,73,72,61,5,8,10,9,7
4248,Viviana Villacorta,71,CDM,CM,United States,NWSL,Orlando Pride,27,170,62,Left,4,3,,Women's Football,https://www.ea.com/games/ea-sports-fc/ratings/player-ratings/267312,61,55,64,69,68,65,65,58,56,56,54,57,49,52,73,40,51,75,69,47,67,63,59,69,75,68,67,57,70,72,63,65,69,62,68,7,14,10,8,7
4248,Laura Vogt,71,CM,CDM,Germany,GPFBL,1. FC Köln,25,161,57,Right,2,3,Slide Tackle,Women's Football,https://www.ea.com/games/ea-sports-fc/ratings/player-ratings/271952,64,62,64,69,59,58,72,58,76,61,59,68,37,61,70,44,55,70,68,66,68,63,70,72,73,63,70,49,40,70,69,56,78,49,57,7,9,12,5,7
4248,Clare Wheeler,71,CM,CDM,Australia,Barclays WSL,Everton,28,162,57,Right,3,2,,Women's Football,https://www.ea.com/games/ea-sports-fc/ratings/player-ratings/264831,64,61,68,69,69,64,67,62,64,63,60,63,62,41,70,62,45,74,72,45,69,58,59,70,75,63,71,46,74,70,66,58,67,58,76,10,12,7,6,5
4248,Reena Wichmann,71,CM,RM,Germany,GPFBL,SV Werder Bremen,28,171,62,Right,2,3,Bruiser,Women's Football,https://www.ea.com/games/ea-sports-fc/ratings/player-ratings/265122,54,63,69,69,67,68,42,63,70,59,65,68,57,64,71,64,54,72,71,69,68,63,73,74,70,65,70,55,66,71,66,58,70,67,72,10,10,14,8,14
4248,Kate Wiesner,71,LB,,United States,NWSL,Washington Spirit,24,170,63,Right,3,2,,Women's Football,https://www.ea.com/games/ea-sports-fc/ratings/player-ratings/71561,66,49,66,68,69,65,65,67,58,45,50,58,46,45,62,69,50,70,64,67,66,69,72,70,70,69,68,66,70,69,67,70,75,65,52,10,14,10,8,6
5019,Anna Aehling,70,RB,,Germany,GPFBL,Frankfurt,25,171,60,Right,3,2,,Women's Football,https://www.ea.com/games/ea-sports-fc/ratings/player-ratings/266399,72,42,60,58,68,70,70,74,33,39,60,34,31,50,50,53,41,72,69,28,45,74,70,73,66,67,67,69,69,66,69,74,70,69,69,12,9,13,10,7
5019,Yolanda Aguirre,70,GK,,Spain,Liga F,Sevilla FC,27,165,64,Right,2,1,,Women's Football,https://www.ea.com/games/ea-sports-fc/ratings/player-ratings/267127,70,67,68,70,49,71,50,48,12,15,51,15,12,29,22,13,14,23,21,11,15,59,60,68,20,22,15,15,26,16,17,74,40,82,19,70,67,68,71,70
5019,Aline Allmann,70,GK,,Germany,GPFBL,SGS Essen,31,172,60,Right,2,1,,Women's Football,https://www.ea.com/games/ea-sports-fc/ratings/player-ratings/274661,70,67,71,68,39,70,33,48,11,13,53,11,14,12,21,14,16,13,11,15,12,44,25,68,12,15,16,16,10,16,17,43,15,30,14,70,67,71,70,68
5019,Angelina Anderson,70,GK,,United States,NWSL,Angel City FC,25,183,67,Right,2,1,,Women's Football,https://www.ea.com/games/ea-sports-fc/ratings/player-ratings/273492,70,68,66,69,36,68,38,34,7,10,50,7,6,19,27,11,14,21,17,13,7,36,43,69,11,24,7,14,8,14,14,61,23,65,12,70,68,66,68,69
5019,Hanna Andersson,70,RM,"ST, RW",Sweden,Sverige Liga,FC Rosengård,24,167,60,Right,3,3,,Women's Football,https://www.ea.com/games/ea-sports-fc/ratings/player-ratings/277881,67,64,67,67,52,64,68,66,70,69,60,62,58,46,66,68,43,72,70,46,72,54,56,68,69,50,54,55,43,59,50,67,68,67,52,12,10,15,6,6
5019,Arola Aparicio,70,RB,RM,Spain,Liga F,RCD Espanyol,28,169,58,Right,2,2,,Women's Football,https://www.ea.com/games/ea-sports-fc/ratings/player-ratings/272048,75,55,66,69,69,59,74,75,58,52,61,51,69,55,58,71,45,72,68,51,66,73,65,60,74,71,75,71,68,68,60,77,57,61,50,13,15,11,9,9
5019,Kat Asman,70,GK,,United States,NWSL,Portland Thorns,26,178,68,Left,2,1,,Women's Football,https://www.ea.com/games/ea-sports-fc/ratings/player-ratings/71504,76,67,72,66,31,68,30,32,6,7,54,6,8,17,34,12,10,16,28,11,8,39,46,67,12,36,11,11,8,11,10,57,24,62,18,76,67,72,68,66
5019,Lorena Azzaro,70,ST,,France,Arkema PL,Strasbourg,25,169,57,Left,2,3,,Women's Football,https://www.ea.com/games/ea-sports-fc/ratings/player-ratings/275399,66,71,57,67,33,63,59,71,69,73,71,73,65,60,52,45,58,68,51,62,67,52,57,63,75,67,31,68,27,34,21,72,65,72,34,7,11,7,14,13
5019,Laia Ballesté,70,CB,CDM,Spain,Liga F,RCD Espanyol,27,172,60,Right,2,2,,Women's Football,https://www.ea.com/games/ea-sports-fc/ratings/player-ratings/272254,63,37,55,63,71,69,71,56,24,30,55,35,32,49,41,45,30,70,60,50,55,67,69,74,69,68,77,50,74,72,70,71,56,75,70,14,12,13,12,7
5019,Hillary Beall,70,GK,,United States,NWSL,San Diego Wave,27,180,67,Right,2,1,,Women's Football,https://www.ea.com/games/ea-sports-fc/ratings/player-ratings/267884,68,70,69,71,43,69,43,44,8,11,52,9,9,20,32,8,15,25,19,12,8,36,52,69,12,28,9,8,7,13,9,59,39,60,14,68,70,69,69,71
5019,Agnes Beever-Jones,70,ST,LW,England,Barclays WSL,Chelsea,22,173,65,Right,3,3,,Women's Football,https://www.ea.com/games/ea-sports-fc/ratings/player-ratings/270407,67,68,59,71,36,66,69,66,72,70,68,67,64,55,58,46,50,71,59,38,72,72,51,68,74,63,28,66,30,38,30,74,57,71,64,8,14,9,8,15
5019,Tess Boade,70,RW,"CAM, RM",United States,NWSL,Bay FC,27,162,65,Right,3,4,,Women's Football,https://www.ea.com/games/ea-sports-fc/ratings/player-ratings/268505,73,67,68,70,44,47,73,73,71,69,68,65,62,59,68,69,48,73,65,67,69,71,79,70,72,63,48,66,37,42,41,57,67,33,56,11,11,6,5,11
5019,CJ Bott,70,RB,"RM, LB",New Zealand,Barclays WSL,Leicester City,31,165,60,Right,3,3,"Intercept, Anticipate",Women's Football,https://www.ea.com/games/ea-sports-fc/ratings/player-ratings/233354,48,53,63,65,72,68,38,56,48,55,60,45,44,47,59,76,44,67,48,60,64,59,72,69,66,62,70,64,72,76,68,65,70,75,48,14,10,9,14,9
5019,Barbara Brecht,70,LM,"CM, LW",Germany,GPFBL,RB Leipzig,26,180,64,Right,3,3,,Women's Football,https://www.ea.com/games/ea-sports-fc/ratings/player-ratings/265381,61,65,70,69,60,73,59,63,74,67,67,60,58,60,72,68,59,73,71,58,69,65,55,69,72,69,60,72,46,70,60,79,71,79,60,12,13,11,6,12
5019,Chiara Bücher,70,ST,"RM, RB",Germany,Schweizer Damen Liga,FC Zürich,22,169,57,Right,2,3,,Women's Football,https://www.ea.com/games/ea-sports-fc/ratings/player-ratings/264911,71,68,66,67,45,50,72,70,75,71,69,63,73,50,62,70,64,74,55,54,67,64,67,71,68,55,39,68,45,44,40,68,49,54,37,14,6,7,6,7
5019,Zoe Burns,70,RB,,Canada,NWSL,Utah Royals FC,24,158,52,Right,2,2,,Women's Football,https://www.ea.com/games/ea-sports-fc/ratings/player-ratings/273138,70,44,57,63,68,64,72,68,46,43,55,35,29,58,39,70,28,70,50,45,59,64,55,71,69,60,67,54,73,68,67,67,69,64,58,12,14,8,11,8
5019,Emily Burns,70,GK,,Canada,Arkema PL,FC Nantes,28,175,66,Right,2,1,,Women's Football,https://www.ea.com/games/ea-sports-fc/ratings/player-ratings/265970,69,67,66,74,43,68,41,47,9,8,50,8,10,13,30,13,11,30,22,15,12,51,49,62,17,36,13,8,11,13,10,56,33,56,28,69,67,66,68,74
5019,Diane Caldwell,70,CB,,Republic of Ireland,Schweizer Damen Liga,FC Zürich,37,173,65,Right,3,2,,Women's Football,https://www.ea.com/games/ea-sports-fc/ratings/player-ratings/266793,44,42,60,62,72,65,34,53,45,31,60,44,35,55,48,56,44,73,60,56,54,56,64,67,73,78,72,66,78,70,62,64,41,75,72,12,7,12,13,11
5019,Daniela Caracas,70,RB,,Colombia,Liga F,RCD Espanyol,29,167,57,Right,3,3,,Women's Football,https://www.ea.com/games/ea-sports-fc/ratings/player-ratings/273150,69,42,58,64,68,65,68,70,38,38,54,38,35,55,39,72,42,69,45,48,61,66,60,67,71,55,68,60,72,68,62,70,69,68,53,9,7,7,6,11
5019,Marta Carrasco,70,CB,,Spain,Liga F,Granada CF,31,173,67,Right,2,2,,Women's Football,https://www.ea.com/games/ea-sports-fc/ratings/player-ratings/275770,62,37,53,50,70,74,68,57,37,34,46,34,33,44,34,31,45,75,61,41,40,44,60,62,60,71,72,65,70,71,65,77,69,78,70,8,5,6,5,10
5019,Ivonne Chacón,70,ST,RW,Colombia,Liga F,Levante UD,28,179,60,Right,2,3,,Women's Football,https://www.ea.com/games/ea-sports-fc/ratings/player-ratings/272100,76,72,63,70,40,64,77,75,74,75,74,68,59,55,58,46,60,76,59,66,75,47,53,70,72,74,40,45,36,45,35,69,59,71,50,10,6,13,8,9
5019,Michaela Croatto,70,LB,,Austria,GPFBL,RB Leipzig,23,164,56,Left,3,2,,Women's Football,https://www.ea.com/games/ea-sports-fc/ratings/player-ratings/276848,70,49,56,69,69,61,69,71,31,53,57,38,33,61,35,67,42,68,50,52,69,69,66,72,70,60,70,53,74,70,64,63,66,61,52,15,6,11,7,6
5019,Cristina Cubedo,70,CB,,Spain,Liga F,Badalona Women,26,177,79,Right,3,2,,Women's Football,https://www.ea.com/games/ea-sports-fc/ratings/player-ratings/272140,54,50,61,62,71,72,53,55,39,41,66,54,55,65,50,50,41,75,70,45,55,65,51,69,70,71,72,65,75,70,65,73,65,80,60,5,11,10,9,12
5019,Féli Delacauw,70,CDM,CM,Belgium,GPFBL,TSG Hoffenheim,24,173,54,Right,4,3,,Women's Football,https://www.ea.com/games/ea-sports-fc/ratings/player-ratings/261810,67,59,66,67,64,66,72,63,62,58,59,68,40,44,69,54,62,70,70,59,64,70,69,63,71,59,70,40,60,72,65,58,73,61,71,9,10,13,13,7
5019,Petra Divišová,70,CM,CAM,Czech Republic,Ceska Liga Žen,Slavia Praha,41,158,50,Right,3,3,,Women's Football,https://www.ea.com/games/ea-sports-fc/ratings/player-ratings/275818,62,61,69,71,56,65,63,62,70,65,56,60,37,62,70,58,60,76,70,64,70,68,63,75,72,74,66,68,41,62,51,71,62,67,63,10,5,7,7,9
5019,Laura Donhauser,70,RB,LB,Germany,GPFBL,1. FC Köln,24,160,56,Right,2,2,,Women's Football,https://www.ea.com/games/ea-sports-fc/ratings/player-ratings/265091,75,47,57,66,69,53,76,74,34,54,50,39,32,40,29,59,42,70,66,59,67,69,35,72,70,55,73,56,70,69,66,62,64,47,51,14,14,10,8,13
5019,Tarciane,70,CB,,Brazil,NWSL,Houston Dash,23,183,68,Right,2,2,,Women's Football,https://www.ea.com/games/ea-sports-fc/ratings/player-ratings/274753,61,38,61,61,70,70,60,61,50,37,36,40,25,57,40,66,32,70,69,58,56,59,53,69,68,58,71,69,70,71,68,71,69,70,73,6,13,7,6,6
5019,Elizabeth Eddy,70,LB,,United States,NWSL,Angel City FC,34,163,58,Right,3,3,,Women's Football,https://www.ea.com/games/ea-sports-fc/ratings/player-ratings/267351,62,54,65,67,71,65,64,60,61,48,61,57,59,47,57,70,52,70,61,69,66,64,53,74,70,77,68,61,76,72,69,68,60,65,68,15,7,11,10,7
5019,Ane Etxezarreta,70,CB,,Spain,Liga F,Real Sociedad,30,166,64,Right,3,2,,Women's Football,https://www.ea.com/games/ea-sports-fc/ratings/player-ratings/272210,60,42,64,59,72,63,60,60,41,30,59,52,44,41,47,57,35,80,75,51,50,68,68,74,65,67,75,67,71,72,70,68,66,62,60,7,6,10,5,9
5019,Carol Férez,70,ST,"RM, CM",Spain,Liga F,Real Betis,34,163,53,Right,3,3,,Women's Football,https://www.ea.com/games/ea-sports-fc/ratings/player-ratings/228622,68,70,71,73,44,58,67,69,79,69,74,69,65,59,61,70,74,79,69,69,72,73,75,70,75,69,23,55,60,38,44,63,68,59,42,10,8,13,7,7
5019,Kayla Fischer,70,CAM,CM,United States,NWSL,Rac. Louisville,26,173,62,Right,3,3,,Women's Football,https://www.ea.com/games/ea-sports-fc/ratings/player-ratings/273481,75,66,67,71,37,52,73,76,70,69,58,69,51,63,67,62,58,70,64,75,71,66,62,67,74,66,36,58,32,38,34,57,68,42,58,11,8,15,13,6
5019,Dana Foederer,70,CM,,Holland,NWSL,Utah Royals FC,23,168,60,Right,3,2,,Women's Football,https://www.ea.com/games/ea-sports-fc/ratings/player-ratings/279867,66,62,68,68,59,57,64,67,68,57,67,70,54,52,70,59,60,74,71,52,68,63,73,70,70,59,68,57,54,59,53,59,68,51,57,15,9,6,13,10
5019,Megan Foley,70,RB,RW,Scotland,Scottish Women's League,Glasgow City FC,32,170,60,Right,2,2,,Women's Football,https://www.ea.com/games/ea-sports-fc/ratings/player-ratings/275896,66,63,65,68,69,64,65,66,59,64,68,62,41,54,61,64,51,72,69,42,66,62,65,69,71,72,72,66,70,72,58,69,71,62,59,15,6,6,10,10
5019,Mairead Fulton,70,CM,CAM,Scotland,Scottish Women's League,Glasgow City FC,31,170,60,Right,2,2,,Women's Football,https://www.ea.com/games/ea-sports-fc/ratings/player-ratings/275891,72,62,66,66,63,63,71,72,71,58,72,69,41,48,66,57,51,75,71,42,61,61,66,69,72,72,72,47,49,77,61,64,67,66,49,7,11,6,14,9
5019,Kelly Gago,70,LW,"RW, LM",France,Arkema PL,FC Nantes,27,178,68,Left,2,3,,Women's Football,https://www.ea.com/games/ea-sports-fc/ratings/player-ratings/265975,77,65,66,71,31,64,74,79,69,68,57,66,63,67,66,67,58,70,59,58,72,72,63,63,74,61,33,47,24,33,26,64,73,65,48,14,9,10,11,12
5019,Parker Goins,70,ST,,United States,NWSL,Rac. Louisville,27,178,64,Right,3,3,,Women's Football,https://www.ea.com/games/ea-sports-fc/ratings/player-ratings/268305,58,71,59,68,39,55,59,58,75,73,70,68,65,74,51,41,64,73,64,38,65,70,57,66,73,68,30,68,37,37,37,70,35,69,41,11,14,14,9,14
5019,Lisa Gora,70,LB,LM,Germany,GPFBL,Carl Zeiss Jena,22,163,57,Right,3,3,,Women's Football,https://www.ea.com/games/ea-sports-fc/ratings/player-ratings/265144,69,53,66,66,69,58,74,65,59,55,50,49,40,60,62,69,49,72,66,44,63,69,64,70,71,60,70,63,73,68,63,69,59,56,58,12,13,7,8,5
5019,Kit Graham,70,CAM,"CM, ST",England,Barclays WSL,Spurs,30,160,51,Left,4,3,"Pinged Pass, Technical",Women's Football,https://www.ea.com/games/ea-sports-fc/ratings/player-ratings/265261,52,64,66,75,39,68,53,51,74,60,74,65,55,56,69,55,57,70,69,70,77,67,64,65,77,74,45,55,35,36,34,68,55,79,56,14,13,8,9,5
5019,Alisa Grincenco,70,CM,,Germany,GPFBL,Turbine Potsdam,22,170,62,Right,2,3,"Block, Technical, Flair",Women's Football,https://www.ea.com/games/ea-sports-fc/ratings/player-ratings/271795,67,62,66,71,70,61,66,68,71,64,62,63,30,63,70,59,62,72,69,37,73,65,70,72,74,54,74,58,73,69,70,65,61,60,61,6,12,7,15,5
5019,Anja Heuschkel,70,CB,RM,Germany,GPFBL,Carl Zeiss Jena,28,164,58,Right,3,2,,Women's Football,https://www.ea.com/games/ea-sports-fc/ratings/player-ratings/265128,62,61,60,67,71,68,64,61,50,63,59,61,53,60,50,55,50,72,60,49,66,60,67,72,72,61,69,68,75,70,66,71,68,68,69,11,15,11,5,11
5019,Fanny Hoarau,70,LM,"LB, CB, LW",France,Arkema PL,Strasbourg,31,161,53,Left,2,3,,Women's Football,https://www.ea.com/games/ea-sports-fc/ratings/player-ratings/269203,68,56,68,71,69,61,73,63,65,64,58,40,40,49,65,64,65,76,64,57,69,71,87,74,71,63,71,63,70,68,73,70,67,58,61,14,14,13,13,11
5019,Penelope Hocking,70,LM,"ST, LW",United States,NWSL,Bay FC,26,165,59,Right,3,3,,Women's Football,https://www.ea.com/games/ea-sports-fc/ratings/player-ratings/273472,72,69,67,68,48,66,71,72,71,69,70,68,66,61,68,65,57,70,67,58,67,71,68,66,72,58,45,69,38,55,41,75,66,67,60,11,9,7,13,11
5019,Haley Hopkins,70,ST,LM,United States,NWSL,NC Courage,27,178,65,Right,3,3,,Women's Football,https://www.ea.com/games/ea-sports-fc/ratings/player-ratings/273476,71,69,66,68,39,63,69,73,71,70,71,68,64,63,66,68,59,70,63,52,71,52,61,69,69,63,34,72,32,39,33,77,59,69,48,13,5,7,9,6
5019,Elise Hughes,70,ST,CM,Wales,Barclays WSL,Crystal Palace,25,178,65,Right,3,3,,Women's Football,https://www.ea.com/games/ea-sports-fc/ratings/player-ratings/73263,67,71,60,68,23,75,68,66,70,71,72,70,65,72,72,38,53,68,60,50,68,58,73,68,71,68,21,67,18,18,15,78,74,79,65,5,6,9,8,11
5019,Claire Hutton,70,CDM,CM,United States,NWSL,KC Current,20,168,60,Left,4,3,,Women's Football,https://www.ea.com/games/ea-sports-fc/ratings/player-ratings/279699,64,63,68,69,65,64,63,65,68,60,65,69,56,50,70,60,57,74,72,52,70,56,69,68,75,55,67,55,68,66,62,64,69,62,64,14,10,12,5,7
5019,Jill Janssens,70,ST,,Belgium,GPFBL,TSG Hoffenheim,22,164,58,Right,3,3,Technical,Women's Football,https://www.ea.com/games/ea-sports-fc/ratings/player-ratings/268451,84,69,66,76,28,50,83,84,70,74,63,65,65,61,60,60,63,74,60,70,75,83,92,74,73,73,22,65,19,29,24,68,66,45,39,13,10,10,10,8
5019,Klaudia Jedlińska,70,RM,"LW, RW",Poland,Arkema PL,Dijon FCO,26,165,53,Right,3,3,Technical,Women's Football,https://www.ea.com/games/ea-sports-fc/ratings/player-ratings/276765,81,67,65,71,40,52,78,84,71,68,66,67,58,67,62,63,63,71,59,70,72,78,73,64,70,63,33,54,36,43,39,61,69,47,39,8,13,7,9,10
5019,Merza Julević,70,CM,CDM,Montenegro,GPFBL,Carl Zeiss Jena,36,177,65,Right,2,2,,Women's Football,https://www.ea.com/games/ea-sports-fc/ratings/player-ratings/72475,62,65,64,68,61,70,65,59,75,68,63,64,39,60,72,50,59,70,66,43,68,62,64,68,72,66,69,64,45,71,61,76,66,77,58,11,13,11,15,14
5019,Fenna Kalma,70,ST,,Holland,GPFBL,VfL Wolfsburg,26,180,65,Right,3,3,,Women's Football,https://www.ea.com/games/ea-sports-fc/ratings/player-ratings/253486,61,71,49,66,21,68,63,60,73,75,70,63,66,68,42,42,64,59,36,65,64,61,54,71,71,67,17,68,14,15,19,76,63,76,51,7,9,13,14,14
5019,Frederike Kempe,70,CB,RB,Germany,GPFBL,RB Leipzig,29,167,58,Right,3,2,,Women's Football,https://www.ea.com/games/ea-sports-fc/ratings/player-ratings/265384,59,43,55,53,71,69,56,62,32,40,57,38,32,62,33,41,40,74,68,33,36,58,62,68,70,65,69,67,74,72,70,69,67,70,70,14,14,7,7,6
5019,Victoria Krug,70,CB,,Germany,GPFBL,RB Leipzig,28,168,59,Right,2,2,,Women's Football,https://www.ea.com/games/ea-sports-fc/ratings/player-ratings/265385,60,36,51,54,71,70,54,64,29,32,54,27,32,55,50,37,32,69,45,31,38,64,50,72,72,63,69,65,74,71,69,69,71,71,66,14,14,14,10,15
5019,Irena Kuznezov,70,CB,,Israel,GPFBL,Turbine Potsdam,24,172,64,Right,2,2,"Jockey, Block, Intercept, Aerial",Women's Football,https://www.ea.com/games/ea-sports-fc/ratings/player-ratings/266864,60,44,62,64,72,66,58,62,56,45,61,23,26,58,60,55,42,72,67,30,57,69,53,65,73,66,66,68,77,72,70,69,63,67,68,7,13,6,10,8
5019,Janou Levels,70,LB,LM,Holland,GPFBL,Leverkusen,25,164,56,Left,4,4,,Women's Football,https://www.ea.com/games/ea-sports-fc/ratings/player-ratings/265409,76,32,62,66,65,50,78,75,46,38,27,21,28,35,47,68,42,68,64,62,64,60,65,72,70,65,67,53,66,67,65,56,65,42,51,12,13,8,12,9
5019,Nana,70,RB,LB,Spain,Liga F,Real Betis,34,151,50,Right,3,3,"Intercept, Bruiser",Women's Football,https://www.ea.com/games/ea-sports-fc/ratings/player-ratings/272035,64,52,65,64,69,72,65,63,50,45,72,50,40,60,60,65,50,74,60,49,60,55,58,75,70,72,72,60,72,70,60,72,63,74,77,8,13,14,7,6
5019,Valentina Limani,70,CAM,CM,Kosovo,GPFBL,Turbine Potsdam,29,161,55,Right,3,3,,Women's Football,https://www.ea.com/games/ea-sports-fc/ratings/player-ratings/73247,70,64,65,70,39,64,69,70,73,66,62,63,57,65,72,58,64,71,55,58,71,67,55,70,73,67,29,33,34,54,38,54,70,62,63,9,9,6,6,13
5019,Brenna Lovera,70,ST,,United States,Scottish Women's League,Glasgow City FC,29,173,60,Right,3,2,,Women's Football,https://www.ea.com/games/ea-sports-fc/ratings/player-ratings/274811,63,70,55,69,48,66,63,63,72,73,67,70,58,63,49,39,51,70,50,49,69,62,61,68,72,67,42,72,30,63,40,76,63,70,56,9,6,14,8,12
5019,Alyssa Malonson,70,LB,,United States,NWSL,Bay FC,27,160,56,Left,3,2,,Women's Football,https://www.ea.com/games/ea-sports-fc/ratings/player-ratings/267208,60,49,64,68,69,49,60,60,51,48,53,51,38,46,53,73,50,66,64,67,66,64,72,73,71,64,74,52,70,68,72,51,55,45,53,14,13,13,8,12
5019,Marina Martí,70,RW,"ST, RM",Spain,Liga F,Valencia CF,29,161,55,Right,3,3,,Women's Football,https://www.ea.com/games/ea-sports-fc/ratings/player-ratings/272183,71,67,66,71,39,68,70,71,70,65,72,69,67,55,70,70,60,70,50,67,75,60,60,65,73,69,45,45,40,35,25,62,70,69,65,10,7,8,7,8
5019,Natalia Montilla,70,RM,"RB, RW",Spain,Liga F,RCD Espanyol,27,152,60,Right,3,3,"Jockey, Rapid",Women's Football,https://www.ea.com/games/ea-sports-fc/ratings/player-ratings/272029,77,71,64,70,66,68,78,76,70,75,65,70,70,55,72,59,53,65,60,67,69,77,68,75,70,69,72,59,69,64,59,74,63,69,71,15,15,10,11,14
5019,Noémie Mouchon,70,ST,,France,Barclays WSL,Leicester City,22,176,70,Right,3,4,,Women's Football,https://www.ea.com/games/ea-sports-fc/ratings/player-ratings/275398,66,69,55,66,34,67,60,70,69,69,71,67,66,64,53,47,55,65,45,57,70,40,37,65,73,65,34,73,26,35,20,81,54,80,48,14,9,9,7,10
5019,Larissa Mühlhaus,70,ST,,Germany,GPFBL,SV Werder Bremen,23,177,71,Right,2,2,,Women's Football,https://www.ea.com/games/ea-sports-fc/ratings/player-ratings/73023,71,67,50,69,48,61,70,71,74,70,65,68,48,56,44,33,43,68,45,33,69,69,58,70,71,59,48,74,38,55,30,76,59,64,54,6,12,13,9,8
5019,Chloé N'Gazi,70,GK,,Algeria,Arkema PL,Havre AC,29,180,62,Right,2,1,Far Reach,Women's Football,https://www.ea.com/games/ea-sports-fc/ratings/player-ratings/270558,71,69,66,74,42,64,41,44,9,8,50,8,10,17,42,12,14,28,24,18,17,35,42,66,15,42,14,14,11,15,13,49,29,43,32,71,69,66,64,74
5019,Jade Nassi,70,LW,"ST, LM",France,Arkema PL,Stade de Reims,23,164,58,Right,3,3,Technical,Women's Football,https://www.ea.com/games/ea-sports-fc/ratings/player-ratings/276971,75,63,65,75,31,57,77,73,62,60,65,66,63,64,67,65,57,69,56,70,77,78,72,65,74,67,25,47,27,35,28,65,57,62,42,8,7,8,13,14
5019,Morgane Nicoli,70,CB,,France,Liga F,Badalona Women,29,175,62,Right,4,2,,Women's Football,https://www.ea.com/games/ea-sports-fc/ratings/player-ratings/265852,49,37,53,59,69,71,39,57,31,33,56,30,25,38,42,41,33,68,59,49,59,38,36,66,69,61,71,74,71,66,65,74,49,80,75,11,12,6,8,15
5019,Agnes Nyberg,70,CM,,Sweden,NWSL,Utah Royals FC,26,163,57,Right,3,2,,Women's Football,https://www.ea.com/games/ea-sports-fc/ratings/player-ratings/279781,67,61,68,68,64,60,65,68,67,57,66,68,55,55,70,58,60,76,69,54,67,66,70,69,70,62,70,55,64,64,56,61,71,55,58,5,14,9,8,11
5019,Isabella Obaze,70,CB,LB,Denmark,NWSL,Portland Thorns,23,179,63,Right,2,2,,Women's Football,https://www.ea.com/games/ea-sports-fc/ratings/player-ratings/273174,71,46,59,59,71,65,70,71,37,45,63,37,36,51,51,53,41,73,60,40,56,57,37,70,66,65,69,72,72,73,68,79,57,71,58,9,6,6,13,11
5019,Luca Papp,70,CAM,CM,Hungary,GPFBL,VfL Wolfsburg,24,170,62,Right,2,3,,Women's Football,https://www.ea.com/games/ea-sports-fc/ratings/player-ratings/73237,67,70,62,68,50,71,68,66,73,73,68,72,38,65,68,41,55,72,71,39,68,64,65,70,69,68,43,60,40,65,41,73,71,73,64,7,6,12,12,12
5019,Lena Pauels,70,GK,,Germany,Liga Portugal Feminino,SL Benfica,28,176,66,Right,3,1,,Women's Football,https://www.ea.com/games/ea-sports-fc/ratings/player-ratings/265115,71,69,68,71,31,70,32,29,8,13,51,19,5,20,51,11,16,27,18,11,10,33,34,62,20,42,15,6,11,13,11,55,36,60,29,71,69,68,70,71
5019,Nicole Payne,70,RB,LB,Nigeria,NWSL,Portland Thorns,25,163,62,Right,2,3,Quick Step,Women's Football,https://www.ea.com/games/ea-sports-fc/ratings/player-ratings/273270,82,60,60,69,66,62,83,82,60,58,66,64,38,54,56,59,46,65,59,57,68,73,75,68,70,63,67,58,66,69,66,74,69,61,54,11,12,5,7,13
5019,Livia Peng,70,GK,,Switzerland,GPFBL,SV Werder Bremen,24,174,64,Right,2,1,Footwork,Women's Football,https://www.ea.com/games/ea-sports-fc/ratings/player-ratings/273411,72,65,67,74,22,72,24,18,7,9,50,6,6,13,35,9,10,16,11,12,12,22,32,61,18,15,11,8,9,15,12,39,22,33,19,72,65,67,72,74
5019,Mari José,70,LW,LM,Spain,Liga F,C. Adeje Tenerife,42,157,52,Right,4,4,,Women's Football,https://www.ea.com/games/ea-sports-fc/ratings/player-ratings/233576,65,70,73,73,51,71,65,65,69,64,87,69,67,70,75,70,77,70,78,81,70,74,87,77,72,84,33,71,61,51,41,76,64,70,81,7,7,15,8,11
5019,Océane Picard,70,CAM,LM,France,Arkema PL,Dijon FCO,24,171,60,Right,3,3,,Women's Football,https://www.ea.com/games/ea-sports-fc/ratings/player-ratings/276548,69,66,69,72,39,67,72,67,68,71,57,68,55,67,66,68,65,73,69,66,74,75,73,58,72,70,38,48,33,43,40,68,71,73,47,5,14,5,7,13
5019,Jutta Rantala,70,ST,RM,Finland,Barclays WSL,Leicester City,26,160,51,Right,4,3,,Women's Football,https://www.ea.com/games/ea-sports-fc/ratings/player-ratings/277963,65,72,54,68,25,58,66,65,73,77,67,69,63,62,63,40,46,64,47,34,67,66,72,65,70,60,18,69,19,23,21,72,62,67,29,13,8,10,9,7
5019,Reyna Reyes,70,RB,LB,Mexico,NWSL,Portland Thorns,25,170,62,Right,3,2,,Women's Football,https://www.ea.com/games/ea-sports-fc/ratings/player-ratings/273470,63,49,66,67,68,58,62,63,49,45,54,57,43,45,57,70,53,70,68,65,68,58,57,65,71,60,67,67,70,67,69,66,67,57,47,10,5,6,7,8
5019,Nelly Rodrigues,70,RB,LB,Portugal,Arkema PL,FC Nantes,23,161,55,Right,3,3,,Women's Football,https://www.ea.com/games/ea-sports-fc/ratings/player-ratings/72442,63,47,57,63,69,49,69,58,51,57,39,40,30,35,41,69,26,70,45,44,56,65,69,69,72,50,69,69,72,66,64,57,68,37,52,12,9,8,7,7
5019,Emily Sams,70,CB,RB,United States,NWSL,Orlando Pride,26,170,63,Right,3,2,Block,Women's Football,https://www.ea.com/games/ea-sports-fc/ratings/player-ratings/273468,60,39,58,61,71,68,61,60,46,38,40,38,32,40,48,43,38,72,66,48,59,53,53,68,65,63,69,75,71,72,69,75,68,66,71,6,10,14,14,9
5019,Josefine Schaller,70,RB,CB,Germany,GPFBL,RB Leipzig,23,168,59,Right,2,2,,Women's Football,https://www.ea.com/games/ea-sports-fc/ratings/player-ratings/265360,65,38,56,59,71,64,57,71,39,39,43,28,32,60,36,63,31,71,49,41,47,66,64,73,72,60,73,58,75,72,64,65,54,68,64,6,7,11,12,7
5019,Amelie Schuster,70,CM,CDM,Germany,Schweizer Damen Liga,FC Zürich,22,170,61,Right,3,3,,Women's Football,https://www.ea.com/games/ea-sports-fc/ratings/player-ratings/277307,65,61,64,70,62,65,63,66,67,69,44,64,39,63,69,47,49,73,70,45,71,61,60,71,75,60,70,58,58,63,58,66,68,66,60,15,8,7,6,5
5019,Emma Sears,70,RM,RW,United States,NWSL,Rac. Louisville,25,175,65,Right,3,3,,Women's Football,https://www.ea.com/games/ea-sports-fc/ratings/player-ratings/71494,69,64,64,72,44,67,71,68,73,67,65,57,55,57,55,65,42,75,60,43,73,71,67,68,76,54,30,65,32,59,42,76,66,71,57,5,9,6,7,13
5019,Noa Selimhodzic,70,CM,RM,Israel,GPFBL,Turbine Potsdam,22,164,58,Right,2,3,,Women's Football,https://www.ea.com/games/ea-sports-fc/ratings/player-ratings/266960,54,60,65,73,69,66,62,47,73,60,58,65,31,60,69,53,66,72,71,38,75,69,79,70,73,58,68,59,72,68,70,67,60,70,62,7,11,6,14,8
5019,Molly-Mae Sharpe,70,ST,,England,Barclays WSL,Crystal Palace,28,165,56,Right,3,2,,Women's Football,https://www.ea.com/games/ea-sports-fc/ratings/player-ratings/72432,71,70,59,68,34,55,72,70,73,71,69,69,66,71,59,65,50,60,58,45,70,57,71,70,68,57,45,70,33,22,18,75,47,67,31,10,12,14,6,13
5019,Marissa Sheva,70,CAM,CM,Republic of Ireland,NWSL,Portland Thorns,29,160,57,Right,4,3,,Women's Football,https://www.ea.com/games/ea-sports-fc/ratings/player-ratings/270082,74,64,67,70,43,42,75,73,73,66,64,64,51,59,69,62,57,70,70,58,68,70,73,69,72,64,45,53,42,41,35,52,56,34,43,7,11,14,15,6
5019,Olivia Smith,70,ST,"CAM, LM",Canada,Barclays WSL,Liverpool,21,163,55,Right,4,3,,Women's Football,https://www.ea.com/games/ea-sports-fc/ratings/player-ratings/276552,75,68,63,70,24,58,76,75,68,73,67,62,53,60,59,58,47,72,63,57,71,65,75,66,72,65,14,69,21,21,17,77,59,67,31,6,14,11,12,12
5019,Dejana Stefanović,70,CDM,,Serbia,Barclays WSL,Brighton,28,171,66,Right,4,3,,Women's Football,https://www.ea.com/games/ea-sports-fc/ratings/player-ratings/272937,65,48,64,64,70,73,65,65,59,41,38,70,37,61,62,45,74,74,69,58,63,59,62,64,66,71,68,74,70,69,68,82,54,79,77,13,14,8,12,10
5019,Elise Isolde Stenevik,70,LB,CB,Norway,Barclays WSL,Everton,26,176,66,Left,4,2,,Women's Football,https://www.ea.com/games/ea-sports-fc/ratings/player-ratings/271728,72,38,63,65,67,65,72,72,50,37,36,35,36,56,54,68,56,67,60,62,63,68,58,68,70,58,69,65,70,65,64,73,66,65,60,9,14,14,6,12
5019,Nia Szenk,70,RB,,Germany,GPFBL,SC Freiburg,22,157,53,Right,2,2,,Women's Football,https://www.ea.com/games/ea-sports-fc/ratings/player-ratings/265075,71,57,60,66,68,64,70,71,60,58,58,55,41,61,55,66,42,68,50,41,63,68,59,70,70,62,69,59,73,67,63,68,68,64,59,13,14,8,7,11
5019,Frankie Tagliaferri,70,CM,,United States,NWSL,Utah Royals FC,27,168,58,Right,3,3,,Women's Football,https://www.ea.com/games/ea-sports-fc/ratings/player-ratings/267246,63,68,67,71,63,53,69,58,71,68,72,69,59,59,70,56,61,72,70,62,70,74,65,73,73,69,69,52,61,65,58,55,63,48,52,10,11,14,7,10
5019,Jette Ter Horst,70,CM,CDM,Germany,GPFBL,SGS Essen,23,167,59,Right,2,2,,Women's Football,https://www.ea.com/games/ea-sports-fc/ratings/player-ratings/73242,69,62,62,69,57,67,67,70,72,64,63,60,37,66,68,41,45,73,68,39,69,68,62,72,71,67,70,53,39,68,57,65,68,69,59,11,7,11,7,13
5019,Frederikke Thøgersen,70,RB,RM,Denmark,Calcio A Femminile,Roma,30,163,58,Right,3,3,,Women's Football,https://www.ea.com/games/ea-sports-fc/ratings/player-ratings/276284,67,34,65,64,68,67,67,67,43,32,34,31,27,56,43,71,54,73,69,67,60,63,68,65,70,65,64,68,70,71,63,71,68,65,70,9,5,13,6,9
5019,Cameron Tucker,70,CAM,,United States,NWSL,Utah Royals FC,26,173,60,Right,3,3,,Women's Football,https://www.ea.com/games/ea-sports-fc/ratings/player-ratings/267363,70,64,67,68,48,65,69,71,72,68,52,68,63,62,68,58,60,72,68,61,69,73,36,70,70,73,48,57,48,46,49,67,64,65,68,14,11,13,9,14
5019,Amber Tysiak,70,CB,,Belgium,Barclays WSL,West Ham,26,177,70,Right,3,2,,Women's Football,https://www.ea.com/games/ea-sports-fc/ratings/player-ratings/261793,68,38,44,57,70,70,65,71,23,44,39,28,29,37,33,29,26,64,45,25,51,63,77,63,60,52,66,69,65,77,73,75,66,72,71,11,6,11,15,11
5019,Manon Uffren,70,CDM,CM,France,Arkema PL,FC Nantes,28,166,60,Left,2,3,,Women's Football,https://www.ea.com/games/ea-sports-fc/ratings/player-ratings/265982,37,49,61,64,66,69,39,35,53,49,53,47,42,47,62,40,43,72,68,53,59,64,80,66,68,58,69,51,67,69,66,55,75,67,70,8,7,8,12,7
5019,Mary Alice Vignola,70,LB,,United States,NWSL,Angel City FC,28,168,60,Left,3,2,"Bruiser, Press Proven, Long Throw",Women's Football,https://www.ea.com/games/ea-sports-fc/ratings/player-ratings/267375,66,53,60,65,70,74,68,65,58,45,69,59,48,45,52,64,56,68,51,57,65,59,64,68,68,63,71,61,70,71,73,78,63,83,65,6,10,6,12,13
5019,Wang Yanwen,70,RM,"ST, RW",China PR,Arkema PL,Dijon FCO,27,167,58,Right,3,3,,Women's Football,https://www.ea.com/games/ea-sports-fc/ratings/player-ratings/265716,73,63,67,66,32,58,74,72,70,67,65,52,55,68,69,71,50,70,66,49,66,53,68,70,71,53,21,64,20,38,36,74,58,68,27,9,12,13,12,10
5019,Sophie Weidauer,70,CAM,ST,Germany,GPFBL,SV Werder Bremen,24,168,60,Right,2,3,Intercept,Women's Football,https://www.ea.com/games/ea-sports-fc/ratings/player-ratings/265026,69,65,64,69,53,67,69,69,72,69,61,67,37,62,65,45,64,74,70,53,70,66,62,65,73,57,51,56,46,60,49,69,62,70,63,9,14,7,5,12
5019,Ellie Wheeler,70,RB,,United States,NWSL,KC Current,24,168,60,Right,4,3,,Women's Football,https://www.ea.com/games/ea-sports-fc/ratings/player-ratings/70713,67,66,67,68,68,64,68,67,67,66,67,68,54,56,60,69,64,71,66,65,67,66,68,67,71,63,66,63,69,70,64,70,66,66,57,7,7,8,9,8
5019,Katja Wienerroither,70,ST,,Austria,GPFBL,RB Leipzig,24,176,63,Right,2,3,,Women's Football,https://www.ea.com/games/ea-sports-fc/ratings/player-ratings/276504,68,68,63,71,48,67,71,66,79,73,62,68,45,63,64,51,52,72,66,54,71,72,63,74,73,65,36,62,30,70,50,73,67,67,63,13,14,12,10,7
5019,Shae Yáñez,70,GK,,United States,Barclays WSL,Crystal Palace,29,173,64,Right,2,1,,Women's Football,https://www.ea.com/games/ea-sports-fc/ratings/player-ratings/275277,70,70,69,70,37,68,32,44,10,8,52,7,10,14,55,13,13,21,22,14,14,23,22,66,11,21,12,16,10,19,18,42,27,30,23,70,70,69,68,70
5019,Aleksandra Zaremba,70,RB,,Spain,Liga F,C. Adeje Tenerife,25,165,56,Right,3,3,,Women's Football,https://www.ea.com/games/ea-sports-fc/ratings/player-ratings/269145,71,51,68,72,65,68,69,72,58,49,67,42,44,43,64,71,42,71,68,69,71,64,81,61,74,81,62,64,61,70,65,70,80,63,67,11,10,8,9,6
5019,Sofie Zdebel,70,CDM,CM,Germany,GPFBL,Leverkusen,21,160,55,Left,2,3,,Women's Football,https://www.ea.com/games/ea-sports-fc/ratings/player-ratings/264929,65,59,63,68,65,65,61,68,55,64,55,52,59,55,70,42,40,72,69,53,70,49,76,66,72,61,67,32,71,68,66,52,68,64,65,5,11,9,13,10
5019,Taylor Ziemer,70,CM,CAM,United States,GPFBL,1. FC Köln,27,175,61,Right,2,2,,Women's Football,https://www.ea.com/games/ea-sports-fc/ratings/player-ratings/73025,69,63,64,70,61,68,68,70,70,67,60,63,39,65,73,49,62,70,66,40,70,66,60,72,71,72,71,58,55,65,49,69,70,69,63,14,7,7,11,7
5881,Dilara Acikgöz,69,LB,,Germany,GPFBL,Frankfurt,21,163,57,Left,2,2,,Women's Football,https://www.ea.com/games/ea-sports-fc/ratings/player-ratings/271404,67,40,61,60,66,56,68,67,34,45,35,36,29,51,49,68,55,68,56,62,48,74,73,67,70,63,65,62,67,67,65,60,66,48,60,9,13,13,9,15
5881,Rebecca Adamczyk,69,GK,,Germany,GPFBL,SC Freiburg,21,179,66,Right,1,1,,Women's Football,https://www.ea.com/games/ea-sports-fc/ratings/player-ratings/272342,68,64,69,73,44,70,45,43,8,6,52,5,8,14,45,11,12,20,24,14,13,44,46,59,13,36,11,14,7,10,14,46,21,32,28,68,64,69,70,73
5881,Maria Almasri,69,ST,,Israel,GPFBL,Turbine Potsdam,22,167,60,Right,2,2,,Women's Football,https://www.ea.com/games/ea-sports-fc/ratings/player-ratings/73249,72,66,52,70,44,64,71,72,74,68,64,65,58,57,43,37,54,65,58,37,72,70,59,70,70,62,28,66,29,63,41,73,66,65,55,11,14,10,13,15
5881,Nahia Aparicio,69,CB,CDM,Spain,Liga F,Real Sociedad,22,168,57,Right,2,2,,Women's Football,https://www.ea.com/games/ea-sports-fc/ratings/player-ratings/276711,59,39,60,55,72,57,58,59,41,31,52,41,44,39,47,51,35,75,67,51,45,51,66,66,64,67,70,74,71,74,70,69,54,56,61,14,6,12,7,12
5881,Daniela Arques,69,CM,RM,Spain,Liga F,Levante UD,20,169,55,Right,3,3,,Women's Football,https://www.ea.com/games/ea-sports-fc/ratings/player-ratings/272185,63,69,67,67,60,48,62,63,67,71,72,72,45,50,65,58,50,74,70,61,74,33,51,61,74,59,51,66,46,75,65,55,67,41,40,9,14,8,7,7
5881,Olivia Athens,69,RM,"LM, ST, RW",United States,NWSL,Seattle Reign,26,170,62,Right,3,3,,Women's Football,https://www.ea.com/games/ea-sports-fc/ratings/player-ratings/267198,56,66,70,70,46,60,56,56,71,69,63,66,53,63,69,67,58,75,73,59,72,69,66,71,70,64,46,51,47,43,42,59,57,61,62,9,7,14,7,14
5881,Izzy Atkinson,69,LW,"LB, LM",Republic of Ireland,Barclays WSL,Crystal Palace,24,166,58,Left,3,2,,Women's Football,https://www.ea.com/games/ea-sports-fc/ratings/player-ratings/270606,72,64,64,70,35,54,75,70,70,65,61,64,59,60,65,68,44,67,56,65,70,76,56,68,72,64,32,42,36,36,30,60,37,61,56,10,5,14,6,13
5881,Elexa Bahr,69,ST,RM,Colombia,NWSL,Rac. Louisville,28,160,60,Right,3,3,,Women's Football,https://www.ea.com/games/ea-sports-fc/ratings/player-ratings/273163,68,65,59,69,41,65,70,66,78,69,66,54,55,59,55,60,39,70,53,40,70,65,60,71,73,50,29,58,28,58,40,69,65,68,55,13,12,9,8,12
5881,Eve Boettcher,69,GK,,Germany,GPFBL,RB Leipzig,21,188,63,Left,2,1,,Women's Football,https://www.ea.com/games/ea-sports-fc/ratings/player-ratings/276847,69,66,65,69,20,67,22,17,14,12,49,18,11,15,21,13,12,17,28,16,13,20,26,67,14,15,11,10,14,14,13,37,15,30,13,69,66,65,67,69
5881,Ryanne Brown,69,RB,,United States,NWSL,Seattle Reign,27,173,64,Right,3,2,,Women's Football,https://www.ea.com/games/ea-sports-fc/ratings/player-ratings/267524,63,48,64,66,69,44,67,60,46,48,48,51,47,40,54,70,51,68,64,65,64,57,62,69,72,62,72,58,71,69,67,51,58,35,45,7,9,7,9,10
5881,Courtney Brown,69,CM,,United States,NWSL,Washington Spirit,25,170,63,Right,3,2,,Women's Football,https://www.ea.com/games/ea-sports-fc/ratings/player-ratings/71559,63,60,61,69,68,61,62,64,66,66,49,63,41,49,66,46,40,70,68,43,71,61,57,70,72,63,70,67,67,69,66,66,67,57,62,7,5,7,7,12
5881,Antonia Canales,69,GK,,Chile,Liga F,Valencia CF,23,175,77,Right,2,1,Far Reach,Women's Football,https://www.ea.com/games/ea-sports-fc/ratings/player-ratings/273142,71,66,67,70,36,69,32,43,7,9,50,10,10,14,34,9,15,16,11,11,14,22,31,60,20,15,11,9,10,14,11,41,21,32,17,71,66,67,69,70
5881,Sydney Collins,69,CB,RB,Canada,NWSL,NC Courage,26,173,62,Right,3,2,,Women's Football,https://www.ea.com/games/ea-sports-fc/ratings/player-ratings/273473,61,40,50,59,71,61,62,61,34,36,52,40,32,39,34,39,32,68,57,37,54,48,56,68,68,61,71,69,71,73,69,69,54,63,62,7,14,7,10,8
5881,Michelle Cooper,69,RM,"ST, RW",United States,NWSL,KC Current,23,160,58,Right,3,3,,Women's Football,https://www.ea.com/games/ea-sports-fc/ratings/player-ratings/273467,74,68,65,68,43,66,72,75,70,69,69,67,68,64,69,53,59,71,68,51,68,68,74,65,70,53,41,68,38,43,41,75,67,67,59,7,10,7,8,7
5881,McKinley Crone,69,GK,,United States,NWSL,Orlando Pride,27,170,65,Right,3,1,,Women's Football,https://www.ea.com/games/ea-sports-fc/ratings/player-ratings/274774,67,67,66,69,35,70,36,34,5,10,50,11,10,21,35,11,10,21,29,10,8,37,57,65,19,28,13,12,6,10,12,60,35,66,15,67,67,66,70,69
5881,Eartha Cumings,69,GK,,Scotland,Sverige Liga,FC Rosengård,26,170,66,Right,2,1,Cross Claimer,Women's Football,https://www.ea.com/games/ea-sports-fc/ratings/player-ratings/266451,68,65,66,70,41,68,39,45,8,9,50,10,11,15,55,14,13,25,29,12,10,43,44,67,12,33,12,14,9,14,10,47,36,40,25,68,65,66,68,70
5881,Madison Curry,69,LB,CB,United States,NWSL,Angel City FC,25,165,58,Right,3,2,,Women's Football,https://www.ea.com/games/ea-sports-fc/ratings/player-ratings/70110,69,52,59,67,68,67,68,70,57,44,68,58,48,42,53,63,56,66,50,56,68,66,61,69,67,61,67,60,68,70,71,70,64,68,66,9,10,7,15,8
5881,Chandra Davidson,69,ST,CAM,Canada,Liga Portugal Feminino,SL Benfica,28,173,63,Right,3,2,,Women's Football,https://www.ea.com/games/ea-sports-fc/ratings/player-ratings/70851,68,67,58,68,30,62,67,69,69,68,73,60,65,64,49,45,53,74,49,56,68,61,77,71,70,52,22,71,21,35,20,76,60,69,44,5,10,10,6,12
5881,Ana De Teresa,69,ST,,Spain,Liga F,RC Deportivo,24,166,66,Right,3,3,,Women's Football,https://www.ea.com/games/ea-sports-fc/ratings/player-ratings/272239,76,67,66,74,28,61,75,76,70,70,65,65,55,55,55,60,55,80,60,63,74,74,75,70,75,61,21,55,31,20,31,72,63,70,35,10,12,8,11,14
5881,Marlene Deyss,69,CB,,Germany,Schweizer Damen Liga,FC Zürich,21,177,65,Right,3,2,,Women's Football,https://www.ea.com/games/ea-sports-fc/ratings/player-ratings/74026,67,39,57,64,70,68,67,67,35,33,49,43,38,39,49,44,44,71,65,33,64,55,55,65,69,58,67,68,73,70,67,73,66,70,65,13,6,10,12,15
5881,Laura Dick,69,GK,,Germany,GPFBL,TSG Hoffenheim,22,177,66,Right,2,1,Cross Claimer,Women's Football,https://www.ea.com/games/ea-sports-fc/ratings/player-ratings/264995,70,69,64,68,38,71,35,43,14,19,48,13,17,52,59,11,15,60,35,20,26,41,55,57,31,43,12,18,11,11,16,54,31,50,40,70,69,64,71,68
5881,Eva Dios,69,CM,,Spain,Liga F,RC Deportivo,24,165,52,Right,2,2,,Women's Football,https://www.ea.com/games/ea-sports-fc/ratings/player-ratings/72150,71,52,65,65,61,60,72,71,71,51,51,52,41,51,71,52,41,75,66,42,60,65,61,66,72,72,71,51,45,72,61,65,65,61,52,15,12,9,14,11
5881,Chancelle Effa Effa,69,ST,,France,Arkema PL,Havre AC,19,172,63,Right,3,3,,Women's Football,https://www.ea.com/games/ea-sports-fc/ratings/player-ratings/276812,80,65,53,72,31,59,76,83,67,70,59,63,60,55,48,40,41,69,45,53,72,73,64,63,75,66,23,65,33,27,20,77,49,70,37,13,12,10,13,7
5881,Sandra Estévez,69,GK,,Spain,Liga F,Granada CF,23,174,77,Left,2,1,Far Throw,Women's Football,https://www.ea.com/games/ea-sports-fc/ratings/player-ratings/275762,70,67,55,70,33,72,29,39,8,9,41,10,11,14,35,11,13,19,11,12,13,22,33,60,18,15,10,20,8,15,13,43,21,32,17,70,67,55,72,70
5881,Gara,69,LB,CB,Spain,Liga F,Athletic Club,26,163,60,Left,2,2,,Women's Football,https://www.ea.com/games/ea-sports-fc/ratings/player-ratings/272269,57,41,68,67,70,64,59,56,69,31,56,40,35,50,75,65,40,74,65,48,66,64,57,60,70,71,68,70,74,70,66,67,65,60,70,8,9,10,7,10
5881,Lisa Forrest,69,ST,,Scotland,Scottish Women's League,Glasgow City FC,20,170,57,Right,2,2,,Women's Football,https://www.ea.com/games/ea-sports-fc/ratings/player-ratings/275899,70,67,60,67,37,59,71,69,72,68,69,66,62,63,51,49,69,72,51,68,66,66,61,61,72,52,32,73,24,41,35,78,61,65,37,6,14,13,14,5
5881,Éva Fremaux,69,RB,,France,Arkema PL,FC Nantes,24,162,60,Right,3,3,,Women's Football,https://www.ea.com/games/ea-sports-fc/ratings/player-ratings/72439,62,34,56,49,67,50,65,60,40,29,46,27,35,47,47,65,35,68,43,40,30,44,65,70,72,49,67,66,68,68,64,56,66,41,52,10,5,14,6,14
5881,Raquel García,69,CB,,Spain,Liga F,RC Deportivo,29,168,62,Right,2,2,,Women's Football,https://www.ea.com/games/ea-sports-fc/ratings/player-ratings/72286,62,31,56,52,71,68,61,62,31,32,33,31,25,29,41,51,30,72,61,35,41,51,55,61,65,61,72,71,71,72,69,77,71,72,51,9,12,8,13,7
5881,Noemi Gentile,69,CM,,Germany,GPFBL,Carl Zeiss Jena,26,162,55,Right,2,3,Technical,Women's Football,https://www.ea.com/games/ea-sports-fc/ratings/player-ratings/265168,60,60,67,68,70,69,68,54,71,57,64,66,32,62,72,65,65,70,68,40,68,80,62,68,68,54,71,54,73,70,71,68,68,71,65,5,14,6,7,15
5881,Nádia Gomes,69,LM,LW,Portugal,NWSL,Chicago Stars FC,29,164,58,Left,3,3,,Women's Football,https://www.ea.com/games/ea-sports-fc/ratings/player-ratings/71516,69,68,63,71,44,66,71,67,70,69,69,68,66,56,58,62,62,71,53,57,71,68,70,69,73,63,40,67,36,46,42,74,63,68,63,7,11,5,12,7
5881,Kornelia Grosicka,69,ST,,Poland,GPFBL,Turbine Potsdam,26,164,58,Right,2,2,,Women's Football,https://www.ea.com/games/ea-sports-fc/ratings/player-ratings/73248,69,69,52,67,48,68,69,69,72,72,68,68,57,62,42,48,59,63,45,42,67,66,58,68,69,64,33,66,39,63,40,72,70,69,60,9,8,10,8,12
5881,Edna Imade,69,ST,RM,Nigeria,Liga F,Granada CF,25,179,80,Right,3,3,,Women's Football,https://www.ea.com/games/ea-sports-fc/ratings/player-ratings/277452,61,68,59,67,43,75,69,55,71,70,71,65,51,61,66,51,67,60,55,69,66,55,71,71,72,69,41,69,39,41,35,80,72,81,63,12,9,12,13,8
5881,Ellie Jean,69,CB,RB,United States,NWSL,Rac. Louisville,29,168,62,Right,3,2,,Women's Football,https://www.ea.com/games/ea-sports-fc/ratings/player-ratings/267474,72,39,62,64,72,61,70,73,38,34,49,42,34,45,42,65,43,75,62,67,63,65,39,70,71,57,69,70,72,74,71,65,73,50,70,8,11,5,12,8
5881,Nelly Juckel,69,CB,,Germany,GPFBL,Carl Zeiss Jena,24,162,55,Right,2,2,,Women's Football,https://www.ea.com/games/ea-sports-fc/ratings/player-ratings/73715,69,60,56,65,70,68,68,69,59,62,60,58,55,60,41,59,51,68,50,42,63,65,62,72,67,60,69,66,73,69,65,72,69,69,65,6,14,8,13,6
5881,Lisann Kaut,69,LB,RB,Germany,GPFBL,TSG Hoffenheim,25,173,61,Right,2,2,,Women's Football,https://www.ea.com/games/ea-sports-fc/ratings/player-ratings/272657,70,37,57,57,67,47,62,76,41,36,55,25,29,32,33,68,31,72,50,46,45,57,81,69,68,55,65,63,70,69,63,53,63,37,48,14,12,7,10,7
5881,Milicia Keijzer,69,CB,,Holland,Nederland Vrouwen Liga,Ajax,23,164,55,Right,3,2,,Women's Football,https://www.ea.com/games/ea-sports-fc/ratings/player-ratings/275963,70,44,50,55,70,67,69,70,29,43,57,38,24,55,40,35,32,72,48,23,48,64,60,68,60,59,67,66,72,71,68,72,63,68,68,12,13,11,12,5
5881,Felicitas Fee Kockmann,69,RB,CM,Germany,GPFBL,SGS Essen,21,178,66,Right,3,2,,Women's Football,https://www.ea.com/games/ea-sports-fc/ratings/player-ratings/265038,62,53,64,66,67,70,57,66,59,54,51,50,49,55,59,64,47,70,66,62,64,55,71,68,70,68,67,58,70,68,66,70,68,77,55,9,12,5,9,14
5881,Inès Konan,69,RM,RW,Côte d'Ivoire,Arkema PL,FC Fleury 91,24,165,51,Right,3,3,Technical,Women's Football,https://www.ea.com/games/ea-sports-fc/ratings/player-ratings/271259,73,66,63,75,33,35,76,71,70,67,62,68,60,59,65,58,52,70,55,67,75,75,80,69,76,65,28,50,30,35,30,52,33,33,38,11,9,6,9,14
5881,Civana Kuhlmann,69,ST,,United States,NWSL,Washington Spirit,27,168,63,Right,4,3,,Women's Football,https://www.ea.com/games/ea-sports-fc/ratings/player-ratings/273502,62,70,59,69,42,64,63,61,70,70,75,66,67,68,48,54,59,68,58,57,69,65,65,64,72,59,38,70,33,45,35,72,59,70,53,11,14,13,14,7
5881,Julia Landenberger,69,CM,CB,Germany,GPFBL,RB Leipzig,22,175,62,Right,1,2,,Women's Football,https://www.ea.com/games/ea-sports-fc/ratings/player-ratings/272482,57,56,57,68,67,67,44,68,73,61,50,58,31,40,69,27,35,70,68,30,68,63,62,69,70,62,72,50,71,70,48,56,68,68,67,6,8,13,15,10
5881,Ally Lemos,69,CDM,CM,United States,NWSL,Orlando Pride,22,170,63,Right,3,2,,Women's Football,https://www.ea.com/games/ea-sports-fc/ratings/player-ratings/70502,67,52,60,67,67,65,65,68,50,51,55,56,45,48,68,37,50,70,68,43,65,63,74,67,71,66,66,59,70,69,64,67,66,67,57,9,9,10,14,7
5881,Pia Lucassen,69,GK,,Germany,GPFBL,SGS Essen,20,170,60,Right,2,1,,Women's Football,https://www.ea.com/games/ea-sports-fc/ratings/player-ratings/276941,69,67,66,72,43,65,38,50,17,15,50,16,14,16,21,11,13,20,25,19,10,42,30,67,11,18,14,10,17,14,10,42,16,30,16,69,67,66,65,72
5881,Julia Magerl,69,CB,,Austria,GPFBL,RB Leipzig,23,172,61,Right,2,2,,Women's Football,https://www.ea.com/games/ea-sports-fc/ratings/player-ratings/276502,66,45,51,56,71,60,65,67,29,41,55,47,33,55,33,34,40,74,56,31,39,65,55,71,75,63,70,69,73,71,68,70,51,62,64,14,9,8,11,11
5881,Taylor Malham,69,LB,RB,United States,NWSL,Chicago Stars FC,27,178,65,Right,3,2,,Women's Football,https://www.ea.com/games/ea-sports-fc/ratings/player-ratings/269123,54,59,68,68,67,65,55,53,56,67,53,49,45,63,66,66,47,73,69,58,73,51,34,72,73,59,68,62,70,68,62,64,72,62,62,6,7,5,11,9
5881,Aoife Mannion,69,CB,,Republic of Ireland,Barclays WSL,Manchester Utd,30,168,56,Right,3,2,,Women's Football,https://www.ea.com/games/ea-sports-fc/ratings/player-ratings/265268,43,38,65,58,73,56,37,47,42,27,59,40,32,41,57,60,47,75,68,65,53,54,54,65,65,57,75,66,79,70,69,56,42,56,72,10,14,14,6,12
5881,Esther Martin-Pozuelo,69,LB,,Spain,Liga F,Real Betis,27,164,57,Left,2,2,"Dead Ball, Block",Women's Football,https://www.ea.com/games/ea-sports-fc/ratings/player-ratings/272172,67,59,69,65,69,60,67,67,50,45,81,77,45,40,70,68,75,75,50,81,60,69,63,65,70,71,70,61,67,75,62,66,56,58,70,8,13,10,11,9
5881,Lucia Martínez,69,CDM,CM,Spain,Liga F,RC Deportivo,24,170,59,Right,2,3,,Women's Football,https://www.ea.com/games/ea-sports-fc/ratings/player-ratings/272188,68,54,64,70,67,67,65,70,72,50,55,59,52,55,70,45,59,73,60,62,70,60,56,60,78,60,70,60,68,70,55,68,70,65,69,5,10,11,15,9
5881,Laura Martínez,69,CM,RM,Spain,Liga F,Badalona Women,27,166,59,Right,3,3,,Women's Football,https://www.ea.com/games/ea-sports-fc/ratings/player-ratings/272164,67,62,68,70,63,56,66,67,72,50,75,71,70,55,72,60,67,70,69,70,70,69,63,70,71,71,65,61,60,70,50,61,64,50,61,14,11,13,8,12
5881,Amanda Mbadi,69,CDM,CM,Nigeria,Liga F,RCD Espanyol,27,165,56,Right,3,3,,Women's Football,https://www.ea.com/games/ea-sports-fc/ratings/player-ratings/273269,68,49,62,70,64,68,67,69,58,50,48,52,37,44,58,47,43,74,68,53,72,71,73,65,68,63,70,51,62,67,58,64,74,67,65,13,10,13,14,5
5881,Hannah Mesch,69,ST,LW,Germany,GPFBL,Carl Zeiss Jena,21,168,60,Right,3,2,,Women's Football,https://www.ea.com/games/ea-sports-fc/ratings/player-ratings/265137,70,69,57,67,51,60,68,72,73,72,67,69,63,55,55,54,50,67,47,43,68,68,55,65,69,60,51,68,42,58,40,70,56,62,59,11,15,14,5,5
5881,Paula Monteagudo,69,LB,,Spain,Liga F,RC Deportivo,24,172,61,Right,2,2,,Women's Football,https://www.ea.com/games/ea-sports-fc/ratings/player-ratings/72288,71,36,62,54,67,69,72,71,48,31,44,35,41,31,48,66,34,72,61,58,41,66,61,61,66,51,66,51,69,72,61,71,72,75,51,14,7,14,5,6
5881,Júlia Mora,69,CB,RB,Spain,Liga F,Badalona Women,28,168,55,Right,3,2,,Women's Football,https://www.ea.com/games/ea-sports-fc/ratings/player-ratings/272174,70,40,65,64,72,63,69,70,52,30,50,48,40,55,50,66,40,78,64,49,60,64,60,62,70,60,74,59,74,72,71,70,55,70,55,11,13,9,9,12
5881,Juliette Mossard,69,CAM,ST,France,Arkema PL,FC Nantes,20,161,58,Right,3,3,,Women's Football,https://www.ea.com/games/ea-sports-fc/ratings/player-ratings/269818,60,60,59,68,43,51,66,55,69,69,40,65,38,45,68,38,40,69,65,35,71,63,46,70,73,49,45,48,36,46,45,50,63,45,49,9,14,15,10,9
5881,Henar Muiña,69,CDM,,Spain,Liga F,RC Deportivo,26,167,62,Right,2,2,,Women's Football,https://www.ea.com/games/ea-sports-fc/ratings/player-ratings/72285,54,51,61,66,66,70,52,55,52,51,54,50,41,45,62,51,41,72,62,42,61,61,71,60,74,66,72,51,71,65,60,62,72,71,65,11,14,11,9,11
5881,Gwen Mummert,69,CB,,Germany,GPFBL,Carl Zeiss Jena,27,173,60,Right,2,2,,Women's Football,https://www.ea.com/games/ea-sports-fc/ratings/player-ratings/73573,65,53,43,62,71,68,64,65,45,55,53,56,29,55,27,27,40,65,40,30,57,62,62,70,67,65,69,70,73,71,66,72,67,69,66,9,7,6,8,9
5881,Lorena Navarro,69,CM,ST,Spain,Liga F,Real Sociedad,25,151,51,Left,3,3,,Women's Football,https://www.ea.com/games/ea-sports-fc/ratings/player-ratings/268994,55,63,68,69,52,50,56,54,72,59,67,65,62,70,65,51,57,79,75,59,70,55,56,69,75,65,62,57,34,61,51,56,34,51,64,7,5,10,15,14
5881,Marjolen Nekesa Wafula,69,ST,,Kenya,Ceska Liga Žen,Slavia Praha,27,168,61,Right,3,3,"Chip Shot, Press Proven",Women's Football,https://www.ea.com/games/ea-sports-fc/ratings/player-ratings/275809,67,68,62,72,25,63,69,66,66,70,67,65,64,63,60,55,58,71,52,64,71,75,76,65,74,73,17,70,19,23,19,76,65,71,39,15,14,8,15,14
5881,Leilanni Nesbeth,69,CM,CDM,Bermuda,NWSL,Chicago Stars FC,24,163,57,Left,3,2,,Women's Football,https://www.ea.com/games/ea-sports-fc/ratings/player-ratings/70182,64,62,66,67,59,58,66,63,66,61,63,67,55,50,69,58,57,71,70,53,66,67,71,70,70,56,70,54,57,57,52,58,70,54,53,13,12,8,11,13
5881,Nina Ngueleu,69,ST,,Cameroon,Arkema PL,Montpellier,21,172,76,Right,3,3,,Women's Football,https://www.ea.com/games/ea-sports-fc/ratings/player-ratings/271888,73,67,52,70,26,64,75,71,66,70,66,64,64,56,44,43,51,66,49,41,70,70,71,64,73,53,22,65,20,23,22,83,47,82,35,15,6,10,12,13
5881,Danique Noordman,69,LM,"CM, LW",Holland,Nederland Vrouwen Liga,Ajax,22,168,59,Right,2,3,,Women's Football,https://www.ea.com/games/ea-sports-fc/ratings/player-ratings/277812,71,57,65,67,48,62,72,70,72,62,53,50,49,58,63,69,50,70,60,55,66,70,60,70,70,50,38,58,35,65,45,69,65,63,55,12,6,12,11,10
5881,Léa Notel,69,LB,,France,Arkema PL,Stade de Reims,21,165,59,Left,2,3,,Women's Football,https://www.ea.com/games/ea-sports-fc/ratings/player-ratings/265895,58,48,64,65,67,64,55,61,54,48,49,46,45,47,57,69,45,70,58,58,63,65,75,65,68,60,69,59,66,68,71,62,69,61,66,10,6,9,14,9
5881,Marisa Olislagers,69,LB,,Holland,Barclays WSL,Brighton,25,165,60,Left,3,3,,Women's Football,https://www.ea.com/games/ea-sports-fc/ratings/player-ratings/265705,65,35,60,64,69,62,65,65,42,33,38,34,32,33,35,71,29,70,68,60,63,58,58,67,68,60,65,57,73,71,66,66,60,63,63,6,14,8,13,7
5881,Bárbara Olivieri,69,RM,"CM, RW",Venezuela,NWSL,Houston Dash,24,168,56,Right,3,3,,Women's Football,https://www.ea.com/games/ea-sports-fc/ratings/player-ratings/274139,63,61,68,70,44,40,64,63,67,66,57,58,41,58,69,67,52,72,65,58,72,61,71,68,73,62,46,51,43,42,38,46,55,32,38,14,14,9,7,15
5881,Judit Pablos,69,RW,RM,Spain,Liga F,RCD Espanyol,28,170,57,Right,2,3,Technical,Women's Football,https://www.ea.com/games/ea-sports-fc/ratings/player-ratings/72361,72,64,69,71,41,60,71,72,72,70,64,55,51,51,70,71,52,72,65,55,72,69,74,51,72,69,41,51,35,45,41,59,78,51,61,12,5,9,8,6
5881,Leïla Peneau,69,CM,,France,Arkema PL,En Avant Guingamp,24,164,54,Right,3,3,,Women's Football,https://www.ea.com/games/ea-sports-fc/ratings/player-ratings/277337,65,67,65,69,61,58,68,62,71,66,75,73,47,43,69,56,54,72,64,53,69,71,71,69,70,64,64,48,57,68,54,58,72,57,43,11,6,8,7,9
5881,Paula Perea,69,LB,CB,Spain,Liga F,RCD Espanyol,29,157,52,Left,3,3,"Slide Tackle, Bruiser, Long Throw",Women's Football,https://www.ea.com/games/ea-sports-fc/ratings/player-ratings/272038,68,49,66,68,66,76,70,66,69,45,61,40,37,55,70,70,48,70,60,49,69,60,61,71,70,65,72,55,70,64,60,73,71,77,81,14,8,8,11,12
5881,Kiki Pickett,69,CDM,CM,United States,NWSL,Bay FC,27,149,52,Right,3,2,,Women's Football,https://www.ea.com/games/ea-sports-fc/ratings/player-ratings/267241,55,50,66,70,71,44,58,52,52,48,53,52,55,44,60,70,49,70,65,65,67,67,84,74,73,63,75,54,72,72,70,45,54,33,60,5,6,12,7,11
5881,Emily Ramsey,69,GK,,England,Barclays WSL,Everton,25,180,72,Right,3,1,,Women's Football,https://www.ea.com/games/ea-sports-fc/ratings/player-ratings/265269,69,68,71,68,35,67,36,33,6,7,53,15,9,19,46,13,18,31,35,11,12,44,59,66,19,60,9,8,15,12,15,62,27,71,22,69,68,71,67,68
5881,Cristina Roque,69,GK,,Puerto Rico,NWSL,Utah Royals FC,24,170,63,Right,3,1,,Women's Football,https://www.ea.com/games/ea-sports-fc/ratings/player-ratings/71612,67,70,69,67,29,68,26,33,7,9,52,9,8,17,37,11,11,26,16,13,11,28,47,67,13,25,10,12,9,14,10,40,24,34,25,67,70,69,68,67
5881,María Ruiz,69,RM,"ST, RW",Spain,Liga F,Real Betis,25,165,58,Right,3,3,,Women's Football,https://www.ea.com/games/ea-sports-fc/ratings/player-ratings/272245,70,68,67,70,32,66,70,70,70,69,70,70,57,50,70,65,60,70,60,63,70,74,67,69,70,66,20,50,25,40,30,66,58,70,65,6,10,11,8,7
5881,Olivia Sekany,69,GK,,United States,NWSL,Rac. Louisville,27,183,70,Right,3,1,,Women's Football,https://www.ea.com/games/ea-sports-fc/ratings/player-ratings/274808,65,69,68,70,36,69,38,32,4,9,51,8,8,11,55,14,14,24,21,13,7,30,55,66,11,39,11,10,6,14,12,58,34,61,18,65,69,68,69,70
5881,Lena Silano,69,ST,"RM, LM",United States,NWSL,Washington Spirit,26,170,63,Right,2,3,,Women's Football,https://www.ea.com/games/ea-sports-fc/ratings/player-ratings/273499,69,68,60,69,39,64,65,72,68,70,66,68,70,61,59,48,59,70,57,55,70,64,63,64,72,63,37,66,34,39,33,72,58,70,53,9,14,13,13,8
5881,Jordan Silkowitz,69,GK,,United States,NWSL,Bay FC,26,183,67,Right,2,1,,Women's Football,https://www.ea.com/games/ea-sports-fc/ratings/player-ratings/273483,68,67,74,70,47,66,43,53,6,8,56,5,6,18,29,13,12,24,29,13,12,28,40,64,14,26,7,13,7,13,14,48,29,41,11,68,67,74,66,70
5881,Leandra Smeda,69,CDM,,South Africa,Liga F,RCD Espanyol,36,163,55,Right,4,3,,Women's Football,https://www.ea.com/games/ea-sports-fc/ratings/player-ratings/246901,57,46,66,61,69,62,56,58,51,50,48,32,28,72,68,70,45,68,63,57,54,69,72,73,64,69,72,45,74,70,72,56,53,64,71,12,13,9,9,7
5881,Anna-Lena Stolze,69,ST,,Germany,GPFBL,1. FC Köln,25,170,69,Right,2,2,,Women's Football,https://www.ea.com/games/ea-sports-fc/ratings/player-ratings/73021,67,68,50,66,45,64,66,68,74,69,69,68,61,64,41,39,43,67,43,34,64,63,63,68,69,63,38,69,31,59,38,71,62,65,61,14,15,7,14,12
5881,Martina Šurnovská,69,CM,,Slovakia,Ceska Liga Žen,Slavia Praha,27,163,57,Right,3,3,,Women's Football,https://www.ea.com/games/ea-sports-fc/ratings/player-ratings/275824,73,57,62,71,63,67,70,75,63,58,53,62,35,58,65,43,56,72,66,57,70,75,70,69,72,62,70,62,50,71,65,70,71,64,67,7,7,7,10,14
5881,Saori Takarada,69,CDM,CM,Japan,Barclays WSL,Leicester City,26,168,59,Right,3,3,,Women's Football,https://www.ea.com/games/ea-sports-fc/ratings/player-ratings/250826,65,68,64,70,64,68,67,64,78,70,69,62,56,63,68,49,54,73,68,42,66,71,66,77,77,66,58,67,67,68,55,72,67,69,65,8,5,13,15,13
5881,Ena Taslidža,69,ST,,Bosnia and Herzegovina,GPFBL,Turbine Potsdam,24,172,60,Right,2,2,,Women's Football,https://www.ea.com/games/ea-sports-fc/ratings/player-ratings/72472,68,68,60,67,51,60,57,77,74,72,64,66,53,60,54,55,56,69,58,55,69,66,58,69,68,59,38,68,42,66,45,67,55,62,61,12,15,11,7,10
5881,Gisele Thompson,69,RB,LB,United States,NWSL,Angel City FC,20,162,57,Right,3,3,,Women's Football,https://www.ea.com/games/ea-sports-fc/ratings/player-ratings/274813,68,50,62,69,67,58,68,68,50,45,58,56,41,41,52,66,55,68,56,61,70,67,65,69,70,61,64,60,69,68,66,62,72,52,56,9,8,11,7,11
5881,Kaitlyn Torpey,69,RB,,Australia,NWSL,San Diego Wave,26,168,60,Right,3,2,,Women's Football,https://www.ea.com/games/ea-sports-fc/ratings/player-ratings/71489,67,60,66,67,68,68,69,65,59,60,66,62,45,52,64,66,38,70,69,60,64,70,68,67,70,60,66,67,70,69,67,75,62,71,67,7,14,10,9,9
5881,Mar Torras,69,CM,,Spain,Liga F,RCD Espanyol,30,170,52,Right,2,2,,Women's Football,https://www.ea.com/games/ea-sports-fc/ratings/player-ratings/72344,66,60,67,64,63,62,68,64,71,65,55,60,41,48,70,61,52,72,70,51,60,61,62,68,70,72,70,52,51,72,65,57,75,52,71,5,9,12,7,9
5881,Eva van Deursen,69,CM,CAM,Holland,Liga F,SD Eibar,27,168,55,Right,3,3,,Women's Football,https://www.ea.com/games/ea-sports-fc/ratings/player-ratings/273565,61,60,66,68,62,56,58,64,72,62,61,58,39,53,70,57,60,70,68,62,69,57,54,69,74,63,65,60,50,72,67,59,65,52,54,10,14,13,12,5
5881,Samantha van Diemen,69,CB,LB,Holland,Scottish Women's League,Glasgow City FC,24,170,60,Right,3,2,,Women's Football,https://www.ea.com/games/ea-sports-fc/ratings/player-ratings/265681,69,35,69,68,67,69,68,69,54,38,31,27,30,34,65,70,25,77,70,60,67,61,65,65,73,58,68,70,68,66,65,76,61,73,69,10,8,14,6,12
5881,Kiki Van Zanten,69,CM,,Jamaica,NWSL,Houston Dash,24,168,61,Right,3,2,,Women's Football,https://www.ea.com/games/ea-sports-fc/ratings/player-ratings/70675,75,69,68,71,65,65,74,76,69,70,68,70,55,70,70,61,66,72,66,61,71,72,72,67,72,69,66,60,67,65,58,73,66,68,53,14,14,7,14,14
5881,Denisa Veselá,69,CM,RM,Czech Republic,Ceska Liga Žen,Slavia Praha,28,164,55,Right,3,3,,Women's Football,https://www.ea.com/games/ea-sports-fc/ratings/player-ratings/275826,69,64,69,71,61,64,68,70,74,65,61,65,52,58,67,70,65,70,69,65,69,74,78,73,72,65,67,46,57,66,56,61,65,65,59,6,13,10,8,14
5881,Lina Vianden,69,CB,,Germany,GPFBL,Turbine Potsdam,23,175,62,Right,2,2,,Women's Football,https://www.ea.com/games/ea-sports-fc/ratings/player-ratings/72446,53,52,49,56,72,59,52,54,39,50,59,53,37,67,42,29,55,67,45,40,45,50,64,73,69,60,70,72,75,72,68,71,44,66,58,13,6,5,12,10
5881,Sandra Villafañe,69,CB,,Spain,Liga F,Madrid CFF,20,169,54,Right,2,2,,Women's Football,https://www.ea.com/games/ea-sports-fc/ratings/player-ratings/272082,73,25,50,57,71,62,72,74,20,21,38,18,24,35,34,29,20,75,59,30,47,49,45,64,73,68,65,69,70,76,72,71,62,58,69,11,15,12,8,9
5881,Claire Walsh,69,CB,,Republic of Ireland,Scottish Women's League,Glasgow City FC,31,175,61,Right,2,2,,Women's Football,https://www.ea.com/games/ea-sports-fc/ratings/player-ratings/273383,62,47,62,60,71,64,60,63,39,49,55,40,38,50,53,53,47,77,60,40,58,62,58,63,62,70,72,68,70,72,70,69,66,64,60,8,9,11,6,11
5881,Carlotta Wamser,69,ST,RM,Germany,GPFBL,Frankfurt,22,167,60,Right,3,3,,Women's Football,https://www.ea.com/games/ea-sports-fc/ratings/player-ratings/265034,72,66,57,68,36,62,73,72,73,68,65,62,55,62,60,41,56,68,49,51,67,75,56,74,68,65,29,69,34,33,34,76,35,69,73,11,9,7,15,8
5881,Charlotte Wardlaw,69,RB,CM,England,Barclays WSL,Chelsea,23,164,58,Right,3,2,,Women's Football,https://www.ea.com/games/ea-sports-fc/ratings/player-ratings/266911,74,51,58,66,66,67,73,75,54,56,54,41,33,53,48,65,40,62,56,66,63,71,66,68,69,60,61,56,74,64,65,69,70,62,73,12,14,14,5,12
5881,Chloe Warrington,69,LB,,Scotland,Scottish Women's League,Glasgow City FC,24,169,58,Right,2,2,,Women's Football,https://www.ea.com/games/ea-sports-fc/ratings/player-ratings/275898,68,39,60,59,71,58,69,68,38,31,57,41,24,37,41,71,41,72,51,51,52,61,61,66,64,69,71,68,72,72,67,72,35,66,61,15,12,10,5,10
5881,Michelle Weiß,69,RB,,Germany,GPFBL,TSG Hoffenheim,25,159,54,Right,2,2,,Women's Football,https://www.ea.com/games/ea-sports-fc/ratings/player-ratings/265120,65,53,63,67,68,71,63,66,50,52,63,45,39,64,60,60,45,71,64,55,64,64,82,71,70,64,70,53,71,69,70,69,63,76,67,7,9,11,14,12
5881,Anna Wellmann,69,GK,,Germany,GPFBL,FC Bayern München,31,175,65,Right,2,1,,Women's Football,https://www.ea.com/games/ea-sports-fc/ratings/player-ratings/265008,68,66,70,69,56,69,56,55,6,12,53,16,11,24,62,13,22,18,21,18,14,53,50,70,13,29,17,6,23,10,15,60,40,55,32,68,66,70,69,69
5881,Johanna Wende,69,GK,,Germany,GPFBL,SV Werder Bremen,22,173,61,Right,2,1,,Women's Football,https://www.ea.com/games/ea-sports-fc/ratings/player-ratings/265139,68,69,66,70,27,67,26,29,16,18,50,12,13,16,15,12,11,17,14,15,17,25,29,65,12,15,12,11,17,18,13,39,28,30,14,68,69,66,67,70
5881,Olivia Wingate,69,ST,,United States,NWSL,NC Courage,26,170,61,Right,4,3,,Women's Football,https://www.ea.com/games/ea-sports-fc/ratings/player-ratings/273471,69,69,59,69,39,55,70,69,73,70,67,69,66,60,47,51,59,70,65,48,72,53,70,70,71,60,38,65,32,38,36,70,45,61,47,11,8,5,12,7
5881,Mackenzie Wood,69,GK,,United States,NWSL,Chicago Stars FC,25,178,63,Right,2,1,,Women's Football,https://www.ea.com/games/ea-sports-fc/ratings/player-ratings/274810,67,69,66,71,50,67,49,52,11,15,50,13,18,15,48,12,11,28,27,15,17,39,47,61,19,28,12,15,15,15,11,50,26,39,32,67,69,66,67,71
5881,Jessica Ziu,69,RW,"CAM, RM",Republic of Ireland,Barclays WSL,West Ham,23,164,55,Right,3,3,,Women's Football,https://www.ea.com/games/ea-sports-fc/ratings/player-ratings/270468,63,63,68,70,46,61,65,62,70,64,57,64,57,63,66,69,53,74,65,61,70,69,69,64,75,58,55,36,52,41,38,53,65,60,59,13,15,7,8,13
6856,Ilayda Acikgöz,68,CM,CAM,Germany,GPFBL,Frankfurt,21,163,57,Right,3,2,,Women's Football,https://www.ea.com/games/ea-sports-fc/ratings/player-ratings/271405,69,64,60,71,57,60,67,70,68,65,65,63,57,59,68,33,55,69,65,53,68,79,76,69,72,63,68,54,46,66,42,58,65,54,67,9,15,15,14,7
6856,Júlia Aguado,68,ST,,Spain,Liga F,Real Betis,26,170,61,Right,3,3,,Women's Football,https://www.ea.com/games/ea-sports-fc/ratings/player-ratings/272003,63,68,67,72,57,63,67,60,72,74,62,62,63,62,69,66,62,68,65,62,72,77,70,67,70,72,67,58,45,62,56,68,66,68,46,5,9,9,11,8
6856,Ona Baradad,68,LW,"RW, LM",Spain,Liga F,FC Barcelona,22,165,54,Right,3,3,,Women's Football,https://www.ea.com/games/ea-sports-fc/ratings/player-ratings/268944,69,68,64,68,36,61,68,70,68,68,72,65,64,69,65,68,52,67,56,66,67,70,63,72,69,61,21,58,34,39,42,64,64,59,60,12,5,5,7,11
6856,Paulina Bartz,68,RM,RW,Germany,GPFBL,Leverkusen,21,171,58,Right,2,3,,Women's Football,https://www.ea.com/games/ea-sports-fc/ratings/player-ratings/276506,72,59,63,68,41,54,71,72,72,63,56,55,46,56,63,69,50,67,54,59,69,73,63,67,68,60,32,31,28,63,40,52,54,55,50,11,8,6,12,14
6856,Chiara Beccari,68,ST,,Italy,Calcio A Femminile,Juventus,21,169,63,Right,4,3,,Women's Football,https://www.ea.com/games/ea-sports-fc/ratings/player-ratings/266931,73,64,57,69,35,63,73,73,71,64,63,65,63,63,58,51,45,68,43,44,68,72,61,75,71,63,28,68,35,30,32,76,62,69,48,7,14,7,9,12
6856,Anna Marika Bergman-Lundin,68,CM,,Sweden,Barclays WSL,West Ham,26,165,60,Right,3,2,,Women's Football,https://www.ea.com/games/ea-sports-fc/ratings/player-ratings/70783,64,67,65,66,56,66,61,67,70,67,70,69,64,52,70,55,59,69,68,52,68,58,65,68,67,58,68,50,40,67,49,63,69,70,55,11,15,9,15,12
6856,Josephine Bonsu,68,RW,"LM, RM",Germany,GPFBL,Carl Zeiss Jena,26,165,58,Right,2,3,,Women's Football,https://www.ea.com/games/ea-sports-fc/ratings/player-ratings/72477,66,66,61,69,45,40,64,67,73,68,63,66,61,60,67,67,41,68,43,47,69,52,93,73,72,50,32,62,30,60,52,52,56,34,31,8,14,12,14,12
6856,Messiah Bright,68,ST,LW,United States,NWSL,Angel City FC,26,175,64,Right,2,2,,Women's Football,https://www.ea.com/games/ea-sports-fc/ratings/player-ratings/273486,68,68,59,66,43,63,69,68,68,69,70,68,65,59,48,48,59,72,63,49,65,64,77,67,69,58,36,67,32,49,51,71,68,65,52,8,8,5,5,12
6856,Carla Camacho,68,ST,,Spain,Liga F,Real Madrid,21,172,65,Right,3,3,,Women's Football,https://www.ea.com/games/ea-sports-fc/ratings/player-ratings/268996,77,65,60,70,34,69,77,77,71,64,67,63,61,68,66,45,58,69,48,67,69,74,59,69,71,67,34,63,23,34,35,76,71,68,65,7,10,9,7,10
6856,Ainoa,68,CB,CDM,Spain,Liga F,RCD Espanyol,29,162,57,Right,2,3,,Women's Football,https://www.ea.com/games/ea-sports-fc/ratings/player-ratings/272153,58,53,60,63,71,65,59,58,49,51,59,49,59,60,49,55,59,71,61,54,60,52,59,72,70,71,75,50,70,75,71,60,72,64,60,10,12,12,9,13
6856,Ane Campos,68,ST,,Spain,Liga F,SD Eibar,27,172,62,Right,3,3,,Women's Football,https://www.ea.com/games/ea-sports-fc/ratings/player-ratings/275586,68,67,64,70,40,65,64,72,71,74,60,62,66,51,69,63,50,68,59,40,70,74,68,66,70,66,54,62,20,41,45,68,77,63,53,7,7,12,8,15
6856,Ally Cook,68,ST,,United States,NWSL,Chicago Stars FC,25,177,66,Right,3,2,,Women's Football,https://www.ea.com/games/ea-sports-fc/ratings/player-ratings/71584,63,67,61,68,46,66,64,63,68,67,69,68,64,55,57,55,60,70,54,68,68,67,66,68,70,64,40,70,35,55,43,71,64,67,64,7,13,13,8,8
6856,Giulia Dragoni,68,CM,ST,Italy,Calcio A Femminile,Roma,19,165,55,Right,3,3,,Women's Football,https://www.ea.com/games/ea-sports-fc/ratings/player-ratings/276098,74,71,61,71,64,62,75,74,59,72,73,74,54,67,61,30,65,75,70,46,73,70,68,59,72,63,59,60,63,69,62,72,62,64,55,8,10,5,8,14
6856,Cori Dyke,68,CB,,United States,NWSL,Orlando Pride,25,168,60,Right,3,2,,Women's Football,https://www.ea.com/games/ea-sports-fc/ratings/player-ratings/71531,65,40,61,64,68,62,63,66,44,35,48,43,30,37,53,62,36,68,61,57,62,64,55,68,67,61,69,66,68,69,66,70,43,68,67,5,6,13,12,8
6856,Rebecca Elloh,68,LW,"RW, LM",Côte d'Ivoire,Liga F,Badalona Women,31,166,60,Right,3,4,,Women's Football,https://www.ea.com/games/ea-sports-fc/ratings/player-ratings/272263,56,70,66,68,49,56,55,57,72,70,69,69,70,69,70,65,50,70,60,63,75,51,52,65,69,60,50,60,45,50,45,58,51,52,70,14,13,8,7,13
6856,Roseline Éloissaint,68,ST,CAM,Haiti,Arkema PL,FC Nantes,27,161,54,Right,3,3,Chip Shot,Women's Football,https://www.ea.com/games/ea-sports-fc/ratings/player-ratings/269812,70,67,67,74,41,59,74,67,64,69,66,68,61,66,66,68,59,72,58,62,73,72,80,65,77,70,34,63,36,44,36,70,66,59,46,8,13,11,9,10
6856,Annika Enderle,68,ST,,Germany,GPFBL,SGS Essen,25,172,61,Right,2,2,,Women's Football,https://www.ea.com/games/ea-sports-fc/ratings/player-ratings/266403,63,67,50,66,48,41,65,61,77,72,65,61,59,55,38,39,40,67,43,49,68,56,38,73,71,65,46,71,39,48,54,59,34,38,53,14,14,9,13,8
6856,Wilma Forsblom,68,ST,,Finland,Scottish Women's League,Glasgow City FC,22,173,63,Right,5,2,,Women's Football,https://www.ea.com/games/ea-sports-fc/ratings/player-ratings/70581,69,67,61,69,37,58,68,69,72,68,67,64,60,64,53,52,68,73,50,66,69,67,71,65,72,56,33,68,25,43,36,70,60,62,40,9,6,7,7,13
6856,Bea Franklin,68,CDM,"CM, RM",United States,NWSL,Chicago Stars FC,25,178,67,Left,3,2,,Women's Football,https://www.ea.com/games/ea-sports-fc/ratings/player-ratings/70309,67,62,66,68,65,62,67,67,66,60,64,66,54,50,68,57,56,71,69,50,67,69,69,70,69,57,69,66,66,62,57,67,66,58,66,12,8,14,12,6
6856,Macey Fraser,68,CM,,New Zealand,NWSL,Utah Royals FC,23,164,58,Right,3,2,,Women's Football,https://www.ea.com/games/ea-sports-fc/ratings/player-ratings/72151,66,62,66,69,59,58,67,66,67,59,68,68,56,50,68,60,58,70,67,50,69,68,70,70,71,60,69,56,57,56,52,60,63,53,62,9,10,11,6,9
6856,Maya Hahn,68,CDM,CM,Germany,GPFBL,Turbine Potsdam,25,168,61,Right,2,2,,Women's Football,https://www.ea.com/games/ea-sports-fc/ratings/player-ratings/271798,57,60,61,64,66,62,58,57,43,65,62,60,36,57,68,46,43,70,66,31,62,58,61,63,69,58,69,37,71,69,68,53,55,68,60,7,7,6,8,15
6856,Vanessa Haim,68,CM,ST,Germany,GPFBL,Leverkusen,29,157,53,Right,3,2,,Women's Football,https://www.ea.com/games/ea-sports-fc/ratings/player-ratings/276937,67,57,65,67,53,62,68,67,68,60,55,59,40,43,73,58,40,69,64,51,67,67,55,72,68,62,66,38,43,63,45,55,68,63,56,8,10,12,6,13
6856,Anni Hartikainen,68,LM,"LB, LW",Finland,Sverige Liga,FC Rosengård,22,167,56,Right,3,3,,Women's Football,https://www.ea.com/games/ea-sports-fc/ratings/player-ratings/279933,63,60,63,68,48,60,66,61,69,73,48,45,55,48,64,59,46,70,65,42,69,59,77,63,72,54,49,48,47,50,45,59,64,60,53,6,15,7,6,14
6856,Patrícia Hmírová,68,RM,"ST, RW",Slovakia,Liga F,RC Deportivo,32,163,53,Right,3,3,,Women's Football,https://www.ea.com/games/ea-sports-fc/ratings/player-ratings/272238,62,64,69,70,58,67,69,57,60,60,69,71,60,60,70,70,65,70,66,67,68,71,70,70,74,65,50,60,62,60,50,73,60,73,60,13,12,14,15,11
6856,Mégane Hoeltzel,68,CM,,France,Arkema PL,Strasbourg,23,162,53,Right,3,3,,Women's Football,https://www.ea.com/games/ea-sports-fc/ratings/player-ratings/71703,47,53,56,67,56,58,53,42,69,60,38,58,29,35,67,26,33,70,68,25,68,56,62,69,73,48,69,51,49,59,50,55,68,58,45,10,15,6,7,14
6856,Sarah Hunter,68,CDM,CM,Australia,Arkema PL,Paris FC,22,164,57,Right,3,3,,Women's Football,https://www.ea.com/games/ea-sports-fc/ratings/player-ratings/276864,69,61,62,67,66,66,72,67,58,55,75,68,47,57,57,47,49,72,67,61,65,70,71,58,70,67,67,53,63,72,68,67,72,65,63,13,7,7,13,7
6856,Carlotta Imping,68,LB,,Germany,GPFBL,1. FC Köln,22,167,55,Right,2,2,,Women's Football,https://www.ea.com/games/ea-sports-fc/ratings/player-ratings/276480,63,49,57,67,68,60,56,69,30,54,55,39,28,60,37,64,48,69,51,55,67,69,59,70,68,53,69,57,72,69,63,62,64,61,53,15,9,8,7,13
6856,Riley Jackson,68,CM,CAM,United States,NWSL,NC Courage,20,172,57,Right,3,2,,Women's Football,https://www.ea.com/games/ea-sports-fc/ratings/player-ratings/277633,66,62,66,68,63,57,68,64,66,60,66,62,60,59,67,62,57,71,67,56,68,66,70,67,70,55,66,59,65,64,55,58,69,47,66,7,12,9,11,9
6856,Mya Jones,68,RM,RW,Canada,NWSL,San Diego Wave,24,170,63,Right,4,3,,Women's Football,https://www.ea.com/games/ea-sports-fc/ratings/player-ratings/71428,68,66,61,70,51,66,67,68,68,68,67,65,56,55,56,60,51,70,55,48,72,66,66,69,71,55,49,68,37,60,49,72,65,67,62,9,8,6,15,6
6856,Jameese Joseph,68,ST,RM,United States,NWSL,Chicago Stars FC,24,170,63,Right,3,2,,Women's Football,https://www.ea.com/games/ea-sports-fc/ratings/player-ratings/70305,70,67,59,68,46,63,68,72,67,68,68,66,65,56,55,52,59,68,53,64,67,67,68,66,71,62,39,67,33,56,44,70,60,63,65,11,12,15,7,7
6856,Kristína Košíková,68,CB,,Slovakia,Ceska Liga Žen,Slavia Praha,32,172,64,Right,3,2,,Women's Football,https://www.ea.com/games/ea-sports-fc/ratings/player-ratings/276382,57,27,47,51,69,70,58,56,27,25,35,21,21,45,25,32,46,65,63,28,43,49,57,67,60,56,65,65,73,71,65,72,59,74,72,13,14,9,13,14
6856,Caroline Krawczyk,68,CM,CDM,Germany,GPFBL,Turbine Potsdam,28,164,56,Right,2,2,,Women's Football,https://www.ea.com/games/ea-sports-fc/ratings/player-ratings/73243,70,61,59,68,54,64,69,70,73,65,58,59,38,60,69,42,38,68,62,32,68,65,59,70,72,62,72,48,39,60,49,61,69,63,59,7,12,10,10,8
6856,Patricia Larqué,68,GK,,Spain,Liga F,Atlético de Madrid,34,164,67,Right,2,1,,Women's Football,https://www.ea.com/games/ea-sports-fc/ratings/player-ratings/272271,66,62,60,68,36,72,38,34,10,13,45,9,11,20,22,10,13,15,15,10,11,21,30,71,20,15,12,15,11,11,10,43,22,30,18,66,62,60,72,68
6856,Manon Le Page,68,GK,,France,Arkema PL,Strasbourg,23,173,62,Right,2,1,,Women's Football,https://www.ea.com/games/ea-sports-fc/ratings/player-ratings/267648,68,68,66,72,26,65,25,27,8,12,50,9,9,14,33,10,12,29,25,14,15,32,47,59,14,35,12,12,10,10,14,41,26,38,27,68,68,66,65,72
6856,Payton Linnehan,68,ST,,United States,NWSL,Portland Thorns,25,168,60,Right,3,3,,Women's Football,https://www.ea.com/games/ea-sports-fc/ratings/player-ratings/71425,55,67,60,68,40,65,58,52,70,67,69,67,66,59,53,55,56,70,58,46,70,56,63,69,72,60,45,68,33,37,36,69,64,68,58,7,10,12,5,15
6856,Emma Loving,68,LM,"RM, LW",United States,Arkema PL,Strasbourg,28,168,57,Right,3,3,,Women's Football,https://www.ea.com/games/ea-sports-fc/ratings/player-ratings/73957,71,55,62,67,34,53,75,68,68,64,50,38,43,55,67,60,36,68,58,40,66,66,68,72,69,55,25,41,28,45,34,46,70,41,61,14,15,7,7,13
6856,Sofie Lundgaard,68,CM,,Denmark,Barclays WSL,Liverpool,24,172,63,Right,3,3,,Women's Football,https://www.ea.com/games/ea-sports-fc/ratings/player-ratings/273050,71,66,59,69,57,61,70,71,70,72,59,64,56,54,69,35,52,69,64,30,69,70,65,69,72,59,58,46,56,64,49,58,65,59,60,11,9,9,13,6
6856,Princess Marfo,68,ST,,Denmark,NWSL,Bay FC,22,165,58,Right,3,2,,Women's Football,https://www.ea.com/games/ea-sports-fc/ratings/player-ratings/70578,71,66,66,68,43,64,72,71,70,67,67,66,59,55,64,68,45,72,62,66,68,70,76,70,69,55,46,62,34,43,40,72,63,64,62,5,9,10,10,9
6856,Inès Marques,68,GK,,France,Arkema PL,Paris FC,22,169,60,Right,2,1,,Women's Football,https://www.ea.com/games/ea-sports-fc/ratings/player-ratings/269943,71,66,69,72,43,63,44,41,10,9,52,9,8,16,31,12,12,24,21,14,12,48,51,57,18,36,13,9,16,16,14,46,31,39,22,71,66,69,63,72
6856,Brianna Martinez,68,RB,,United States,NWSL,Orlando Pride,26,168,58,Right,2,2,,Women's Football,https://www.ea.com/games/ea-sports-fc/ratings/player-ratings/273482,63,47,64,65,66,51,65,61,48,45,51,48,48,40,58,69,46,68,64,67,65,54,69,63,70,58,65,52,68,67,68,50,62,43,55,9,9,13,7,15
6856,Charlotte McLean,68,CB,,Australia,NWSL,NC Courage,26,170,62,Right,3,2,,Women's Football,https://www.ea.com/games/ea-sports-fc/ratings/player-ratings/72886,64,39,50,61,68,65,60,67,32,33,52,39,35,50,36,39,29,67,56,35,54,62,66,67,69,62,67,68,69,69,67,69,61,66,68,15,13,7,8,11
6856,Morgan Messner,68,GK,,United States,NWSL,San Diego Wave,26,178,64,Right,2,1,,Women's Football,https://www.ea.com/games/ea-sports-fc/ratings/player-ratings/274767,65,69,67,69,41,67,40,43,4,5,50,5,5,11,34,11,10,18,21,14,5,35,60,66,10,27,10,12,6,11,13,57,36,58,18,65,69,67,67,69
6856,Melween N'Dongala,68,RB,,France,Arkema PL,Paris FC,21,166,58,Right,3,2,,Women's Football,https://www.ea.com/games/ea-sports-fc/ratings/player-ratings/276825,75,39,58,63,63,66,80,71,49,38,47,35,27,42,45,63,37,71,48,55,56,74,74,63,69,57,59,63,60,69,64,78,69,70,48,14,11,14,13,13
6856,Sophie Nachtigall,68,CM,,Germany,GPFBL,Frankfurt,22,168,58,Right,2,2,,Women's Football,https://www.ea.com/games/ea-sports-fc/ratings/player-ratings/277040,67,59,60,68,55,64,66,68,69,66,55,53,32,54,67,36,45,70,66,48,68,68,57,70,69,62,66,41,45,64,50,56,71,64,56,12,13,9,14,5
6856,Chloé Neller,68,CDM,CB,France,Arkema PL,Strasbourg,22,170,59,Right,3,2,,Women's Football,https://www.ea.com/games/ea-sports-fc/ratings/player-ratings/71704,60,34,57,55,64,66,57,62,37,31,41,29,32,45,61,37,39,69,63,30,49,37,58,68,70,48,68,49,64,66,65,58,65,66,67,9,14,5,14,6
6856,Natalia Padilla Bidas,68,RW,"LW, ST, RM",Poland,Liga F,Sevilla FC,23,174,60,Right,3,3,,Women's Football,https://www.ea.com/games/ea-sports-fc/ratings/player-ratings/277278,72,61,62,68,44,62,70,73,72,64,60,58,49,59,64,70,52,64,49,50,67,74,52,66,70,62,35,39,42,57,38,56,65,63,55,14,7,11,8,6
6856,Cristina Postigo,68,CB,RB,Spain,Liga F,Granada CF,28,168,70,Right,2,2,,Women's Football,https://www.ea.com/games/ea-sports-fc/ratings/player-ratings/275768,63,38,49,52,70,67,65,62,39,34,49,33,31,51,37,31,42,66,51,41,40,62,62,66,60,71,71,62,74,68,65,69,64,67,69,8,7,14,6,8
6856,Lilli Purtscheller,68,RM,"LB, RW",Austria,GPFBL,SGS Essen,22,171,63,Right,2,3,,Women's Football,https://www.ea.com/games/ea-sports-fc/ratings/player-ratings/276505,76,66,57,68,39,64,72,79,75,72,61,62,53,57,40,62,48,66,60,37,70,68,52,67,69,59,27,60,28,54,30,71,72,62,57,9,6,14,6,10
6856,Gabrielle Robinson,68,CB,,United States,NWSL,KC Current,25,173,61,Right,3,2,Block,Women's Football,https://www.ea.com/games/ea-sports-fc/ratings/player-ratings/273480,57,42,55,56,69,64,61,53,34,38,50,50,31,40,42,47,50,65,60,50,52,47,73,65,63,49,68,69,70,70,68,71,53,70,61,13,13,14,13,12
6856,Charlize Rule,68,RB,,Australia,Barclays WSL,Brighton,23,176,59,Right,3,2,,Women's Football,https://www.ea.com/games/ea-sports-fc/ratings/player-ratings/265691,77,55,58,64,67,62,75,78,44,60,70,34,42,48,48,65,44,64,55,45,64,70,78,66,63,51,71,68,65,67,60,74,61,61,65,15,12,6,9,7
6856,Marleen Schimmer,68,CAM,ST,Germany,GPFBL,RB Leipzig,25,168,60,Right,3,3,,Women's Football,https://www.ea.com/games/ea-sports-fc/ratings/player-ratings/267389,70,69,63,70,37,58,68,71,73,72,69,64,67,64,65,60,62,65,59,59,69,70,77,71,71,66,28,66,32,38,39,67,56,58,57,14,8,10,13,9
6856,Ally Schlegel,68,ST,CAM,United States,NWSL,Chicago Stars FC,26,170,59,Right,3,2,,Women's Football,https://www.ea.com/games/ea-sports-fc/ratings/player-ratings/273488,64,67,61,68,42,61,67,62,70,70,68,65,58,58,64,53,57,69,52,51,69,65,71,67,70,56,38,70,35,43,39,72,54,66,53,8,14,12,6,14
6856,Maëlle Seguin,68,CM,CDM,France,Arkema PL,En Avant Guingamp,21,168,60,Right,3,3,,Women's Football,https://www.ea.com/games/ea-sports-fc/ratings/player-ratings/271598,47,56,63,68,56,53,51,44,59,59,51,58,51,41,63,44,43,75,69,53,68,60,70,66,72,57,65,45,44,68,53,45,67,48,51,14,9,6,13,14
6856,Kim Sindermann,68,GK,,Germany,GPFBL,SGS Essen,25,170,65,Right,2,1,,Women's Football,https://www.ea.com/games/ea-sports-fc/ratings/player-ratings/265043,65,65,67,68,40,70,33,51,14,15,50,10,17,51,59,21,35,18,17,23,13,43,66,64,12,35,11,18,12,14,16,61,15,68,11,65,65,67,70,68
6856,Regan Steigleder,68,LB,,United States,NWSL,KC Current,27,170,63,Right,3,2,,Women's Football,https://www.ea.com/games/ea-sports-fc/ratings/player-ratings/70592,70,48,61,58,70,62,69,70,51,47,50,48,51,47,59,57,55,66,63,49,55,67,58,65,57,67,69,66,71,71,68,68,63,58,70,8,12,5,8,7
6856,Mikaela Stojanovska,68,RB,,Sweden,Sverige Liga,FC Rosengård,19,170,59,Right,3,2,,Women's Football,https://www.ea.com/games/ea-sports-fc/ratings/player-ratings/276237,64,38,55,61,66,55,69,60,39,39,45,29,39,39,45,59,38,68,43,45,58,53,48,72,69,48,66,65,65,68,63,64,67,52,45,13,15,13,8,12
6856,Maisie Symonds,68,CM,,England,Barclays WSL,Brighton,23,173,65,Right,3,3,,Women's Football,https://www.ea.com/games/ea-sports-fc/ratings/player-ratings/265292,68,64,67,70,62,59,73,63,69,63,71,64,60,48,69,54,47,75,74,59,71,68,73,59,72,60,63,49,58,69,65,68,40,71,52,12,14,15,10,11
6856,Anna Terestyényi,68,GK,,Hungary,GPFBL,Turbine Potsdam,25,170,62,Right,2,1,,Women's Football,https://www.ea.com/games/ea-sports-fc/ratings/player-ratings/73244,66,66,72,65,22,68,22,23,17,16,54,15,16,14,16,17,12,13,16,11,14,24,21,70,19,18,15,14,14,12,11,38,20,30,19,66,66,72,68,65
6856,Amy Turner,68,CB,,England,Barclays WSL,Spurs,34,166,60,Right,3,2,Intercept,Women's Football,https://www.ea.com/games/ea-sports-fc/ratings/player-ratings/228081,36,27,48,52,68,66,35,36,23,24,36,20,29,41,34,25,25,73,51,28,43,35,63,69,65,53,64,71,72,68,61,69,38,75,76,6,9,14,9,6
6856,Naomie Vagre,68,ST,,France,Arkema PL,FC Nantes,25,169,57,Right,3,2,,Women's Football,https://www.ea.com/games/ea-sports-fc/ratings/player-ratings/73764,66,68,49,68,25,59,68,64,66,69,69,67,64,56,45,34,42,65,40,45,71,55,61,65,72,48,11,68,20,25,23,71,56,64,47,12,10,8,11,6
6856,Margaux Vairon,68,RB,LB,France,Arkema PL,Dijon FCO,23,166,50,Right,3,2,,Women's Football,https://www.ea.com/games/ea-sports-fc/ratings/player-ratings/270708,66,42,55,53,69,60,69,64,43,40,48,41,38,41,41,56,37,69,47,54,43,62,73,64,59,58,68,66,65,73,69,68,64,59,53,5,14,14,9,14
6856,Lina von Schrader,68,GK,,Germany,GPFBL,RB Leipzig,22,175,64,Right,2,1,,Women's Football,https://www.ea.com/games/ea-sports-fc/ratings/player-ratings/264997,69,64,68,71,45,70,48,40,18,19,51,23,12,25,59,24,22,40,35,15,21,46,49,57,32,59,11,6,28,12,13,61,24,63,40,69,64,68,70,71
7904,Lina Altenburg,67,GK,,Germany,GPFBL,Frankfurt,21,173,60,Right,2,1,,Women's Football,https://www.ea.com/games/ea-sports-fc/ratings/player-ratings/73714,68,66,65,66,21,69,16,28,8,5,49,6,8,15,30,14,13,29,28,13,7,37,49,60,11,24,7,14,6,11,14,37,21,34,20,68,66,65,69,66
7904,Carmen Álvarez,67,ST,,Spain,Liga F,Real Betis,23,177,55,Right,3,3,,Women's Football,https://www.ea.com/games/ea-sports-fc/ratings/player-ratings/272024,75,64,62,67,43,55,74,76,60,69,62,60,59,55,52,57,57,74,54,67,70,59,54,60,72,50,40,75,35,45,35,76,56,55,50,7,8,12,10,11
7904,Hannah Anderson,67,CB,,United States,NWSL,Chicago Stars FC,25,178,67,Right,3,2,,Women's Football,https://www.ea.com/games/ea-sports-fc/ratings/player-ratings/70308,57,41,53,56,67,68,56,57,47,39,49,39,35,40,46,41,30,68,57,37,52,58,67,63,57,57,65,68,68,69,65,71,60,72,66,10,14,15,14,11
7904,Ari Arias,67,ST,,Spain,GPFBL,VfL Wolfsburg,23,172,63,Right,2,3,,Women's Football,https://www.ea.com/games/ea-sports-fc/ratings/player-ratings/279189,70,66,59,65,31,60,71,70,71,69,66,65,51,51,70,42,61,66,51,55,61,66,69,61,70,60,27,67,25,30,24,73,61,62,51,6,14,8,9,6
7904,Evelyn Badu,67,ST,CAM,Ghana,Arkema PL,FC Fleury 91,23,166,59,Right,3,2,,Women's Football,https://www.ea.com/games/ea-sports-fc/ratings/player-ratings/70818,69,68,63,68,54,63,68,70,69,69,68,66,57,67,66,53,64,68,64,54,68,67,73,66,70,56,63,56,40,65,46,67,68,66,48,13,5,13,12,8
7904,Amandine Béché,67,RW,RM,France,Arkema PL,Strasbourg,24,164,58,Right,2,3,,Women's Football,https://www.ea.com/games/ea-sports-fc/ratings/player-ratings/265832,75,58,62,70,30,46,78,73,59,62,51,61,48,55,62,59,59,68,53,58,69,77,76,63,72,59,27,41,31,29,24,53,45,49,37,12,11,7,11,8
7904,Amelie Bohnen,67,CB,,Germany,GPFBL,1. FC Köln,24,170,60,Right,2,2,,Women's Football,https://www.ea.com/games/ea-sports-fc/ratings/player-ratings/73652,64,34,44,52,69,66,63,65,28,30,50,28,23,51,28,28,39,65,43,31,39,62,60,67,63,62,69,62,73,69,65,69,64,67,65,14,12,11,11,15
7904,Lyza Bosselmann,67,GK,,United States,NWSL,Washington Spirit,24,178,63,Right,3,1,,Women's Football,https://www.ea.com/games/ea-sports-fc/ratings/player-ratings/273493,66,68,63,67,33,68,33,33,6,7,47,6,8,10,29,10,10,28,17,12,7,24,46,61,10,33,7,13,7,11,14,43,21,38,11,66,68,63,68,67
7904,Luana Bürge,67,LB,,Switzerland,Schweizer Damen Liga,FC Zürich,21,170,63,Left,3,2,,Women's Football,https://www.ea.com/games/ea-sports-fc/ratings/player-ratings/277718,64,48,57,59,65,66,66,62,43,55,48,41,21,41,47,62,47,67,50,40,52,59,67,68,68,51,64,64,68,65,61,70,67,66,64,6,12,14,10,9
7904,Dorine Nina Chuigoué,67,CB,,Cameroon,Liga F,Real Betis,37,170,60,Left,2,2,,Women's Football,https://www.ea.com/games/ea-sports-fc/ratings/player-ratings/272037,51,48,61,59,67,68,52,51,45,50,51,40,41,55,45,50,40,80,60,50,55,39,61,63,70,67,65,71,72,63,60,76,55,76,60,8,8,12,12,9
7904,Jenna Clark,67,CB,,Scotland,Barclays WSL,Liverpool,24,178,66,Right,5,2,,Women's Football,https://www.ea.com/games/ea-sports-fc/ratings/player-ratings/268486,70,35,51,63,69,61,68,71,35,35,48,25,26,37,37,37,29,68,59,38,61,53,73,62,68,61,69,73,71,68,64,70,71,53,64,5,11,15,10,6
7904,Izzy D'Aquila,67,ST,,United States,NWSL,Portland Thorns,24,170,63,Right,3,2,,Women's Football,https://www.ea.com/games/ea-sports-fc/ratings/player-ratings/273477,51,68,60,65,39,63,47,55,71,70,69,65,63,61,51,54,58,70,64,48,67,41,63,68,69,60,39,67,34,37,36,65,57,68,57,12,6,9,8,10
7904,Amira Dahl,67,RM,RW,Germany,GPFBL,SV Werder Bremen,20,171,59,Right,2,3,,Women's Football,https://www.ea.com/games/ea-sports-fc/ratings/player-ratings/276500,76,60,59,66,44,57,74,77,72,62,60,59,40,57,67,66,43,64,40,42,63,71,59,70,69,59,39,38,32,62,39,57,53,60,55,13,8,14,6,11
7904,Daliyah De Klonia,67,LB,,Holland,Nederland Vrouwen Liga,Ajax,21,165,57,Right,2,2,,Women's Football,https://www.ea.com/games/ea-sports-fc/ratings/player-ratings/277813,69,45,55,65,64,61,70,69,48,45,55,35,32,55,39,66,50,66,43,43,64,68,57,67,69,50,65,60,65,65,59,68,64,61,56,9,12,15,10,10
7904,Mariella El Sherif,67,GK,,Austria,GPFBL,Carl Zeiss Jena,21,170,61,Right,3,1,,Women's Football,https://www.ea.com/games/ea-sports-fc/ratings/player-ratings/73717,66,64,62,68,21,64,21,21,6,5,47,5,5,19,31,11,12,22,16,10,12,33,45,69,18,24,9,10,6,13,12,37,22,34,23,66,64,62,64,68
7904,Sami Feller,67,CB,CDM,United States,NWSL,Chicago Stars FC,26,178,64,Right,2,2,,Women's Football,https://www.ea.com/games/ea-sports-fc/ratings/player-ratings/274761,59,41,52,51,67,69,57,61,48,41,48,37,33,39,45,42,29,65,56,36,50,38,34,59,56,56,62,72,66,70,66,77,59,74,66,8,13,11,14,14
7904,Bente Fischer,67,LM,"RB, LW",Germany,GPFBL,Carl Zeiss Jena,23,175,64,Left,2,3,,Women's Football,https://www.ea.com/games/ea-sports-fc/ratings/player-ratings/72474,66,63,62,65,49,57,67,65,69,68,60,59,38,59,63,70,46,65,55,45,65,60,59,68,69,58,37,39,49,62,47,54,55,60,55,6,15,12,10,12
7904,Jorja Fox,67,RB,,England,Barclays WSL,Crystal Palace,22,169,61,Right,3,2,Intercept,Women's Football,https://www.ea.com/games/ea-sports-fc/ratings/player-ratings/265248,67,36,65,62,66,62,67,67,27,34,41,37,34,47,52,70,44,73,68,59,60,63,58,64,67,51,69,67,68,65,59,71,54,67,57,6,9,7,14,11
7904,Emma Francart,67,GK,,France,Arkema PL,FC Fleury 91,22,172,68,Right,2,1,,Women's Football,https://www.ea.com/games/ea-sports-fc/ratings/player-ratings/265890,69,67,64,68,36,64,38,32,9,12,48,9,8,15,33,14,13,26,21,17,11,42,45,58,15,35,17,13,15,14,14,62,33,70,27,69,67,64,64,68
7904,Núria Garrote,67,RB,,Spain,Liga F,Badalona Women,28,164,60,Right,3,3,Long Ball Pass,Women's Football,https://www.ea.com/games/ea-sports-fc/ratings/player-ratings/272168,63,57,59,66,67,60,70,57,60,59,61,50,45,60,45,60,50,65,69,49,71,64,43,65,64,65,72,65,69,64,59,64,70,50,70,14,11,13,8,13
7904,Yohana Gómez,67,GK,,Spain,Liga F,RC Deportivo,32,168,58,Right,2,1,,Women's Football,https://www.ea.com/games/ea-sports-fc/ratings/player-ratings/72217,67,60,64,69,34,70,35,32,10,11,48,12,15,21,52,14,15,23,25,11,10,31,41,61,17,51,17,17,14,13,18,53,24,51,21,67,60,64,70,69
7904,Andrea Gómez,67,ST,,Spain,Liga F,Granada CF,23,181,73,Right,3,2,,Women's Football,https://www.ea.com/games/ea-sports-fc/ratings/player-ratings/277073,70,65,68,68,42,65,72,68,61,61,72,66,71,57,69,71,71,69,61,66,67,65,74,60,71,68,39,72,37,41,31,83,58,73,49,14,13,6,11,12
7904,Júlia Guerra,67,CM,,Spain,Liga F,RCD Espanyol,24,165,54,Left,2,2,,Women's Football,https://www.ea.com/games/ea-sports-fc/ratings/player-ratings/72359,72,58,63,67,64,60,71,73,60,60,55,64,45,41,62,51,49,72,65,59,67,72,68,71,65,65,67,51,65,67,58,59,71,52,65,14,8,7,12,6
7904,Chiara Hahn,67,CM,RB,Germany,GPFBL,TSG Hoffenheim,24,177,62,Right,3,3,,Women's Football,https://www.ea.com/games/ea-sports-fc/ratings/player-ratings/273567,63,61,58,68,54,56,62,63,63,68,59,60,28,46,64,39,36,70,65,34,70,60,43,70,73,54,68,49,44,58,51,52,70,50,56,11,15,11,12,6
7904,Disa Hellwig,67,GK,,Sweden,Sverige Liga,FC Rosengård,24,169,63,Right,3,1,,Women's Football,https://www.ea.com/games/ea-sports-fc/ratings/player-ratings/277185,67,67,66,65,19,64,19,20,5,6,50,6,7,14,26,10,10,17,25,9,9,26,22,69,14,22,8,8,6,11,9,35,27,30,20,67,67,66,64,65
7904,Heather Hinz,67,GK,,United States,NWSL,Houston Dash,24,170,63,Left,2,1,,Women's Football,https://www.ea.com/games/ea-sports-fc/ratings/player-ratings/70695,66,65,66,69,43,65,44,41,4,9,50,7,8,12,41,13,11,18,22,13,6,32,55,65,18,24,13,13,6,13,12,54,26,50,24,66,65,66,65,69
7904,Sophie Hirst,67,CDM,,United States,NWSL,Portland Thorns,26,173,61,Right,3,2,,Women's Football,https://www.ea.com/games/ea-sports-fc/ratings/player-ratings/273485,46,51,60,60,66,66,55,39,48,51,53,50,46,48,67,40,46,70,66,46,57,46,74,63,67,54,65,48,70,68,66,61,56,74,60,15,11,6,12,6
7904,Sara Holmgaard,67,LM,"CB, LW",Denmark,Barclays WSL,Everton,27,174,59,Left,3,3,,Women's Football,https://www.ea.com/games/ea-sports-fc/ratings/player-ratings/265024,59,49,69,63,68,66,60,58,65,61,37,32,29,51,64,68,48,74,73,63,62,55,47,68,70,61,65,70,70,69,67,71,57,70,64,11,8,5,7,9
7904,Paula Hoppe,67,GK,,Germany,GPFBL,1. FC Köln,20,170,56,Left,2,1,Cross Claimer,Women's Football,https://www.ea.com/games/ea-sports-fc/ratings/player-ratings/276842,66,67,64,68,48,65,49,47,15,11,48,15,12,10,21,13,13,21,28,17,12,50,27,64,13,16,12,10,16,12,12,45,15,30,11,66,67,64,65,68
7904,Wieke Kaptein,67,CM,,Holland,Barclays WSL,Chelsea,20,173,64,Right,3,3,,Women's Football,https://www.ea.com/games/ea-sports-fc/ratings/player-ratings/276285,67,65,62,69,63,66,67,67,64,63,65,74,53,58,62,42,61,72,67,59,69,69,68,61,72,62,63,62,59,67,59,70,68,67,62,5,14,8,10,7
7904,Savy King,67,LB,,United States,NWSL,Bay FC,21,168,62,Right,4,2,,Women's Football,https://www.ea.com/games/ea-sports-fc/ratings/player-ratings/71556,68,40,55,67,66,67,68,68,59,34,54,36,33,37,29,60,29,67,64,56,67,63,66,66,69,56,66,67,67,65,62,72,66,67,66,14,12,6,11,13
7904,Sanja Kovačević,67,CM,,Serbia,Schweizer Damen Liga,FC Zürich,22,167,60,Right,3,2,,Women's Football,https://www.ea.com/games/ea-sports-fc/ratings/player-ratings/276615,68,63,63,67,60,67,67,68,66,65,67,64,40,50,65,55,44,70,68,35,69,66,70,65,68,51,50,66,63,66,50,72,70,70,54,10,14,14,5,8
7904,Francisca Lara,67,LB,,Chile,Liga F,RC Deportivo,35,165,58,Left,3,3,,Women's Football,https://www.ea.com/games/ea-sports-fc/ratings/player-ratings/245961,56,64,72,67,66,64,60,52,69,57,76,69,60,52,69,76,80,74,70,59,65,56,78,70,71,75,69,50,66,70,60,61,57,66,70,11,5,7,7,15
7904,Katie Lockwood,67,ST,,England,Scottish Women's League,Glasgow City FC,28,165,55,Right,3,2,,Women's Football,https://www.ea.com/games/ea-sports-fc/ratings/player-ratings/74047,68,69,58,68,19,59,70,67,69,72,68,64,57,68,67,31,52,70,58,45,68,68,58,67,70,60,11,55,15,19,12,68,65,67,29,11,10,11,9,11
7904,Bárbara López,67,ST,,Spain,Liga F,Madrid CFF,20,163,62,Right,3,4,,Women's Football,https://www.ea.com/games/ea-sports-fc/ratings/player-ratings/272241,72,68,61,72,24,70,76,69,69,75,60,65,55,55,61,60,55,65,50,66,70,76,75,65,75,61,20,40,31,15,18,66,63,73,70,6,15,10,8,14
7904,Flavia Lüscher,67,CB,,Switzerland,GPFBL,Turbine Potsdam,23,175,61,Right,2,2,,Women's Football,https://www.ea.com/games/ea-sports-fc/ratings/player-ratings/73246,64,52,45,58,69,64,66,62,33,52,58,55,29,55,38,28,30,65,42,28,50,64,59,70,66,47,68,70,69,69,68,72,65,66,57,12,9,11,13,7
7904,Anna Margraf,67,RM,"ST, RW",Germany,GPFBL,Carl Zeiss Jena,25,174,60,Left,2,2,,Women's Football,https://www.ea.com/games/ea-sports-fc/ratings/player-ratings/272287,65,59,61,69,58,67,68,62,70,59,65,54,54,49,69,59,62,60,59,55,71,63,56,70,70,65,64,44,68,54,41,58,71,67,62,11,12,11,13,13
7904,Manaka Matsukubo,67,ST,CAM,Japan,NWSL,NC Courage,21,155,48,Right,3,2,,Women's Football,https://www.ea.com/games/ea-sports-fc/ratings/player-ratings/277926,70,66,64,71,49,59,68,72,70,68,63,66,60,56,68,60,51,70,58,55,70,73,80,70,72,59,53,59,40,55,40,63,68,55,57,7,6,6,11,6
7904,Mallie McKenzie,67,CB,,United States,NWSL,Portland Thorns,25,175,66,Left,3,2,,Women's Football,https://www.ea.com/games/ea-sports-fc/ratings/player-ratings/71665,65,44,57,60,68,62,66,65,36,43,60,35,33,48,50,50,42,68,61,40,53,67,66,67,66,66,67,70,68,68,67,72,51,66,62,6,9,7,11,8
7904,Erin McKinney,67,GK,,United States,NWSL,Houston Dash,26,165,60,Right,2,1,,Women's Football,https://www.ea.com/games/ea-sports-fc/ratings/player-ratings/71683,65,64,68,69,25,67,25,24,7,8,51,8,9,14,24,13,14,29,16,13,5,25,43,62,14,39,6,11,5,11,10,38,23,32,24,65,64,68,67,69
7904,Maddie Mercado,67,CM,,United States,NWSL,Seattle Reign,25,173,65,Left,4,2,,Women's Football,https://www.ea.com/games/ea-sports-fc/ratings/player-ratings/71666,69,67,66,69,55,64,68,69,68,69,68,67,63,57,66,66,66,70,62,57,68,67,73,68,70,64,56,60,41,67,55,70,65,67,55,14,6,7,12,15
7904,Adrijana Mori,67,ST,LM,Slovenia,GPFBL,Turbine Potsdam,25,172,62,Right,3,2,,Women's Football,https://www.ea.com/games/ea-sports-fc/ratings/player-ratings/265127,65,67,56,66,45,65,63,67,72,70,64,68,60,53,50,65,50,60,48,40,65,66,53,63,69,66,42,69,45,42,35,74,52,72,63,7,12,6,7,15
7904,Amy Muir,67,CB,LB,Scotland,Scottish Women's League,Glasgow City FC,26,170,62,Right,2,2,,Women's Football,https://www.ea.com/games/ea-sports-fc/ratings/player-ratings/273391,62,43,55,57,69,63,61,63,32,40,55,42,30,42,42,51,41,67,60,35,51,51,57,64,66,62,66,69,71,69,66,69,61,64,60,12,6,9,12,12
7904,Lois Niënhuis,67,GK,,Holland,Nederland Vrouwen Liga,Ajax,25,168,60,Right,2,1,,Women's Football,https://www.ea.com/games/ea-sports-fc/ratings/player-ratings/278089,66,65,63,70,17,68,18,16,11,13,47,14,18,15,15,18,16,13,14,17,12,20,25,62,11,15,12,12,11,17,11,36,16,30,19,66,65,63,68,70
7904,Emőke Pápai,67,RM,RW,Hungary,GPFBL,SV Werder Bremen,22,168,62,Right,2,3,,Women's Football,https://www.ea.com/games/ea-sports-fc/ratings/player-ratings/73655,70,60,62,66,52,58,69,70,68,62,59,58,48,55,63,62,43,68,61,38,66,67,58,69,68,55,56,42,47,59,43,54,63,58,54,11,13,5,14,6
7904,Maia Perez,67,GK,,United States,NWSL,Seattle Reign,26,177,68,Left,1,1,,Women's Football,https://www.ea.com/games/ea-sports-fc/ratings/player-ratings/270384,65,67,67,68,44,66,45,42,6,7,50,7,6,22,32,8,18,30,32,14,8,38,52,64,15,18,6,8,7,13,11,54,32,52,25,65,67,67,66,68
7904,Maddie Pokorny,67,RM,"LB, RW",United States,NWSL,Rac. Louisville,29,160,56,Right,3,3,,Women's Football,https://www.ea.com/games/ea-sports-fc/ratings/player-ratings/277766,64,64,63,66,38,59,64,64,70,65,66,63,48,52,62,64,48,70,57,41,67,55,68,69,68,62,35,51,38,36,35,59,61,59,55,9,5,14,10,12
7904,Laura Pucks,67,CB,,Germany,GPFBL,SGS Essen,22,180,67,Right,2,2,,Women's Football,https://www.ea.com/games/ea-sports-fc/ratings/player-ratings/265045,46,41,58,62,67,65,39,51,49,40,50,29,40,58,61,45,29,67,63,48,60,55,51,67,68,55,64,64,71,67,65,65,51,74,61,9,13,8,7,11
7904,Pernille Sanvig,67,CM,,Denmark,GPFBL,Frankfurt,20,163,55,Right,2,2,,Women's Football,https://www.ea.com/games/ea-sports-fc/ratings/player-ratings/70811,64,62,64,65,60,65,60,67,67,65,61,60,40,60,65,65,50,67,64,43,65,52,68,68,70,60,66,45,55,67,55,58,70,65,59,10,8,8,10,13
7904,Croix Soto,67,CB,,United States,NWSL,Houston Dash,26,178,59,Right,2,2,,Women's Football,https://www.ea.com/games/ea-sports-fc/ratings/player-ratings/274818,56,43,53,57,69,63,64,50,29,40,58,38,32,58,38,49,39,67,57,30,46,65,59,69,67,62,66,66,73,70,67,69,63,64,60,7,12,7,9,5
7904,Heather Stainbrook,67,CM,,United States,NWSL,Washington Spirit,25,163,57,Right,3,2,,Women's Football,https://www.ea.com/games/ea-sports-fc/ratings/player-ratings/71562,64,60,61,68,66,60,66,62,66,67,50,61,43,50,64,46,41,71,66,45,70,64,53,67,71,65,68,63,64,68,62,65,61,56,65,10,11,13,12,13
7904,Hannah Stambaugh,67,GK,,Japan,NWSL,Angel City FC,27,175,66,Right,3,1,,Women's Football,https://www.ea.com/games/ea-sports-fc/ratings/player-ratings/70484,66,66,62,67,30,67,30,29,5,6,47,8,6,18,45,14,11,26,24,10,11,31,55,67,12,29,10,11,6,12,10,55,24,60,26,66,66,62,67,67
7904,Viktória Szabó,67,CM,LM,Hungary,Schweizer Damen Liga,FC Zürich,29,170,60,Right,3,2,,Women's Football,https://www.ea.com/games/ea-sports-fc/ratings/player-ratings/70148,63,55,61,67,55,50,64,62,67,59,49,58,35,45,66,46,40,70,67,39,68,59,66,68,70,47,69,48,40,66,50,45,64,40,57,9,10,8,14,9
7904,Danique Tolhoek,67,ST,,Holland,Nederland Vrouwen Liga,Ajax,21,167,58,Right,2,2,,Women's Football,https://www.ea.com/games/ea-sports-fc/ratings/player-ratings/277815,69,66,51,66,46,62,70,69,70,68,66,64,59,58,41,39,45,67,45,43,66,69,57,67,68,51,36,62,33,62,42,70,60,63,60,14,13,8,7,14
7904,Imane Touriss,67,RM,"ST, RW",Morocco,Arkema PL,En Avant Guingamp,21,167,58,Right,3,3,,Women's Football,https://www.ea.com/games/ea-sports-fc/ratings/player-ratings/275129,71,64,61,70,28,44,69,73,69,65,59,66,59,57,59,57,53,71,54,48,69,74,72,64,73,59,26,61,18,28,25,56,50,43,36,12,14,10,13,13
7904,Naroa,67,CB,,Spain,Liga F,Granada CF,25,168,55,Right,2,2,,Women's Football,https://www.ea.com/games/ea-sports-fc/ratings/player-ratings/272121,70,37,57,60,70,66,71,70,44,38,35,30,36,62,51,62,36,60,63,40,51,69,65,62,70,63,76,40,75,70,72,62,61,71,61,6,12,14,11,7
7904,Jonna van de Velde,67,CAM,,Holland,Nederland Vrouwen Liga,Ajax,24,167,57,Right,3,3,,Women's Football,https://www.ea.com/games/ea-sports-fc/ratings/player-ratings/275949,69,60,58,66,44,63,72,67,70,63,57,60,34,58,67,42,38,68,62,32,68,67,55,59,69,55,42,47,33,55,40,63,68,64,52,15,14,14,14,6
7904,Jella Veit,67,CB,,Germany,GPFBL,Frankfurt,21,172,60,Right,2,2,,Women's Football,https://www.ea.com/games/ea-sports-fc/ratings/player-ratings/277041,65,39,48,51,68,62,65,65,34,43,45,23,23,55,35,25,36,69,49,48,31,67,61,65,70,58,61,72,72,69,64,73,64,60,62,7,14,9,11,6
7904,Paula Vizoso,67,GK,,Spain,Liga F,Real Betis,26,171,55,Right,2,1,Far Throw,Women's Football,https://www.ea.com/games/ea-sports-fc/ratings/player-ratings/272108,70,64,65,70,39,70,33,47,10,9,49,11,7,27,29,15,19,29,22,9,10,21,30,50,20,15,13,15,15,11,10,51,20,50,19,70,64,65,70,70
7904,Olivia Wade-Katoa,67,CM,,United States,NWSL,Portland Thorns,26,173,65,Right,3,2,,Women's Football,https://www.ea.com/games/ea-sports-fc/ratings/player-ratings/71502,65,65,66,68,65,62,67,64,67,67,66,66,45,58,68,62,56,70,66,58,68,71,68,66,69,58,65,58,66,67,62,67,62,66,51,14,12,10,8,13
7904,Kennedy Wesley,67,CB,,United States,NWSL,San Diego Wave,25,165,60,Right,3,2,Long Ball Pass,Women's Football,https://www.ea.com/games/ea-sports-fc/ratings/player-ratings/71586,55,44,59,60,67,66,54,56,45,40,59,43,32,41,57,50,40,67,59,58,56,53,70,67,66,63,68,60,67,68,66,68,52,73,67,9,8,7,13,6
7904,Amanda West,67,ST,LM,Canada,NWSL,Houston Dash,25,165,58,Left,3,2,,Women's Football,https://www.ea.com/games/ea-sports-fc/ratings/player-ratings/70684,69,66,59,69,39,64,68,69,68,67,67,63,58,67,54,46,58,69,60,56,68,69,68,68,71,62,36,62,35,39,36,70,63,66,60,13,8,12,9,9
7904,Nicole Woldmann,67,RM,RW,Germany,GPFBL,Carl Zeiss Jena,23,171,60,Right,3,3,,Women's Football,https://www.ea.com/games/ea-sports-fc/ratings/player-ratings/265147,68,66,61,65,47,64,67,68,71,68,69,63,50,62,66,69,58,62,50,44,63,64,62,65,69,63,42,64,38,58,38,70,65,65,57,10,8,8,11,11
7904,Summer Yates,67,CAM,,United States,NWSL,Orlando Pride,25,163,57,Right,3,3,,Women's Football,https://www.ea.com/games/ea-sports-fc/ratings/player-ratings/273504,59,63,61,66,41,44,60,58,68,68,56,63,38,58,66,40,55,72,66,48,67,52,61,67,72,56,32,44,37,47,45,40,55,38,44,6,14,8,5,7
7904,Patri Zugasti,67,ST,,Spain,Liga F,Athletic Club,25,165,63,Right,3,3,,Women's Football,https://www.ea.com/games/ea-sports-fc/ratings/player-ratings/276445,61,71,64,67,32,65,58,64,69,75,66,74,59,64,61,60,69,70,59,69,66,61,61,55,72,66,31,58,25,31,30,65,67,69,51,9,14,6,11,7
8960,Emeri Adames,66,RW,"LW, ST, RM",United States,NWSL,Seattle Reign,20,165,57,Left,3,3,,Women's Football,https://www.ea.com/games/ea-sports-fc/ratings/player-ratings/71610,68,64,61,66,34,47,67,69,65,66,68,62,65,43,60,62,42,68,54,58,67,65,62,61,68,53,34,53,28,35,32,54,34,49,56,7,11,14,12,15
8960,Amy Anderson,66,CM,,Scotland,Scottish Women's League,Glasgow City FC,28,162,57,Right,3,2,,Women's Football,https://www.ea.com/games/ea-sports-fc/ratings/player-ratings/74024,68,60,61,65,56,58,68,68,64,60,66,57,54,52,60,48,44,73,65,40,64,67,57,67,67,65,66,50,42,68,48,62,62,62,44,7,12,14,7,13
8960,Brooke Aspin,66,CB,,England,Barclays WSL,Crystal Palace,20,175,66,Right,3,2,Long Ball Pass,Women's Football,https://www.ea.com/games/ea-sports-fc/ratings/player-ratings/275457,53,34,50,50,66,68,52,54,18,35,38,35,23,41,35,34,38,68,59,36,45,45,39,59,59,51,64,68,65,68,61,73,54,77,63,9,14,13,5,14
8960,Alina Axtmann,66,RB,,Germany,GPFBL,SC Freiburg,20,167,59,Right,2,2,,Women's Football,https://www.ea.com/games/ea-sports-fc/ratings/player-ratings/266404,57,49,58,56,67,50,55,59,42,49,64,39,52,40,36,69,21,71,58,47,52,41,36,62,69,61,60,67,70,69,67,59,51,50,48,9,14,8,13,7
8960,Sophie Baggaley,66,GK,,England,Barclays WSL,Brighton,29,167,65,Right,3,1,Far Reach,Women's Football,https://www.ea.com/games/ea-sports-fc/ratings/player-ratings/265279,68,63,74,64,44,62,46,41,8,7,56,15,14,21,47,16,13,30,31,17,19,46,59,64,20,30,18,8,11,16,18,60,20,63,29,68,63,74,62,64
8960,Jette Behrens,66,CM,,Germany,GPFBL,SV Werder Bremen,20,173,60,Left,2,2,,Women's Football,https://www.ea.com/games/ea-sports-fc/ratings/player-ratings/277268,62,59,59,66,56,61,64,61,71,62,59,56,39,60,68,36,50,69,63,39,65,66,61,69,70,60,59,49,47,65,54,59,65,61,58,7,7,6,8,10
8960,Sofia Cava Marin,66,CB,,Germany,GPFBL,Leverkusen,21,173,60,Right,2,2,,Women's Football,https://www.ea.com/games/ea-sports-fc/ratings/player-ratings/277265,57,47,47,57,68,61,61,53,29,48,55,42,32,59,38,32,40,65,40,42,48,63,60,71,64,58,68,66,70,67,68,68,58,63,60,7,7,10,10,6
8960,Shannon Cooke,66,CB,,England,Barclays WSL,West Ham,26,175,68,Right,3,2,Long Ball Pass,Women's Football,https://www.ea.com/games/ea-sports-fc/ratings/player-ratings/273919,65,52,53,55,66,69,71,60,29,48,57,62,31,66,31,34,59,71,71,25,52,52,45,60,61,65,62,72,71,64,61,83,64,73,61,11,14,5,10,9
8960,Jo-Anne Cronquist,66,CB,,Sweden,Sverige Liga,FC Rosengård,21,172,63,Right,3,2,,Women's Football,https://www.ea.com/games/ea-sports-fc/ratings/player-ratings/276238,60,32,50,55,68,62,59,60,27,26,44,35,25,45,37,30,48,70,57,31,49,60,59,69,61,46,69,67,68,69,63,67,66,61,56,5,7,10,6,6
8960,Ángeles,66,ST,,Spain,Liga F,RCD Espanyol,27,170,63,Right,2,2,,Women's Football,https://www.ea.com/games/ea-sports-fc/ratings/player-ratings/275782,73,60,57,68,45,66,72,74,71,63,61,55,45,61,55,41,42,72,54,41,66,62,71,72,71,66,48,59,34,51,41,74,64,72,50,14,5,6,14,14
8960,Anouk Denton,66,RB,,England,Barclays WSL,West Ham,23,163,55,Right,4,2,Long Throw,Women's Football,https://www.ea.com/games/ea-sports-fc/ratings/player-ratings/273687,71,43,56,57,65,63,72,71,39,31,59,60,26,38,35,56,58,65,60,59,54,61,68,62,57,54,66,54,61,71,64,67,62,63,61,7,13,12,14,7
8960,Cheza,66,GK,,Spain,Liga F,C. Adeje Tenerife,24,174,60,Right,2,1,,Women's Football,https://www.ea.com/games/ea-sports-fc/ratings/player-ratings/71503,62,59,62,72,24,71,23,25,10,10,47,11,12,21,31,22,19,28,31,15,14,32,61,61,21,23,12,15,10,15,14,41,30,41,18,62,59,62,71,72
8960,Martina Fernández,66,CB,,Spain,Liga F,FC Barcelona,21,168,58,Right,2,2,,Women's Football,https://www.ea.com/games/ea-sports-fc/ratings/player-ratings/268947,63,46,59,59,67,61,64,63,45,45,61,34,31,61,52,58,35,66,62,49,51,69,58,66,67,59,62,65,67,70,68,66,62,57,68,14,6,8,7,15
8960,Noelia Gil,66,GK,,Spain,Liga F,Real Betis,32,171,62,Right,2,1,,Women's Football,https://www.ea.com/games/ea-sports-fc/ratings/player-ratings/272198,70,58,60,70,29,65,30,28,6,9,45,5,6,12,22,11,11,15,15,10,9,25,30,65,20,15,12,7,12,10,24,48,30,50,18,70,58,60,65,70
8960,Ana María Guzmán,66,LB,,Colombia,GPFBL,FC Bayern München,20,162,53,Right,3,2,,Women's Football,https://www.ea.com/games/ea-sports-fc/ratings/player-ratings/276441,65,47,56,65,62,63,66,65,58,46,51,41,40,52,40,66,46,68,45,42,63,64,65,66,72,50,61,52,66,63,62,63,63,64,61,9,7,9,8,5
8960,Jyllissa Harris,66,CB,,United States,NWSL,Houston Dash,26,173,61,Right,2,2,,Women's Football,https://www.ea.com/games/ea-sports-fc/ratings/player-ratings/273487,53,39,50,55,69,60,49,56,33,36,50,38,29,41,36,41,33,64,56,47,55,32,54,64,61,53,65,67,70,70,68,64,50,65,59,5,7,8,14,9
8960,Shae Holmes,66,CB,LB,United States,NWSL,Seattle Reign,26,173,62,Left,3,2,,Women's Football,https://www.ea.com/games/ea-sports-fc/ratings/player-ratings/273484,32,37,51,60,68,59,32,32,43,37,39,37,32,34,34,43,32,66,58,46,59,33,72,64,67,59,69,67,66,70,68,59,41,66,63,10,15,14,7,6
8960,Monika Ibishaj,66,LM,LW,Switzerland,Schweizer Damen Liga,FC Zürich,20,170,63,Left,3,3,,Women's Football,https://www.ea.com/games/ea-sports-fc/ratings/player-ratings/277709,66,55,64,66,42,62,64,67,60,57,60,51,39,50,66,63,34,70,67,40,68,64,66,62,67,50,42,43,36,48,40,56,67,65,51,15,14,14,13,5
8960,Toma Ihlenburg,66,CB,CM,Germany,GPFBL,Carl Zeiss Jena,23,167,58,Right,2,2,,Women's Football,https://www.ea.com/games/ea-sports-fc/ratings/player-ratings/272283,51,39,53,51,68,63,30,69,39,33,59,33,19,58,44,37,28,72,60,20,36,62,56,59,68,49,62,66,72,70,64,57,60,62,69,10,12,12,5,6
8960,Jasmin Janning,66,GK,,Germany,GPFBL,Carl Zeiss Jena,21,173,61,Right,2,1,,Women's Football,https://www.ea.com/games/ea-sports-fc/ratings/player-ratings/72562,65,64,62,67,19,63,20,17,11,15,47,11,16,16,33,11,14,16,18,18,12,20,28,68,11,15,12,13,11,13,15,36,15,30,19,65,64,62,63,67
8960,Emely Joester,66,CM,,Germany,GPFBL,SGS Essen,22,165,55,Right,2,2,,Women's Football,https://www.ea.com/games/ea-sports-fc/ratings/player-ratings/274662,67,59,59,68,50,55,69,65,72,62,56,59,31,55,65,39,46,69,64,39,67,68,66,70,69,61,66,40,29,63,48,52,54,55,58,6,12,12,7,12
8960,Nicole Kozlova,66,CAM,,Ukraine,Scottish Women's League,Glasgow City FC,25,165,58,Right,3,3,,Women's Football,https://www.ea.com/games/ea-sports-fc/ratings/player-ratings/74030,61,65,63,68,45,64,63,60,70,66,64,63,60,59,63,60,58,68,59,59,67,64,68,67,70,65,46,65,39,44,41,69,62,64,67,7,15,6,5,7
8960,Esther Laborde,66,RB,CB,Spain,Liga F,Madrid CFF,22,160,52,Right,2,3,,Women's Football,https://www.ea.com/games/ea-sports-fc/ratings/player-ratings/268949,75,44,65,57,61,64,74,75,43,42,58,35,33,62,59,61,48,72,67,58,48,68,56,68,65,58,53,59,66,60,64,67,65,57,79,14,14,5,15,12
8960,Abbie Larkin,66,LW,LM,Republic of Ireland,Barclays WSL,Crystal Palace,21,167,57,Right,3,3,,Women's Football,https://www.ea.com/games/ea-sports-fc/ratings/player-ratings/273378,69,56,60,65,49,49,72,67,72,58,58,51,42,48,60,69,34,67,44,45,64,68,57,68,69,48,50,39,53,50,46,51,45,50,49,5,6,5,7,14
8960,Danielle Marcano,66,RM,RW,United States,Arkema PL,FC Nantes,28,170,58,Right,3,3,,Women's Football,https://www.ea.com/games/ea-sports-fc/ratings/player-ratings/73980,66,50,61,65,24,45,67,65,64,59,50,32,35,46,63,63,34,66,59,44,65,58,70,71,67,49,21,30,26,22,21,36,68,33,47,9,13,8,9,6
8960,Courtney Nevin,66,LB,CB,Australia,Barclays WSL,Leicester City,24,165,59,Left,3,2,Long Ball Pass,Women's Football,https://www.ea.com/games/ea-sports-fc/ratings/player-ratings/262867,67,47,62,58,65,63,73,62,46,41,58,59,24,32,41,62,62,71,70,61,51,73,81,56,58,60,66,64,62,67,62,72,65,61,61,9,11,13,12,7
8960,Nicole Ojukwu,66,LM,LW,Austria,GPFBL,SC Freiburg,20,163,55,Right,2,3,,Women's Football,https://www.ea.com/games/ea-sports-fc/ratings/player-ratings/73026,69,62,61,64,41,61,68,70,70,63,61,60,55,57,63,63,47,65,59,42,64,66,57,64,64,58,31,38,30,60,40,55,62,62,58,8,10,7,10,15
8960,Karoline Olesen,66,CM,,Denmark,Barclays WSL,Everton,21,165,52,Right,3,2,,Women's Football,https://www.ea.com/games/ea-sports-fc/ratings/player-ratings/277793,63,61,64,63,52,57,71,56,67,66,55,60,48,51,65,56,54,69,66,52,64,63,74,65,62,49,67,54,33,64,43,63,70,56,41,12,11,6,11,12
8960,Alba Pérez,66,RB,,Spain,Liga F,Granada CF,25,170,62,Right,2,2,,Women's Football,https://www.ea.com/games/ea-sports-fc/ratings/player-ratings/275765,64,42,60,60,65,56,67,62,41,38,55,40,34,50,51,66,40,64,66,50,58,53,61,61,66,61,70,50,64,68,60,60,61,58,44,9,6,6,9,12
8960,Noel Rammie,66,ST,,United States,Scottish Women's League,Glasgow City FC,25,152,51,Right,3,2,,Women's Football,https://www.ea.com/games/ea-sports-fc/ratings/player-ratings/74046,70,67,59,66,23,62,68,71,68,70,66,64,57,63,64,53,54,65,48,55,68,63,72,59,67,58,22,54,13,24,17,66,67,70,35,11,12,7,10,6
8960,Marina Rivas,66,CM,,Spain,Liga F,Madrid CFF,20,160,52,Right,3,3,,Women's Football,https://www.ea.com/games/ea-sports-fc/ratings/player-ratings/272077,56,61,65,67,51,52,59,53,62,60,63,62,54,54,66,52,62,72,66,68,66,71,72,62,70,54,58,51,36,60,52,50,65,46,51,7,9,13,12,10
8960,Mia Schmid,66,CB,,Switzerland,GPFBL,Turbine Potsdam,21,172,60,Right,2,2,,Women's Football,https://www.ea.com/games/ea-sports-fc/ratings/player-ratings/72447,51,57,48,64,71,52,53,50,32,59,61,58,31,63,36,31,33,69,51,29,68,38,55,70,69,51,69,67,73,71,68,56,53,47,60,6,6,13,11,14
8960,Lilith Schmidt,66,CM,,Germany,GPFBL,1. FC Köln,19,160,55,Right,2,2,,Women's Football,https://www.ea.com/games/ea-sports-fc/ratings/player-ratings/271846,62,62,60,62,56,60,62,62,69,63,63,60,54,55,66,41,44,68,62,58,65,40,37,68,67,59,70,46,46,62,48,55,72,57,53,10,14,14,7,12
8960,Kimberley Smit,66,CB,,Holland,Scottish Women's League,Glasgow City FC,26,178,67,Right,3,2,,Women's Football,https://www.ea.com/games/ea-sports-fc/ratings/player-ratings/74027,63,45,59,59,68,64,61,64,40,44,54,41,39,51,55,53,45,68,61,41,56,63,57,65,61,68,69,67,68,68,66,69,65,64,60,9,13,5,15,7
8960,Iris Stiekema,66,CM,,Holland,Nederland Vrouwen Liga,Ajax,24,170,60,Right,3,2,,Women's Football,https://www.ea.com/games/ea-sports-fc/ratings/player-ratings/275947,64,57,58,65,52,63,65,63,70,60,53,57,32,55,65,36,35,70,64,30,64,66,59,70,66,58,63,44,42,60,48,56,69,65,54,11,9,11,13,10
8960,Chinaza Uchendu,66,ST,"CM, CAM",Nigeria,Arkema PL,FC Nantes,28,172,64,Right,3,3,,Women's Football,https://www.ea.com/games/ea-sports-fc/ratings/player-ratings/246638,69,65,59,64,36,60,70,68,67,65,66,62,61,70,55,43,65,68,61,62,62,69,69,66,64,64,44,69,12,41,42,73,71,67,25,5,9,6,8,11
8960,María Valle,66,CB,,Spain,Liga F,Real Sociedad,21,170,55,Right,2,2,,Women's Football,https://www.ea.com/games/ea-sports-fc/ratings/player-ratings/272034,66,41,60,65,65,65,66,66,45,40,45,40,41,40,45,50,40,75,69,50,60,71,64,60,70,69,60,59,60,72,70,67,59,66,70,12,12,14,14,8
8960,Regina van Eijk,66,GK,,Holland,Nederland Vrouwen Liga,Ajax,24,174,61,Right,2,1,,Women's Football,https://www.ea.com/games/ea-sports-fc/ratings/player-ratings/275968,67,63,59,66,22,70,23,21,11,12,44,13,11,19,21,17,12,16,14,15,13,22,25,60,14,19,15,12,13,11,14,37,26,30,14,67,63,59,70,66
8960,Emily Whelan,66,ST,RM,Republic of Ireland,Scottish Women's League,Glasgow City FC,23,163,58,Right,3,2,,Women's Football,https://www.ea.com/games/ea-sports-fc/ratings/player-ratings/265203,63,66,56,65,51,60,64,63,68,71,62,60,58,59,50,54,48,66,48,42,63,54,59,68,72,61,50,58,43,58,50,64,60,60,59,13,7,5,13,8
8960,Lily Yohannes,66,CM,,United States,Nederland Vrouwen Liga,Ajax,18,174,59,Right,2,2,,Women's Football,https://www.ea.com/games/ea-sports-fc/ratings/player-ratings/277951,69,57,59,69,56,59,69,69,62,61,50,59,39,50,65,42,49,68,62,41,71,66,57,70,72,52,66,49,49,62,50,58,66,56,56,8,7,12,10,12
10049,Hildur Antonsdóttir,65,CM,,Iceland,Liga F,Madrid CFF,30,165,62,Right,3,3,,Women's Football,https://www.ea.com/games/ea-sports-fc/ratings/player-ratings/277544,63,60,61,66,58,62,64,63,66,61,62,58,43,59,63,49,56,69,62,53,68,54,50,62,69,69,61,65,45,66,57,70,55,68,54,6,10,12,12,6
10049,Hannah Cain,65,LM,"ST, RM, LW",Wales,Barclays WSL,Leicester City,27,164,57,Right,3,3,,Women's Football,https://www.ea.com/games/ea-sports-fc/ratings/player-ratings/265224,71,61,61,66,36,56,72,70,64,61,59,66,60,55,64,67,63,61,46,62,67,64,59,60,67,58,35,51,33,38,30,63,54,58,53,9,14,14,8,5
10049,Beatriz Cameirão,65,CM,,Portugal,Liga Portugal Feminino,SL Benfica,25,165,58,Right,2,2,,Women's Football,https://www.ea.com/games/ea-sports-fc/ratings/player-ratings/73230,68,61,60,66,56,63,68,68,70,64,59,59,37,60,62,47,56,69,58,43,66,66,59,69,68,58,63,49,44,68,46,60,68,63,59,5,11,13,13,11
10049,Alessia Capelletti,65,GK,,Italy,Calcio A Femminile,Juventus,27,168,56,Right,2,1,,Women's Football,https://www.ea.com/games/ea-sports-fc/ratings/player-ratings/72950,63,66,65,66,27,68,29,24,5,5,49,7,6,11,24,9,11,22,23,10,5,24,50,49,15,26,9,12,6,12,10,38,20,30,24,63,66,65,68,66
10049,Mia Enderby,65,ST,,England,Barclays WSL,Liverpool,21,166,60,Right,3,3,,Women's Football,https://www.ea.com/games/ea-sports-fc/ratings/player-ratings/276722,75,64,51,67,21,61,74,75,63,68,59,60,58,64,62,28,56,63,39,37,66,69,68,59,69,58,16,60,17,17,14,73,61,65,46,9,9,13,9,12
10049,Kennedy Fuller,65,CAM,CM,United States,NWSL,Angel City FC,19,165,60,Left,4,3,,Women's Football,https://www.ea.com/games/ea-sports-fc/ratings/player-ratings/71583,60,61,64,67,64,65,59,61,66,60,68,59,57,57,61,61,60,70,60,56,68,54,69,63,72,57,63,59,64,66,62,66,65,69,57,12,10,13,14,6
10049,Fiona Gaisser,65,ST,CAM,Germany,GPFBL,Carl Zeiss Jena,21,174,62,Right,2,2,,Women's Football,https://www.ea.com/games/ea-sports-fc/ratings/player-ratings/73022,71,62,45,66,46,59,69,72,69,66,59,60,49,60,42,29,45,60,38,32,66,68,60,68,68,59,45,63,40,53,30,69,62,60,49,14,7,11,13,11
10049,Laura Kiontke,65,GK,,Germany,GPFBL,Carl Zeiss Jena,36,169,60,Right,2,1,,Women's Football,https://www.ea.com/games/ea-sports-fc/ratings/player-ratings/265143,66,64,63,63,15,65,15,16,12,12,47,13,14,11,15,15,12,17,16,13,11,20,29,63,10,15,11,18,15,14,15,36,15,30,13,66,64,63,65,63
10049,Sophia Martin,65,ST,,Scotland,Scottish Women's League,Glasgow City FC,19,170,63,Left,3,2,,Women's Football,https://www.ea.com/games/ea-sports-fc/ratings/player-ratings/278163,62,65,55,66,49,62,62,62,67,69,63,60,56,58,50,56,47,64,46,41,66,60,60,67,71,57,47,59,41,56,45,65,65,62,58,9,8,10,12,8
10049,Landy Mertz,65,CM,,United States,NWSL,NC Courage,25,163,58,Right,3,2,,Women's Football,https://www.ea.com/games/ea-sports-fc/ratings/player-ratings/71609,62,62,64,66,57,52,60,63,66,65,60,63,40,54,66,60,53,67,65,56,66,61,66,66,68,57,64,46,56,59,52,50,59,51,46,10,13,15,10,11
10049,Julia Mickenhagen,65,ST,,Germany,GPFBL,Leverkusen,21,168,57,Right,2,2,,Women's Football,https://www.ea.com/games/ea-sports-fc/ratings/player-ratings/279695,66,65,58,66,53,55,60,70,70,69,64,59,50,63,49,59,53,65,57,46,65,64,66,67,68,60,49,63,45,61,50,60,61,52,55,8,12,12,9,8
10049,Tamara Morávková,65,LM,LW,Slovakia,Ceska Liga Žen,Slavia Praha,23,165,56,Right,3,3,,Women's Football,https://www.ea.com/games/ea-sports-fc/ratings/player-ratings/275822,67,64,60,66,43,63,66,67,64,64,65,69,40,58,55,57,60,65,60,56,67,58,65,62,69,61,23,56,33,60,52,68,61,70,45,8,14,7,9,5
10049,Makenna Morris,65,CM,,United States,NWSL,Washington Spirit,24,165,58,Right,4,2,,Women's Football,https://www.ea.com/games/ea-sports-fc/ratings/player-ratings/279908,66,62,62,65,56,54,67,65,66,64,64,60,53,52,66,51,52,68,66,50,66,66,73,68,64,58,65,64,50,55,51,63,59,52,50,6,13,8,6,5
10049,Emily Orman,65,GK,,England,Barclays WSL,Chelsea,23,182,70,Right,2,1,,Women's Football,https://www.ea.com/games/ea-sports-fc/ratings/player-ratings/270406,66,63,61,65,43,64,43,43,11,7,46,8,7,19,50,9,12,15,16,10,8,44,41,60,11,59,10,9,12,11,8,61,31,69,19,66,63,61,64,65
10049,Samara Ortiz,65,LB,RB,Spain,Liga F,RC Deportivo,28,159,50,Right,2,2,,Women's Football,https://www.ea.com/games/ea-sports-fc/ratings/player-ratings/72215,64,37,61,51,63,54,62,65,49,35,38,37,37,42,49,59,41,72,63,51,41,60,61,65,58,65,68,55,62,65,59,57,62,51,51,7,9,15,8,11
10049,Malena Ortiz,65,CM,,Spain,Liga F,Valencia CF,28,159,50,Right,3,2,,Women's Football,https://www.ea.com/games/ea-sports-fc/ratings/player-ratings/73521,53,54,66,63,60,44,55,51,61,55,61,51,41,42,61,60,51,75,72,42,60,54,54,61,70,70,55,61,52,71,60,48,52,34,60,6,12,14,14,8
10049,Wassilah Pacaud,65,CM,CAM,France,Arkema PL,En Avant Guingamp,20,172,61,Right,3,3,,Women's Football,https://www.ea.com/games/ea-sports-fc/ratings/player-ratings/272506,64,57,60,66,54,63,66,62,65,57,60,58,47,48,57,43,44,72,68,54,68,62,56,59,70,49,56,51,43,66,52,64,55,70,57,14,14,5,13,10
10049,Clara Rodríguez,65,LB,,Spain,Liga F,Granada CF,23,166,60,Left,2,2,,Women's Football,https://www.ea.com/games/ea-sports-fc/ratings/player-ratings/72223,57,34,51,47,66,63,55,59,35,34,41,30,35,29,35,49,35,65,50,38,33,51,51,61,62,61,65,60,61,72,66,63,71,60,62,12,11,7,11,9
10049,Alara Sehitler,65,CM,CAM,Germany,GPFBL,FC Bayern München,19,173,60,Left,3,3,,Women's Football,https://www.ea.com/games/ea-sports-fc/ratings/player-ratings/277039,66,67,65,68,57,59,65,66,67,70,68,68,39,67,62,65,68,68,63,62,68,66,58,63,72,62,62,40,55,62,53,56,52,67,46,12,5,15,12,9
10049,Bea Sprung,65,RM,"CM, RW",Sweden,Sverige Liga,FC Rosengård,21,170,57,Right,3,3,,Women's Football,https://www.ea.com/games/ea-sports-fc/ratings/player-ratings/275914,66,58,60,64,43,57,68,64,58,65,53,52,45,47,56,58,42,69,57,49,65,54,68,62,70,45,40,41,40,49,39,56,63,63,33,13,10,8,13,9
10049,Kate Taylor,65,CB,RB,New Zealand,Arkema PL,Dijon FCO,22,178,62,Right,2,2,,Women's Football,https://www.ea.com/games/ea-sports-fc/ratings/player-ratings/273258,67,36,47,52,67,60,68,66,42,31,51,32,33,41,41,39,33,61,40,31,41,61,59,66,61,61,66,62,69,70,62,68,59,61,55,9,9,7,6,10
10049,Miriaél Taylor,65,RM,"ST, CAM, RW",England,Barclays WSL,Aston Villa,26,170,68,Right,3,3,,Women's Football,https://www.ea.com/games/ea-sports-fc/ratings/player-ratings/267374,50,69,62,69,45,69,65,38,69,66,71,76,68,63,60,53,69,68,59,62,69,70,61,67,72,58,35,68,29,60,47,80,60,84,42,9,7,7,9,8
10049,Annaëlle Tchakounté,65,LB,,France,Arkema PL,Strasbourg,22,174,65,Right,3,3,,Women's Football,https://www.ea.com/games/ea-sports-fc/ratings/player-ratings/265005,65,48,58,64,64,65,63,67,43,47,55,45,43,52,51,59,49,66,53,58,63,65,61,66,67,62,65,55,64,68,62,70,52,75,56,7,6,9,6,8
10049,Manssita Traoré,65,ST,RW,France,Arkema PL,Paris SG,22,163,57,Right,3,3,,Women's Football,https://www.ea.com/games/ea-sports-fc/ratings/player-ratings/272607,81,62,51,74,47,54,79,83,68,64,58,62,59,57,49,43,51,57,48,48,76,74,69,63,74,65,49,53,45,48,40,69,52,61,35,10,9,13,14,13
10049,Matilda Vinberg,65,CM,,Sweden,Barclays WSL,Spurs,23,170,60,Right,3,2,,Women's Football,https://www.ea.com/games/ea-sports-fc/ratings/player-ratings/279885,62,66,62,63,57,65,67,57,70,69,70,64,49,45,59,56,60,67,63,52,63,59,70,68,65,55,65,51,52,60,56,64,69,68,53,11,14,13,6,9
10049,Clara Wibaut,65,GK,,France,Arkema PL,Stade de Reims,21,172,60,Right,2,1,,Women's Football,https://www.ea.com/games/ea-sports-fc/ratings/player-ratings/271898,67,66,63,67,39,60,41,35,7,8,47,8,8,13,38,15,12,22,21,15,9,37,45,58,12,23,13,13,10,11,12,44,27,37,21,67,66,63,60,67
10049,Natalia Wróbel,65,CM,,Poland,Scottish Women's League,Glasgow City FC,22,168,60,Left,3,2,,Women's Football,https://www.ea.com/games/ea-sports-fc/ratings/player-ratings/74021,67,59,60,65,55,57,68,67,65,58,62,58,54,50,63,51,42,68,63,41,64,68,59,62,68,67,65,49,40,68,45,60,60,61,41,8,7,6,9,11
10049,Yasmine Zouhir,65,ST,,Morocco,Liga F,Real Betis,20,168,55,Right,3,2,,Women's Football,https://www.ea.com/games/ea-sports-fc/ratings/player-ratings/74025,80,63,50,67,22,58,81,80,66,65,60,62,58,59,50,34,40,60,57,37,67,75,57,56,70,45,20,60,15,18,17,76,59,62,40,8,9,13,10,9
11128,Emma Bissell,64,CM,CAM,England,Barclays WSL,Everton,24,170,64,Right,3,3,,Women's Football,https://www.ea.com/games/ea-sports-fc/ratings/player-ratings/277367,65,63,56,66,56,61,64,65,63,66,56,68,50,61,62,38,45,65,62,32,68,62,55,64,68,59,61,66,42,65,51,70,59,67,47,13,10,14,12,12
11128,Milly Clegg,64,ST,,New Zealand,NWSL,Rac. Louisville,20,174,65,Right,3,2,,Women's Football,https://www.ea.com/games/ea-sports-fc/ratings/player-ratings/276275,67,66,55,64,36,52,66,67,65,68,67,64,56,60,50,53,46,62,55,47,67,60,65,56,65,54,32,61,33,35,26,67,52,60,30,15,12,13,10,9
11128,Emily Dolan,64,GK,,United States,Arkema PL,FC Nantes,31,165,60,Right,2,1,,Women's Football,https://www.ea.com/games/ea-sports-fc/ratings/player-ratings/72342,61,60,68,60,32,69,32,31,15,10,51,12,15,15,52,17,16,24,20,15,15,35,51,62,20,50,17,25,15,25,20,54,25,52,20,61,60,68,69,60
11128,Noelia García,64,GK,,Spain,Liga F,SD Eibar,33,165,60,Right,2,1,,Women's Football,https://www.ea.com/games/ea-sports-fc/ratings/player-ratings/275573,60,62,62,69,34,64,31,38,7,9,47,10,11,14,34,15,13,17,17,12,12,22,31,60,18,16,11,18,10,16,20,41,21,32,18,60,62,62,64,69
11128,Halle Houssein,64,CAM,,England,Barclays WSL,West Ham,21,161,58,Right,3,3,,Women's Football,https://www.ea.com/games/ea-sports-fc/ratings/player-ratings/266600,74,58,59,68,43,55,71,77,65,59,58,56,57,47,61,59,34,64,57,55,67,75,77,59,68,58,39,44,36,51,45,56,46,59,56,7,11,8,5,11
11128,Sofia Määttä,64,CM,,Finland,Scottish Women's League,Glasgow City FC,21,163,57,Right,3,2,,Women's Football,https://www.ea.com/games/ea-sports-fc/ratings/player-ratings/74017,66,59,59,65,54,55,67,66,66,59,62,57,55,49,64,49,41,67,62,40,65,68,58,60,67,68,64,48,38,67,44,57,60,58,40,8,5,6,11,10
11128,Ruby Mace,64,CB,CM,England,Barclays WSL,Leicester City,22,168,65,Right,3,2,,Women's Football,https://www.ea.com/games/ea-sports-fc/ratings/player-ratings/265342,33,40,54,53,64,68,34,32,48,27,63,41,35,52,45,53,48,63,52,50,51,33,34,61,62,63,69,48,67,64,63,57,52,80,61,15,6,6,14,11
11128,Nazareth Martin,64,LB,,Spain,Liga F,Sevilla FC,22,180,65,Right,2,2,,Women's Football,https://www.ea.com/games/ea-sports-fc/ratings/player-ratings/272060,61,40,61,63,62,75,62,61,51,30,62,40,37,38,52,60,35,70,60,59,60,72,55,60,65,61,63,40,72,60,59,63,65,82,71,7,5,11,8,10
11128,Molly McLaughlin,64,CDM,,United States,Ceska Liga Žen,Slavia Praha,25,170,60,Right,3,3,,Women's Football,https://www.ea.com/games/ea-sports-fc/ratings/player-ratings/274770,66,55,59,63,64,63,67,65,48,59,47,60,36,63,58,45,56,67,61,52,62,58,65,57,68,61,63,65,63,66,60,70,58,64,63,5,7,13,13,7
11128,Avery Patterson,64,RM,"LM, RW",United States,NWSL,Houston Dash,23,168,60,Left,3,2,,Women's Football,https://www.ea.com/games/ea-sports-fc/ratings/player-ratings/279811,59,63,60,66,39,61,53,63,66,62,66,67,55,52,60,57,51,67,52,50,67,57,67,66,69,51,34,59,35,41,37,62,66,63,50,14,13,10,7,10
11128,Paulina Platner,64,CM,,Germany,GPFBL,SGS Essen,20,167,58,Right,2,2,,Women's Football,https://www.ea.com/games/ea-sports-fc/ratings/player-ratings/73017,67,62,55,65,57,59,65,68,67,67,59,60,40,59,64,38,42,63,60,38,66,64,55,64,67,58,59,40,58,60,55,51,64,58,55,7,6,14,11,13
11128,Kristýna Růžičková,64,LM,"RM, ST, LW",Czech Republic,Ceska Liga Žen,Slavia Praha,23,172,64,Right,3,3,,Women's Football,https://www.ea.com/games/ea-sports-fc/ratings/player-ratings/275823,65,58,59,64,56,64,64,65,65,61,56,58,30,51,60,48,43,67,63,37,65,48,53,64,69,58,53,64,45,64,59,70,57,69,60,8,9,13,12,13
11128,Marie Steiner,64,ST,,Germany,GPFBL,TSG Hoffenheim,20,155,52,Right,2,3,,Women's Football,https://www.ea.com/games/ea-sports-fc/ratings/player-ratings/274850,71,62,52,66,51,46,71,71,69,64,59,60,55,57,49,47,40,65,40,38,65,67,72,69,68,59,48,60,45,60,40,57,45,41,55,10,7,5,7,11
11128,Lucy Watson,64,LM,"RM, ST, LW",England,Barclays WSL,Chelsea,22,167,59,Left,3,3,,Women's Football,https://www.ea.com/games/ea-sports-fc/ratings/player-ratings/270664,68,67,58,65,28,64,64,71,69,72,65,60,61,60,60,60,52,63,39,69,66,68,56,58,65,58,23,36,33,26,25,55,62,69,56,14,9,12,8,12
11128,Luise Wildner,64,RB,,Germany,GPFBL,Carl Zeiss Jena,23,166,57,Right,2,2,,Women's Football,https://www.ea.com/games/ea-sports-fc/ratings/player-ratings/72584,58,49,51,60,63,45,58,58,45,49,55,45,38,55,33,62,49,62,40,40,59,57,67,67,64,44,61,60,66,65,57,48,62,33,53,10,13,5,14,15
12144,Oriana Altuve,63,ST,,Venezuela,Liga F,RC Deportivo,33,159,52,Right,2,2,,Women's Football,https://www.ea.com/games/ea-sports-fc/ratings/player-ratings/272102,52,66,58,63,42,67,50,54,65,69,60,70,50,70,63,45,55,62,60,63,59,63,56,60,70,60,45,55,36,44,35,61,61,69,70,11,6,13,10,6
12144,Emilie Bernhardt,63,CB,,Germany,GPFBL,Turbine Potsdam,24,169,59,Right,2,2,,Women's Football,https://www.ea.com/games/ea-sports-fc/ratings/player-ratings/265108,48,46,58,61,67,49,49,48,39,49,40,50,23,55,59,43,41,68,66,34,60,46,63,67,68,59,66,58,72,67,61,50,40,48,63,8,6,7,6,8
12144,Aude Bizet,63,CB,,France,Arkema PL,FC Fleury 91,20,175,68,Right,3,2,,Women's Football,https://www.ea.com/games/ea-sports-fc/ratings/player-ratings/270966,34,36,46,52,61,69,33,34,35,29,57,30,33,34,41,33,30,59,45,45,49,42,55,57,59,48,55,69,58,66,59,69,51,82,59,8,12,12,7,6
12144,Delice Boboy,63,ST,,Germany,GPFBL,Leverkusen,19,169,57,Right,2,2,,Women's Football,https://www.ea.com/games/ea-sports-fc/ratings/player-ratings/277263,71,59,50,64,42,60,70,71,70,61,56,57,48,56,49,43,40,61,42,42,65,67,58,63,63,61,32,60,30,58,35,69,59,62,55,9,6,6,10,8
12144,Judith Coquet,63,CM,CAM,France,Arkema PL,Montpellier,22,160,53,Right,3,3,,Women's Football,https://www.ea.com/games/ea-sports-fc/ratings/player-ratings/277349,67,58,60,65,52,56,71,64,58,63,48,59,48,55,63,52,48,65,58,53,65,73,71,66,64,55,63,52,38,61,42,59,64,51,57,7,8,12,14,9
12144,Evelina Duljan,63,RB,"LB, CDM",Sweden,NWSL,Orlando Pride,23,160,57,Right,3,2,,Women's Football,https://www.ea.com/games/ea-sports-fc/ratings/player-ratings/271403,70,59,60,60,59,64,69,71,54,58,62,62,45,60,58,65,56,59,59,65,53,70,69,57,66,59,58,51,58,61,61,64,61,65,66,9,11,13,10,13
12144,Tara Elimbi Gilbert,63,LB,LW,France,Arkema PL,Paris SG,20,162,55,Left,2,3,,Women's Football,https://www.ea.com/games/ea-sports-fc/ratings/player-ratings/278225,66,39,56,66,58,47,69,63,47,39,42,35,29,39,42,59,27,69,53,55,63,76,74,55,69,58,59,55,54,59,66,52,53,42,49,9,14,10,12,7
12144,Lauren Flynn,63,CB,,United States,NWSL,Utah Royals FC,24,167,62,Right,2,2,,Women's Football,https://www.ea.com/games/ea-sports-fc/ratings/player-ratings/71613,45,39,52,64,63,59,52,40,35,32,52,42,33,39,43,41,30,65,59,44,65,51,70,61,67,63,63,64,66,62,58,65,38,67,66,5,13,12,11,7
12144,Missy Goodwin,63,ST,,England,Barclays WSL,Leicester City,23,163,57,Right,3,2,,Women's Football,https://www.ea.com/games/ea-sports-fc/ratings/player-ratings/266556,69,61,48,67,32,58,69,69,70,60,61,62,60,52,49,37,38,58,43,48,70,72,64,55,67,54,29,57,31,28,31,64,57,59,57,10,12,13,11,11
12144,Paula Gutiérrez,63,CDM,,Spain,Liga F,RC Deportivo,25,170,52,Right,3,2,,Women's Football,https://www.ea.com/games/ea-sports-fc/ratings/player-ratings/72147,64,52,59,65,62,54,61,66,77,51,55,50,41,51,64,61,44,62,54,42,61,64,62,67,71,72,65,65,55,71,51,61,62,51,52,10,9,13,13,14
12144,María Jiménez,63,CB,,Spain,Liga F,Real Betis,25,169,59,Right,2,2,,Women's Football,https://www.ea.com/games/ea-sports-fc/ratings/player-ratings/272090,55,38,53,53,63,59,56,55,45,34,50,35,25,49,40,27,30,79,61,35,45,54,57,59,65,50,55,55,59,74,66,63,53,66,50,7,6,11,12,9
12144,Sophie Jones,63,CDM,,United States,NWSL,Chicago Stars FC,24,165,58,Right,3,2,,Women's Football,https://www.ea.com/games/ea-sports-fc/ratings/player-ratings/273508,50,48,56,60,62,50,48,52,52,47,49,51,47,43,54,41,46,67,62,43,60,45,52,65,65,58,62,42,61,69,61,42,42,52,55,10,8,14,6,13
12144,Hannah Lehmann,63,RM,RW,Germany,GPFBL,Carl Zeiss Jena,22,165,58,Right,2,3,,Women's Football,https://www.ea.com/games/ea-sports-fc/ratings/player-ratings/72476,64,54,60,61,39,54,59,68,65,59,55,45,38,53,63,62,38,63,57,47,63,55,65,64,60,54,20,39,35,55,40,48,58,55,49,14,12,14,9,6
12144,Estrella Merino Gonzalez,63,ST,,Germany,GPFBL,Leverkusen,19,163,55,Right,2,2,,Women's Football,https://www.ea.com/games/ea-sports-fc/ratings/player-ratings/277264,72,61,47,64,44,45,71,72,71,62,62,60,44,56,48,34,38,60,35,39,62,72,54,69,65,60,28,63,36,59,37,57,47,40,53,8,9,6,11,7
12144,Josefine Osigus,63,GK,,Germany,GPFBL,1. FC Köln,21,170,60,Right,2,1,,Women's Football,https://www.ea.com/games/ea-sports-fc/ratings/player-ratings/278000,63,64,58,63,32,61,22,48,18,12,44,13,14,19,16,15,18,13,14,17,10,21,50,62,11,17,14,12,15,15,14,35,19,30,19,63,64,58,61,63
12144,Paula Partido,63,ST,,Spain,Liga F,Sevilla FC,21,170,60,Right,3,3,,Women's Football,https://www.ea.com/games/ea-sports-fc/ratings/player-ratings/273912,68,66,58,67,34,40,69,68,61,70,62,65,62,51,55,52,56,66,55,55,71,54,54,59,72,55,37,51,35,29,25,46,50,34,40,8,9,9,6,14
12144,Leire Peña,63,CDM,CB,Spain,Liga F,SD Eibar,24,164,56,Left,3,2,,Women's Football,https://www.ea.com/games/ea-sports-fc/ratings/player-ratings/272033,70,47,54,59,66,65,70,70,60,40,55,51,45,45,60,40,55,60,50,61,60,50,34,51,65,66,70,70,60,70,62,72,66,62,69,15,11,12,9,14
12144,Casey Phair,63,ST,,Korea Republic,NWSL,Angel City FC,18,178,68,Right,3,3,,Women's Football,https://www.ea.com/games/ea-sports-fc/ratings/player-ratings/276482,70,62,49,61,17,60,71,70,56,65,61,59,57,56,53,34,54,58,43,42,63,51,51,56,65,58,10,67,11,14,12,79,52,75,28,8,12,7,13,12
12144,Laura Prieur,63,GK,,France,Arkema PL,En Avant Guingamp,24,171,67,Right,2,1,,Women's Football,https://www.ea.com/games/ea-sports-fc/ratings/player-ratings/267664,65,61,59,68,32,59,31,33,9,7,44,8,8,17,28,13,13,24,21,12,11,34,41,57,17,28,13,11,11,13,11,56,25,65,23,65,61,59,59,68
12144,Andrea Romero,63,GK,,Spain,Liga F,Granada CF,31,162,60,Right,2,1,,Women's Football,https://www.ea.com/games/ea-sports-fc/ratings/player-ratings/275761,62,62,51,66,33,60,30,38,10,9,38,9,10,18,37,9,14,16,11,12,12,22,31,60,18,20,11,11,10,15,12,37,21,30,19,62,62,51,60,66
12144,Sanadri,63,ST,,Spain,Liga F,Athletic Club,26,173,59,Right,3,3,,Women's Football,https://www.ea.com/games/ea-sports-fc/ratings/player-ratings/272262,67,63,60,64,49,60,69,66,61,67,62,60,54,57,63,61,61,60,50,63,65,55,56,61,65,69,49,58,46,51,45,64,56,59,66,8,9,7,5,9
12144,Carlota Sánchez,63,CM,,Spain,Liga F,RC Deportivo,24,167,57,Right,2,2,,Women's Football,https://www.ea.com/games/ea-sports-fc/ratings/player-ratings/72152,67,52,64,63,59,57,66,67,61,50,61,49,52,41,62,61,45,72,65,42,60,61,61,59,70,60,63,49,59,62,51,59,51,62,49,6,15,12,8,14
12144,Katie Startup,63,GK,,England,Barclays WSL,Manchester City,27,170,64,Right,2,1,,Women's Football,https://www.ea.com/games/ea-sports-fc/ratings/player-ratings/266526,58,61,66,69,33,64,33,32,7,8,50,13,9,21,58,18,15,32,30,24,21,31,52,50,17,56,8,8,9,14,17,55,23,63,20,58,61,66,64,69
12144,Lucía Vallejo,63,LB,,Spain,Liga F,RCD Espanyol,22,165,55,Left,2,2,,Women's Football,https://www.ea.com/games/ea-sports-fc/ratings/player-ratings/72345,66,36,61,58,58,51,67,65,52,30,42,41,35,40,48,66,32,70,59,60,55,61,61,50,61,61,57,55,52,65,61,55,62,45,51,11,13,8,8,9
12144,Elene Viles,63,RB,,Spain,Liga F,Real Sociedad,24,165,52,Right,2,2,,Women's Football,https://www.ea.com/games/ea-sports-fc/ratings/player-ratings/276809,59,54,65,64,60,50,52,65,61,53,54,54,47,65,64,54,37,80,62,35,67,66,66,61,60,62,51,51,50,75,71,51,52,53,41,8,14,9,9,15
13032,Madison Ayson,62,CB,,United States,NWSL,Houston Dash,25,175,66,Right,2,2,,Women's Football,https://www.ea.com/games/ea-sports-fc/ratings/player-ratings/72187,52,37,48,58,64,55,50,53,30,33,50,37,28,40,34,39,33,60,55,46,56,49,62,65,63,50,64,60,66,64,61,56,52,54,60,9,13,13,13,8
13032,Loreen Bender,62,ST,,Germany,GPFBL,Leverkusen,20,168,57,Right,2,2,,Women's Football,https://www.ea.com/games/ea-sports-fc/ratings/player-ratings/276507,68,59,49,65,48,56,68,68,70,62,59,54,49,55,49,29,39,66,44,38,63,71,54,66,69,57,58,48,30,59,45,54,65,54,50,8,6,7,13,12
13032,Cerys Brown,62,RB,"CB, LB",England,Barclays WSL,Chelsea,20,166,57,Right,3,3,Rapid,Women's Football,https://www.ea.com/games/ea-sports-fc/ratings/player-ratings/276883,78,31,56,60,59,57,82,74,45,32,27,25,28,43,45,61,43,60,60,61,58,71,72,58,59,52,62,48,59,60,57,65,50,59,59,12,14,10,11,6
13032,Ainhoa Bascuñán,62,CM,,Spain,Liga F,Levante UD,22,169,58,Right,2,3,,Women's Football,https://www.ea.com/games/ea-sports-fc/ratings/player-ratings/272017,51,53,59,64,58,52,54,49,58,45,61,63,57,45,63,54,56,63,55,53,68,53,39,59,68,62,62,53,58,62,47,51,64,50,43,6,11,12,7,9
13032,Olivia Griffitts,62,RB,,United States,NWSL,Utah Royals FC,24,168,60,Right,2,2,,Women's Football,https://www.ea.com/games/ea-sports-fc/ratings/player-ratings/71807,57,41,58,60,61,61,58,57,43,35,52,43,40,40,57,59,49,60,59,57,59,59,66,59,61,58,59,59,60,63,60,63,59,62,60,11,10,8,7,6
13032,Lotte Keukelaar,62,ST,,Holland,Nederland Vrouwen Liga,Ajax,20,169,59,Right,2,2,,Women's Football,https://www.ea.com/games/ea-sports-fc/ratings/player-ratings/277952,68,60,49,62,43,58,68,68,68,64,55,59,48,58,46,38,48,62,40,40,61,66,58,63,64,56,38,59,32,55,30,64,59,58,55,8,6,13,8,10
13032,Melina Loeck,62,GK,,Germany,Barclays WSL,Brighton,25,180,74,Right,3,1,,Women's Football,https://www.ea.com/games/ea-sports-fc/ratings/player-ratings/70304,56,58,61,63,25,64,30,18,10,13,46,19,15,10,58,22,20,50,40,17,10,45,52,64,18,40,26,15,30,15,12,50,30,52,30,56,58,61,64,63
13032,Melissa Lowder,62,GK,,United States,NWSL,Bay FC,29,172,66,Right,2,1,,Women's Football,https://www.ea.com/games/ea-sports-fc/ratings/player-ratings/270080,64,58,59,68,47,58,45,51,9,9,44,8,7,21,33,9,14,28,22,12,13,58,68,52,18,15,6,12,8,13,8,60,38,62,25,64,58,59,58,68
13032,Amaia Martínez,62,CB,CDM,Spain,Liga F,RCD Espanyol,21,167,58,Right,2,2,,Women's Football,https://www.ea.com/games/ea-sports-fc/ratings/player-ratings/272126,60,36,57,50,63,63,59,60,45,37,34,31,35,45,58,50,37,69,52,34,40,54,34,45,64,59,64,50,60,70,65,60,64,67,50,6,12,9,12,12
13032,Georgia Mullett,62,ST,,England,Barclays WSL,Aston Villa,20,162,51,Right,3,3,,Women's Football,https://www.ea.com/games/ea-sports-fc/ratings/player-ratings/277983,61,63,50,65,31,58,64,59,62,63,65,65,62,52,58,32,54,59,41,56,65,68,70,60,66,53,32,58,21,31,29,64,65,60,45,9,11,11,14,8
13032,Andrea Recio,62,RM,"ST, LM, RW",Spain,Arkema PL,FC Nantes,25,169,56,Right,3,3,,Women's Football,https://www.ea.com/games/ea-sports-fc/ratings/player-ratings/73678,65,55,60,62,53,57,66,64,57,58,47,59,45,55,58,50,53,72,58,46,61,60,63,66,64,57,59,41,45,65,40,52,60,59,50,14,15,7,8,9
13032,Chloe Ricketts,62,CM,,United States,NWSL,Washington Spirit,19,155,54,Right,3,2,,Women's Football,https://www.ea.com/games/ea-sports-fc/ratings/player-ratings/274806,64,55,61,64,42,49,67,62,64,55,60,53,50,42,63,55,49,67,59,48,64,64,54,62,68,45,45,50,37,42,40,45,70,34,60,6,6,11,15,10
13032,Eva Schatzer,62,CDM,,Italy,Calcio A Femminile,Juventus,21,167,60,Left,3,3,,Women's Football,https://www.ea.com/games/ea-sports-fc/ratings/player-ratings/273001,67,46,49,63,62,62,68,67,32,50,45,44,39,46,41,31,42,63,58,38,62,68,71,56,65,54,62,58,59,67,59,67,59,64,61,6,10,6,10,11
13032,Maj Schneider,62,RB,,Germany,GPFBL,SC Freiburg,18,165,55,Right,2,2,,Women's Football,https://www.ea.com/games/ea-sports-fc/ratings/player-ratings/72333,50,51,52,61,61,44,48,52,48,55,54,45,28,55,39,60,37,63,45,35,61,33,94,64,65,50,63,57,65,59,55,41,64,32,52,6,6,7,9,8
13032,Jalysa Stechemesser,62,LB,,Germany,GPFBL,Carl Zeiss Jena,19,170,60,Right,2,2,,Women's Football,https://www.ea.com/games/ea-sports-fc/ratings/player-ratings/73716,61,40,50,52,62,57,63,59,39,40,50,33,23,50,36,58,31,62,40,33,47,60,52,63,57,42,61,63,66,59,57,65,60,57,50,14,12,15,5,11
13836,Isa Álvarez,61,CB,,Spain,Liga F,Granada CF,26,175,69,Left,2,2,,Women's Football,https://www.ea.com/games/ea-sports-fc/ratings/player-ratings/277573,59,41,55,51,59,64,63,55,34,34,61,39,32,49,41,51,41,71,55,34,41,52,68,61,61,61,66,51,54,62,60,65,49,71,64,7,10,7,14,7
13836,Féerine Belhadj,61,GK,,France,Arkema PL,OL Lyonnes,21,165,65,Left,2,1,,Women's Football,https://www.ea.com/games/ea-sports-fc/ratings/player-ratings/264893,60,54,61,67,41,58,39,44,8,11,46,8,8,16,38,12,13,27,22,14,12,41,58,57,15,22,14,9,11,14,11,58,30,68,25,60,54,61,58,67
13836,Léa Bourgain,61,CM,,France,Arkema PL,Stade de Reims,22,171,61,Right,2,3,,Women's Football,https://www.ea.com/games/ea-sports-fc/ratings/player-ratings/277200,62,59,56,63,52,55,66,58,60,56,70,60,48,47,57,43,45,62,63,53,65,61,66,60,62,55,56,55,45,58,45,61,59,56,45,9,14,7,13,15
13836,Asia Bragonzi,61,ST,,Italy,Calcio A Femminile,Juventus,25,171,63,Right,3,2,,Women's Football,https://www.ea.com/games/ea-sports-fc/ratings/player-ratings/267102,69,60,52,66,30,62,69,69,59,61,58,58,57,64,47,33,53,62,60,43,66,67,60,60,68,57,18,43,29,33,32,57,59,68,52,6,10,10,12,5
13836,Nerea Carmona,61,CB,,Spain,Liga F,Badalona Women,20,170,60,Right,2,2,,Women's Football,https://www.ea.com/games/ea-sports-fc/ratings/player-ratings/278313,51,35,58,53,63,53,53,50,31,32,41,35,31,42,51,43,41,74,61,35,45,52,52,51,65,61,61,62,62,65,60,60,50,55,51,8,14,11,6,11
13836,Laura Coronado,61,GK,,Spain,Liga F,Badalona Women,23,170,60,Right,2,1,,Women's Football,https://www.ea.com/games/ea-sports-fc/ratings/player-ratings/274075,61,59,55,61,35,60,31,40,6,9,41,6,6,12,34,9,11,16,11,11,12,22,31,59,18,15,10,8,7,14,11,36,21,32,17,61,59,55,60,61
13836,Núria Escoms,61,CM,,Spain,Liga F,Levante UD,19,166,51,Left,2,3,,Women's Football,https://www.ea.com/games/ea-sports-fc/ratings/player-ratings/272018,48,54,57,65,58,57,66,33,59,45,66,64,58,44,64,53,55,57,55,62,69,50,40,57,69,61,61,52,59,61,46,59,63,58,44,12,9,15,6,6
13836,Maria Gabaldón,61,CB,,Spain,Liga F,Levante UD,22,164,54,Right,2,2,,Women's Football,https://www.ea.com/games/ea-sports-fc/ratings/player-ratings/272019,55,40,57,55,63,50,59,52,45,35,41,47,43,42,51,57,41,66,59,37,51,37,41,59,66,61,63,61,61,66,64,62,33,56,51,6,13,9,6,7
13836,Pilar Garrote,61,CM,CAM,Spain,Liga F,Badalona Women,28,158,58,Right,3,3,,Women's Football,https://www.ea.com/games/ea-sports-fc/ratings/player-ratings/272162,51,63,63,64,56,48,37,63,65,65,60,61,59,60,55,57,51,70,68,62,65,53,52,55,70,70,50,66,66,50,45,50,36,49,60,7,8,7,10,10
13836,Faye Kirby,61,GK,,England,Barclays WSL,Liverpool,22,173,65,Right,3,1,,Women's Football,https://www.ea.com/games/ea-sports-fc/ratings/player-ratings/271821,58,63,60,59,32,60,32,32,13,10,45,11,10,18,36,17,18,31,25,15,11,31,43,57,16,40,11,12,13,16,15,50,28,54,25,58,63,60,60,59
13836,Maddie Moreau,61,RB,,United States,NWSL,Bay FC,25,155,54,Left,3,2,,Women's Football,https://www.ea.com/games/ea-sports-fc/ratings/player-ratings/71680,66,52,55,60,58,62,67,66,30,56,53,55,31,49,53,58,36,60,57,37,58,68,75,58,60,54,55,51,61,59,57,62,62,63,57,9,13,14,8,8
13836,Ayaka Noguchi,61,CM,,Japan,Liga F,RC Deportivo,30,165,55,Right,2,2,,Women's Football,https://www.ea.com/games/ea-sports-fc/ratings/player-ratings/72279,66,51,62,56,52,59,64,68,57,51,54,49,41,51,55,59,45,71,65,45,51,61,65,65,61,51,52,51,45,58,52,59,67,59,49,8,10,7,6,11
13836,Evie Rabjohn,61,CB,"CDM, CAM",England,Barclays WSL,Manchester Utd,21,168,57,Right,3,2,,Women's Football,https://www.ea.com/games/ea-sports-fc/ratings/player-ratings/266503,64,38,51,58,62,57,63,65,42,28,55,40,36,51,45,34,51,62,59,51,52,64,74,59,63,53,59,64,66,61,59,65,51,57,62,8,9,6,6,6
13836,Melina Reuter,61,ST,RW,Germany,GPFBL,Carl Zeiss Jena,20,164,55,Right,2,3,,Women's Football,https://www.ea.com/games/ea-sports-fc/ratings/player-ratings/266406,68,56,45,61,31,60,72,65,69,62,45,49,59,55,49,28,26,60,35,36,61,57,61,62,61,59,45,64,37,10,14,72,60,61,55,11,6,15,9,5
13836,Emma Watson,61,CM,,Scotland,Barclays WSL,Manchester Utd,20,168,61,Left,3,2,,Women's Football,https://www.ea.com/games/ea-sports-fc/ratings/player-ratings/277965,70,60,57,60,62,61,71,69,63,63,58,60,50,52,64,44,42,63,60,41,60,58,67,61,60,57,62,53,64,63,58,66,57,64,55,9,10,7,14,14
14512,Julia Bartel,60,CM,,Spain,Barclays WSL,Chelsea,22,160,59,Right,2,2,,Women's Football,https://www.ea.com/games/ea-sports-fc/ratings/player-ratings/268946,56,49,55,60,54,61,55,57,67,48,54,47,37,45,64,42,49,60,55,47,60,53,53,71,61,56,57,56,59,48,48,58,68,56,64,12,8,7,13,5
14512,Annabel Blanchard,60,CM,,England,Barclays WSL,Crystal Palace,25,170,61,Right,3,2,,Women's Football,https://www.ea.com/games/ea-sports-fc/ratings/player-ratings/72579,58,61,61,64,50,39,55,61,58,65,58,56,48,68,55,56,58,69,62,51,60,64,87,55,68,61,56,49,42,54,48,40,35,39,46,14,13,6,11,8
14512,Belén de Gracia,60,GK,,Spain,Liga F,Madrid CFF,22,170,60,Right,2,1,,Women's Football,https://www.ea.com/games/ea-sports-fc/ratings/player-ratings/277685,61,54,61,59,31,60,30,33,9,9,46,10,11,13,36,10,11,18,12,13,12,21,31,59,17,15,11,10,10,15,11,36,21,32,17,61,54,61,60,59
14512,Olaya Rodríguez,60,CAM,,Spain,Liga F,RC Deportivo,20,164,51,Right,2,3,,Women's Football,https://www.ea.com/games/ea-sports-fc/ratings/player-ratings/278195,50,56,55,62,45,39,51,50,61,61,51,55,35,41,55,41,33,65,61,41,61,54,49,52,70,60,51,49,41,50,30,36,45,32,50,13,11,8,12,10
14512,Laia García,60,GK,,Spain,Liga F,Badalona Women,25,173,60,Right,1,1,,Women's Football,https://www.ea.com/games/ea-sports-fc/ratings/player-ratings/272177,60,61,55,65,39,55,41,36,10,13,41,16,7,13,51,15,10,26,30,16,14,31,30,55,21,45,12,10,13,13,15,42,30,41,20,60,61,55,55,65
14512,Lola Gstalter,60,CAM,LM,France,Arkema PL,Montpellier,20,164,48,Left,2,3,,Women's Football,https://www.ea.com/games/ea-sports-fc/ratings/player-ratings/277314,67,51,59,62,36,37,68,66,60,53,52,48,42,47,57,52,44,65,56,67,63,74,58,60,57,55,39,46,31,38,32,42,36,35,40,6,5,13,8,15
14512,Liana Joseph,60,ST,,France,Arkema PL,OL Lyonnes,19,165,58,Right,3,3,,Women's Football,https://www.ea.com/games/ea-sports-fc/ratings/player-ratings/277175,74,61,49,65,26,57,75,73,54,63,61,59,54,57,47,41,48,57,43,53,63,80,85,47,65,55,22,53,20,26,20,68,51,66,38,14,6,11,7,7
14512,Emma Lattus,60,ST,,Germany,GPFBL,1. FC Köln,19,162,56,Right,2,2,,Women's Football,https://www.ea.com/games/ea-sports-fc/ratings/player-ratings/271847,73,55,50,63,36,47,74,72,70,60,53,48,39,55,51,37,47,63,40,49,63,68,55,67,64,50,28,47,24,49,38,47,59,39,52,15,7,9,8,8
14512,Sara López,60,CB,,Spain,Liga F,Real Madrid,24,167,57,Right,2,2,,Women's Football,https://www.ea.com/games/ea-sports-fc/ratings/player-ratings/272227,57,46,57,57,62,53,62,52,60,40,54,49,37,45,61,43,41,65,55,61,51,51,53,68,65,59,63,52,67,60,60,57,51,55,51,6,12,8,12,10
14512,Alice Marques,60,CB,,France,Liga F,Valencia CF,21,170,62,Right,3,2,,Women's Football,https://www.ea.com/games/ea-sports-fc/ratings/player-ratings/277145,64,43,51,56,60,57,61,67,39,42,58,35,30,36,41,41,33,64,54,52,53,59,60,51,60,58,60,62,55,64,58,66,51,60,56,9,12,6,14,5
14512,Maeline Mendy,60,CM,,France,Arkema PL,OL Lyonnes,19,167,60,Right,3,3,,Women's Football,https://www.ea.com/games/ea-sports-fc/ratings/player-ratings/277171,71,61,57,68,48,62,72,71,49,58,74,62,48,58,57,45,49,63,60,55,68,70,63,53,70,65,48,53,40,56,41,68,52,70,51,7,8,13,13,14
14512,Mélinda Mendy,60,LM,"CM, LW",France,Arkema PL,Havre AC,19,170,58,Right,2,3,,Women's Football,https://www.ea.com/games/ea-sports-fc/ratings/player-ratings/271811,69,58,50,67,25,46,71,68,61,60,49,61,59,55,45,44,50,58,48,42,67,72,72,57,69,49,22,51,22,22,20,58,43,51,36,15,9,14,5,12
14512,Brecken Mozingo,60,RW,RM,United States,NWSL,Utah Royals FC,25,167,60,Left,3,3,,Women's Football,https://www.ea.com/games/ea-sports-fc/ratings/player-ratings/71529,63,56,57,60,47,58,63,63,60,58,57,56,42,42,54,58,43,61,58,46,60,59,63,58,62,56,42,54,54,43,39,62,60,63,40,9,7,7,10,9
14512,Lara Martins,60,ST,,Portugal,Liga Portugal Feminino,SL Benfica,19,163,52,Right,3,3,,Women's Football,https://www.ea.com/games/ea-sports-fc/ratings/player-ratings/277780,66,58,52,65,28,51,67,65,58,60,58,56,57,56,49,40,48,65,48,46,63,72,68,49,69,48,25,57,20,29,24,60,57,54,33,14,12,9,11,10
14512,Lucy Parry,60,RB,,England,Barclays WSL,Liverpool,22,164,58,Right,3,2,,Women's Football,https://www.ea.com/games/ea-sports-fc/ratings/player-ratings/267583,73,45,55,58,56,60,73,73,47,48,45,40,40,50,48,58,49,57,56,57,55,68,75,54,56,64,57,53,59,53,54,66,59,63,53,13,6,9,8,9
14512,Elsa Pelgander,60,CM,CDM,Sweden,Calcio A Femminile,Juventus,19,169,57,Right,3,3,,Women's Football,https://www.ea.com/games/ea-sports-fc/ratings/player-ratings/279910,66,52,59,63,48,48,68,65,63,57,46,48,40,46,55,52,42,70,59,45,63,58,77,55,65,50,45,49,43,56,42,44,65,40,48,6,13,14,6,9
14512,Emilia Pelgander,60,CM,,Sweden,Barclays WSL,Leicester City,22,166,55,Right,3,2,,Women's Football,https://www.ea.com/games/ea-sports-fc/ratings/player-ratings/70576,63,61,59,60,52,59,60,65,60,63,61,58,55,55,61,54,50,63,60,52,61,60,65,59,60,52,54,49,48,54,52,54,63,58,58,12,13,10,13,12
14512,Olga San Nicolás,60,CM,,Spain,Liga F,Valencia CF,22,167,57,Right,2,2,,Women's Football,https://www.ea.com/games/ea-sports-fc/ratings/player-ratings/272103,32,58,59,61,51,42,33,32,62,57,62,60,55,50,61,59,50,60,55,57,65,34,56,62,65,66,52,44,41,62,50,27,53,30,61,8,7,12,10,10
14512,Mar Segarra,60,GK,,Spain,Liga F,RCD Espanyol,24,160,60,Right,2,1,,Women's Football,https://www.ea.com/games/ea-sports-fc/ratings/player-ratings/72368,62,61,60,61,33,63,33,32,10,12,45,14,15,15,51,14,14,21,14,12,10,31,45,41,20,41,12,14,15,15,12,49,31,51,21,62,61,60,63,61
14512,Kyra Spitzner,60,ST,,Germany,GPFBL,RB Leipzig,21,170,59,Right,2,2,,Women's Football,https://www.ea.com/games/ea-sports-fc/ratings/player-ratings/274510,69,54,53,62,40,60,69,69,64,61,50,48,30,52,60,44,40,58,56,38,60,72,60,62,65,50,46,54,31,43,34,63,62,61,56,13,11,13,9,11
14512,Haizea Uranga,60,RB,,Spain,Liga F,Real Sociedad,23,170,55,Right,2,2,,Women's Football,https://www.ea.com/games/ea-sports-fc/ratings/player-ratings/278666,65,39,51,48,59,62,64,66,32,36,52,41,25,35,32,51,35,65,55,30,35,62,52,48,60,51,55,62,51,70,57,72,51,71,51,14,14,9,6,8
14512,Kenzie Weir,60,CB,,Scotland,Barclays WSL,Everton,22,175,60,Right,3,2,,Women's Football,https://www.ea.com/games/ea-sports-fc/ratings/player-ratings/271107,63,38,51,57,59,62,64,63,33,35,43,40,37,51,52,39,45,58,57,39,57,61,49,57,57,50,55,60,64,58,57,69,55,69,51,7,8,15,8,13
15131,Emmie Allen,59,GK,,United States,NWSL,Bay FC,23,178,68,Right,3,1,,Women's Football,https://www.ea.com/games/ea-sports-fc/ratings/player-ratings/71967,61,58,54,62,27,56,32,20,6,9,41,8,5,11,30,12,12,15,20,10,9,35,42,51,17,33,6,11,8,10,10,37,20,34,25,61,58,54,56,62
15131,Lucía Corrales,59,LB,,Spain,Liga F,Sevilla FC,20,170,54,Left,2,2,,Women's Football,https://www.ea.com/games/ea-sports-fc/ratings/player-ratings/278194,55,37,54,51,59,46,57,53,42,32,42,41,32,38,39,51,31,72,52,32,45,50,50,51,61,40,62,49,61,62,51,41,53,41,51,8,9,13,6,9
15131,Maya Doms,59,CM,,United States,NWSL,Bay FC,25,168,60,Right,3,2,,Women's Football,https://www.ea.com/games/ea-sports-fc/ratings/player-ratings/71600,66,55,57,61,49,56,65,66,62,56,53,55,41,52,59,56,53,61,55,39,60,67,62,60,61,58,57,56,35,54,48,61,53,56,57,8,6,9,9,8
15131,Alizée Flagellat,59,GK,,France,Arkema PL,Paris FC,21,173,62,Right,2,1,,Women's Football,https://www.ea.com/games/ea-sports-fc/ratings/player-ratings/276815,64,60,62,58,42,51,38,47,8,10,47,8,8,16,41,13,15,23,25,12,11,38,41,50,17,39,13,15,11,13,12,48,34,48,20,64,60,62,51,58
15131,Freya Godfrey,59,ST,,England,Barclays WSL,Arsenal,21,177,68,Right,3,3,,Women's Football,https://www.ea.com/games/ea-sports-fc/ratings/player-ratings/276297,68,59,46,59,21,60,67,68,51,61,57,57,56,59,57,28,36,56,37,33,60,52,59,54,61,62,18,61,17,15,18,74,54,74,27,12,5,13,7,12
15131,Safia Middleton-Patel,59,GK,,Wales,Barclays WSL,Manchester Utd,21,170,63,Right,2,1,,Women's Football,https://www.ea.com/games/ea-sports-fc/ratings/player-ratings/273838,59,59,57,59,49,58,50,48,13,10,43,11,12,20,49,14,21,35,28,14,10,43,50,57,19,45,12,12,17,17,15,66,27,71,25,59,59,57,58,59
15131,Anne Moll,59,GK,,Germany,GPFBL,Leverkusen,21,171,58,Right,2,1,,Women's Football,https://www.ea.com/games/ea-sports-fc/ratings/player-ratings/271830,63,60,57,62,48,55,47,50,5,8,43,8,6,10,52,14,12,21,17,13,11,49,47,46,13,31,7,14,7,14,14,44,21,37,23,63,60,57,55,62
15131,Lucía Ramos,59,LM,LW,Spain,Liga F,Granada CF,26,160,55,Left,2,3,,Women's Football,https://www.ea.com/games/ea-sports-fc/ratings/player-ratings/275789,49,59,59,63,41,46,55,44,62,53,61,68,71,61,42,66,66,60,61,71,65,61,42,59,62,71,38,57,41,41,34,47,47,44,51,14,10,6,14,10
15131,Wassa Sangare,59,CB,,France,Arkema PL,OL Lyonnes,20,172,63,Right,3,2,,Women's Football,https://www.ea.com/games/ea-sports-fc/ratings/player-ratings/277169,57,32,49,47,56,63,42,70,31,29,53,21,20,37,44,38,31,61,52,47,47,39,41,49,51,48,49,65,52,62,56,68,44,77,51,7,13,9,10,7
15131,Jamie Shepherd,59,CM,,United States,NWSL,Bay FC,25,170,63,Right,3,2,,Women's Football,https://www.ea.com/games/ea-sports-fc/ratings/player-ratings/71679,65,55,57,61,52,59,66,65,60,56,56,54,39,55,58,55,52,61,56,36,60,69,57,59,63,57,58,60,40,57,54,65,61,59,57,9,7,12,7,6
15131,Jessica Simpson,59,LB,,England,Barclays WSL,Manchester Utd,21,168,59,Left,3,2,,Women's Football,https://www.ea.com/games/ea-sports-fc/ratings/player-ratings/273837,60,30,51,51,60,55,54,64,33,28,32,31,25,42,34,56,42,60,54,43,43,60,62,58,57,59,59,58,60,62,58,62,34,64,58,5,10,14,10,8
15131,Mia Werner,59,ST,,Germany,GPFBL,RB Leipzig,20,163,55,Right,2,2,,Women's Football,https://www.ea.com/games/ea-sports-fc/ratings/player-ratings/274511,68,55,54,64,39,49,65,70,69,58,54,50,39,57,61,39,40,62,55,38,63,71,66,64,66,52,42,45,33,44,32,50,41,51,55,12,9,9,6,14
15131,Zoe Werner,59,CM,LB,Germany,GPFBL,RB Leipzig,20,163,53,Right,3,2,,Women's Football,https://www.ea.com/games/ea-sports-fc/ratings/player-ratings/274512,64,52,53,62,49,48,65,64,64,56,50,48,30,50,61,39,40,60,54,39,60,71,67,65,63,50,62,38,38,57,46,43,43,49,55,7,12,14,9,13
15606,Jordan Brewster,58,CB,,United States,NWSL,Bay FC,26,178,67,Right,3,2,,Women's Football,https://www.ea.com/games/ea-sports-fc/ratings/player-ratings/71964,54,37,45,58,60,53,56,53,38,31,56,32,29,36,28,33,28,60,58,30,58,51,70,58,59,55,59,59,60,60,58,56,48,53,58,14,6,10,14,8
15606,Carmen Carballada,58,CM,,Spain,Liga F,RC Deportivo,20,167,55,Right,2,2,,Women's Football,https://www.ea.com/games/ea-sports-fc/ratings/player-ratings/72665,53,50,60,56,52,53,51,54,51,51,49,50,45,41,49,61,49,68,62,41,54,52,52,49,62,50,55,51,41,62,54,49,56,52,51,5,7,7,6,14
15606,Caroline Conti,58,CM,ST,United States,NWSL,Bay FC,25,168,60,Right,3,2,,Women's Football,https://www.ea.com/games/ea-sports-fc/ratings/player-ratings/71599,63,54,58,60,47,54,64,62,61,56,51,56,40,53,60,58,52,60,57,38,58,60,68,60,61,59,57,57,32,53,46,61,45,57,56,10,8,6,14,14
15606,Aimee Everett,58,CM,,England,Barclays WSL,Crystal Palace,24,170,62,Right,3,2,,Women's Football,https://www.ea.com/games/ea-sports-fc/ratings/player-ratings/72126,68,51,59,68,54,42,69,67,50,55,56,42,39,53,56,50,54,66,60,51,68,64,86,49,70,57,51,53,51,60,51,48,36,43,44,6,9,11,8,9
15606,Shanade Hopcroft,58,ST,,England,Barclays WSL,Crystal Palace,28,170,62,Right,3,2,,Women's Football,https://www.ea.com/games/ea-sports-fc/ratings/player-ratings/72577,58,57,52,61,20,42,57,58,68,57,56,57,50,62,57,33,44,60,55,44,60,58,68,58,61,70,19,53,16,16,13,43,58,40,25,6,6,12,5,9
15606,Tara O'Hanlon,58,LB,,Republic of Ireland,Barclays WSL,Manchester City,21,168,55,Left,3,2,,Women's Football,https://www.ea.com/games/ea-sports-fc/ratings/player-ratings/275983,57,54,53,54,56,48,59,55,51,56,55,52,49,57,50,60,40,57,44,50,52,57,59,54,57,46,55,54,56,58,53,52,56,50,30,11,13,13,8,10
15606,Alba Ruiz,58,ST,,Spain,Liga F,Madrid CFF,24,165,55,Right,2,2,,Women's Football,https://www.ea.com/games/ea-sports-fc/ratings/player-ratings/272072,54,61,59,59,27,45,58,50,60,61,59,62,54,67,51,65,63,66,46,62,63,34,42,60,64,66,23,48,31,20,25,41,33,44,64,14,14,14,12,15
15606,Hannah Silcock,58,CB,,England,Barclays WSL,Liverpool,21,176,59,Right,3,2,,Women's Football,https://www.ea.com/games/ea-sports-fc/ratings/player-ratings/267585,63,37,55,58,58,54,62,64,50,28,45,40,41,48,53,50,48,60,57,51,57,66,54,61,56,60,60,53,57,62,53,61,33,62,56,11,10,11,7,6
15990,Nati Cano,57,ST,,Spain,Liga F,SD Eibar,22,168,52,Right,2,2,,Women's Football,https://www.ea.com/games/ea-sports-fc/ratings/player-ratings/276446,42,59,50,64,33,57,38,45,57,62,55,60,55,45,54,33,51,62,42,42,70,53,58,51,65,54,43,52,22,30,34,48,61,57,55,8,5,8,12,12
15990,Aina Duran,57,CM,,Spain,Liga F,RCD Espanyol,22,170,57,Right,2,2,,Women's Football,https://www.ea.com/games/ea-sports-fc/ratings/player-ratings/72377,64,55,56,59,49,54,64,64,57,54,60,59,45,39,52,51,42,64,55,49,55,61,62,55,65,62,51,49,41,54,52,51,51,53,61,7,10,6,14,9
15990,Lenna Gunning-Williams,57,ST,,England,Barclays WSL,Spurs,21,167,60,Right,3,3,,Women's Football,https://www.ea.com/games/ea-sports-fc/ratings/player-ratings/276726,64,56,43,60,18,47,63,64,57,57,56,56,55,54,49,29,31,54,32,35,60,59,64,50,63,53,13,51,15,17,10,58,34,59,28,14,12,6,15,14
15990,Eleanor Heeps,57,GK,,England,Barclays WSL,Spurs,22,175,58,Right,2,1,,Women's Football,https://www.ea.com/games/ea-sports-fc/ratings/player-ratings/265255,57,59,54,59,40,53,40,41,7,7,41,8,7,21,37,9,15,31,26,10,21,42,40,53,14,39,9,8,11,11,13,48,22,50,18,57,59,54,53,59
15990,Lidia Sánchez,57,CM,,Spain,Liga F,C. Adeje Tenerife,21,170,62,Right,2,3,,Women's Football,https://www.ea.com/games/ea-sports-fc/ratings/player-ratings/272044,36,51,55,56,51,45,33,38,60,50,52,51,45,47,57,40,52,65,50,61,56,35,32,52,66,66,53,60,41,60,41,40,48,40,57,7,7,8,12,8
15990,Naomi Williams,57,GK,,England,Barclays WSL,Arsenal,21,175,69,Right,3,1,,Women's Football,https://www.ea.com/games/ea-sports-fc/ratings/player-ratings/276298,53,54,56,59,39,56,38,40,9,9,42,10,11,23,39,8,12,31,28,11,13,31,41,58,16,38,13,10,12,14,13,61,24,73,26,53,54,56,56,59
16290,Lucie Bendová,56,CB,CDM,Czech Republic,Ceska Liga Žen,Slavia Praha,21,167,60,Right,3,2,,Women's Football,https://www.ea.com/games/ea-sports-fc/ratings/player-ratings/275814,60,25,44,49,55,56,61,59,21,23,35,16,24,44,29,28,31,62,49,33,40,53,60,52,59,43,55,54,59,53,49,61,48,63,49,9,14,11,9,5
16290,Lena Dahms,56,CB,,Germany,GPFBL,SV Werder Bremen,19,173,60,Right,2,2,,Women's Football,https://www.ea.com/games/ea-sports-fc/ratings/player-ratings/271848,39,45,55,58,60,40,47,33,29,49,46,40,21,55,50,42,36,67,66,28,61,44,34,62,63,49,55,57,65,64,50,40,33,35,60,8,7,12,9,10
16290,Melina Kunkel,56,CM,,Germany,GPFBL,SV Werder Bremen,19,165,57,Right,2,2,,Women's Football,https://www.ea.com/games/ea-sports-fc/ratings/player-ratings/271787,66,58,50,58,55,51,67,65,59,60,65,53,30,49,55,35,51,59,45,34,61,42,40,59,63,49,64,38,59,53,44,46,42,54,55,12,12,5,11,13
16290,Nora Sarriegi,56,CM,,Spain,Liga F,Real Sociedad,25,170,66,Right,2,2,,Women's Football,https://www.ea.com/games/ea-sports-fc/ratings/player-ratings/277259,60,51,58,55,47,60,67,54,51,52,54,51,45,40,53,55,40,66,61,41,50,51,53,51,65,61,45,61,40,51,41,71,46,70,49,9,12,11,10,10
16547,Carla Julià,55,LB,,Spain,Liga F,Badalona Women,19,170,55,Left,2,2,,Women's Football,https://www.ea.com/games/ea-sports-fc/ratings/player-ratings/279890,51,32,55,54,54,48,54,49,32,35,31,25,32,32,41,61,31,65,54,44,52,50,50,49,61,51,52,41,61,55,47,41,38,53,52,15,7,13,7,13
16749,Lucie Kroupová,54,CM,,Czech Republic,Ceska Liga Žen,Slavia Praha,19,165,58,Right,3,3,,Women's Football,https://www.ea.com/games/ea-sports-fc/ratings/player-ratings/275821,61,44,49,58,45,46,62,61,51,42,46,47,32,45,49,36,37,58,54,30,58,66,59,55,59,42,49,48,32,53,45,41,48,43,54,12,11,12,10,12
16749,Borbála Vincze,54,CM,"CAM, ST",Hungary,Schweizer Damen Liga,FC Zürich,18,168,57,Right,2,2,,Women's Football,https://www.ea.com/games/ea-sports-fc/ratings/player-ratings/71294,62,46,51,56,49,44,65,60,41,48,50,40,42,35,49,39,35,59,57,41,52,60,64,55,61,40,49,49,46,55,44,41,53,38,49,10,8,7,6,8
16921,Alba Cerrato,53,ST,,Spain,Liga F,Sevilla FC,19,163,50,Right,3,2,,Women's Football,https://www.ea.com/games/ea-sports-fc/ratings/player-ratings/277256,52,53,49,57,34,33,54,50,51,56,51,54,44,41,44,42,35,62,45,39,57,53,61,48,60,52,33,51,32,33,30,37,42,31,24,13,14,15,15,14
16921,Araya Dennis,53,ST,,England,Barclays WSL,Spurs,20,168,58,Right,3,2,,Women's Football,https://www.ea.com/games/ea-sports-fc/ratings/player-ratings/72578,42,57,49,52,25,42,44,41,58,59,58,51,45,65,50,46,47,52,44,48,52,52,53,53,54,47,25,53,17,26,19,36,56,38,35,11,9,6,14,6
16921,Alexia Férnandez,53,LW,LM,Spain,Liga F,Granada CF,24,164,60,Right,3,2,,Women's Football,https://www.ea.com/games/ea-sports-fc/ratings/player-ratings/277339,53,55,51,53,34,47,52,53,51,56,61,52,47,49,51,54,42,55,41,44,55,50,50,45,52,61,32,49,31,33,32,46,37,54,41,10,14,14,5,5
16921,Aleigh Gambone,53,CM,,United States,Scottish Women's League,Glasgow City FC,25,170,60,Right,4,4,,Women's Football,https://www.ea.com/games/ea-sports-fc/ratings/player-ratings/276843,60,58,53,56,49,53,58,62,51,55,71,53,63,51,52,49,66,52,51,64,52,61,54,49,61,66,59,51,62,35,31,51,57,51,51,10,6,10,9,6
16921,Joy Lysser,53,CM,,Switzerland,Schweizer Damen Liga,FC Zürich,22,170,62,Left,3,2,,Women's Football,https://www.ea.com/games/ea-sports-fc/ratings/player-ratings/276617,61,52,48,56,53,58,60,62,55,54,58,48,33,39,50,36,36,57,45,36,54,59,69,52,58,49,50,45,52,58,50,54,60,60,50,15,10,12,9,9
16921,Kateřina Vithová,53,LM,LW,Czech Republic,Ceska Liga Žen,Slavia Praha,20,171,64,Left,3,3,,Women's Football,https://www.ea.com/games/ea-sports-fc/ratings/player-ratings/275827,60,49,53,54,27,55,59,60,46,43,58,56,46,54,41,56,57,58,53,55,52,64,65,49,54,40,18,60,23,24,30,66,40,66,42,7,11,14,9,11
