squad_nation,squad_number,squad_position,squad_club,captain,estimated,data_source,Rank,Name,OVR,Position,Alternative positions,Nation,League,Team,Age,Height,Weight,Preferred foot,Weak foot,Skill moves,play style,Gender,url,PAC,SHO,PAS,DRI,DEF,PHY,Acceleration,Sprint Speed,Positioning,Finishing,Shot Power,Long Shots,Volleys,Penalties,Vision,Crossing,Free Kick Accuracy,Short Passing,Long Passing,Curve,Dribbling,Agility,Balance,Reactions,Ball Control,Composure,Interceptions,Heading Accuracy,Def Awareness,Standing Tackle,Sliding Tackle,Jumping,Stamina,Strength,Aggression,GK Diving,GK Handling,GK Kicking,GK Positioning,GK Reflexes
Argentina,1,GK,Atlético Madrid,False,False,ea_fc26,734.0,Juan Musso,79,GK,,Argentina,LALIGA EA SPORTS,Atlético de Madrid,32.0,191.0,93.0,Right,3.0,1.0,,Men's Football,https://www.ea.com/games/ea-sports-fc/ratings/player-ratings/214979,79,77,73,82,44,81,46.0,42.0,19.0,18.0,55.0,14.0,15.0,25.0,48.0,20.0,12.0,31.0,24.0,16.0,16.0,32.0,39.0,70.0,20.0,67.0,18.0,15.0,12.0,14.0,16.0,68.0,35.0,70.0,27.0,79.0,77.0,73.0,81.0,82.0
Argentina,2,DF,Marseille,False,False,ea_fc26,734.0,Leonardo Balerdi,79,CB,,Argentina,Ligue 1 McDonald's,OM,27.0,187.0,85.0,Right,3.0,2.0,"Power Header, Intercept, Anticipate, Aerial",Men's Football,https://www.ea.com/games/ea-sports-fc/ratings/player-ratings/242835,64,45,62,68,80,77,63.0,64.0,48.0,34.0,62.0,54.0,29.0,57.0,60.0,42.0,30.0,77.0,76.0,39.0,64.0,62.0,56.0,75.0,76.0,72.0,78.0,77.0,80.0,81.0,79.0,82.0,69.0,79.0,81.0,6.0,8.0,15.0,15.0,14.0
Argentina,3,DF,Lyon,False,False,ea_fc26,967.0,Nicolás Tagliafico,78,LB,,Argentina,Ligue 1 McDonald's,OL,33.0,172.0,65.0,Left,2.0,3.0,Slide Tackle,Men's Football,https://www.ea.com/games/ea-sports-fc/ratings/player-ratings/211256,76,56,70,75,76,79,78.0,74.0,69.0,57.0,65.0,46.0,44.0,46.0,67.0,75.0,40.0,74.0,72.0,66.0,73.0,78.0,83.0,74.0,76.0,76.0,77.0,77.0,76.0,76.0,77.0,87.0,83.0,75.0,81.0,13.0,9.0,10.0,15.0,16.0
Argentina,4,DF,River Plate,False,False,ea_fc26,1520.0,Gonzalo Montiel,76,RB,,Argentina,LALIGA EA SPORTS,Sevilla FC,29.0,175.0,70.0,Right,3.0,3.0,Long Throw,Men's Football,https://www.ea.com/games/ea-sports-fc/ratings/player-ratings/231340,80,62,69,74,72,74,79.0,80.0,73.0,58.0,68.0,61.0,43.0,82.0,69.0,73.0,39.0,72.0,66.0,64.0,73.0,81.0,75.0,74.0,72.0,75.0,74.0,67.0,71.0,72.0,73.0,77.0,77.0,68.0,83.0,6.0,10.0,11.0,5.0,6.0
Argentina,5,MF,Boca Juniors,False,False,ea_fc26,967.0,Leandro Paredes,78,CM,CDM,Argentina,Serie A Enilive,AS Roma,31.0,180.0,75.0,Right,4.0,4.0,"Tiki Taka, Slide Tackle, Trivela",Men's Football,https://www.ea.com/games/ea-sports-fc/ratings/player-ratings/207439,62,64,83,78,71,77,62.0,62.0,62.0,50.0,86.0,72.0,71.0,64.0,82.0,77.0,78.0,86.0,85.0,83.0,78.0,68.0,75.0,68.0,84.0,82.0,72.0,56.0,70.0,76.0,76.0,70.0,74.0,75.0,88.0,9.0,14.0,6.0,9.0,10.0
Argentina,6,DF,Manchester United,False,False,ea_fc26,148.0,Lisandro Martínez,84,CB,,Argentina,Premier League,Man Utd,28.0,178.0,77.0,Left,4.0,3.0,"Long Ball Pass, Slide Tackle, Bruiser",Men's Football,https://www.ea.com/games/ea-sports-fc/ratings/player-ratings/239301,71,59,78,79,85,81,74.0,68.0,62.0,52.0,73.0,64.0,56.0,55.0,76.0,75.0,55.0,83.0,83.0,77.0,76.0,77.0,82.0,84.0,81.0,87.0,85.0,75.0,86.0,87.0,84.0,84.0,75.0,79.0,91.0,6.0,14.0,13.0,14.0,8.0
Argentina,7,MF,Inter Miami CF,False,False,ea_fc26,148.0,Rodrigo De Paul,84,CM,CDM,Argentina,LALIGA EA SPORTS,Atlético de Madrid,32.0,180.0,70.0,Right,3.0,4.0,"Finesse Shot, Incisive Pass, Long Ball Pass, Technical",Men's Football,https://www.ea.com/games/ea-sports-fc/ratings/player-ratings/212616,76,77,83,82,76,82,77.0,76.0,78.0,76.0,80.0,78.0,71.0,66.0,86.0,78.0,76.0,85.0,85.0,84.0,82.0,78.0,78.0,81.0,85.0,81.0,80.0,58.0,75.0,81.0,75.0,77.0,92.0,78.0,83.0,13.0,12.0,10.0,7.0,14.0
Argentina,8,MF,Strasbourg,False,False,ea_fc26,2871.0,Valentín Barco,73,LB,LM,Argentina,LALIGA EA SPORTS,Sevilla FC,21.0,170.0,66.0,Left,3.0,3.0,"Technical, Flair",Men's Football,https://www.ea.com/games/ea-sports-fc/ratings/player-ratings/263370,76,50,75,77,65,60,77.0,76.0,72.0,42.0,60.0,52.0,42.0,67.0,73.0,75.0,60.0,78.0,73.0,75.0,77.0,85.0,81.0,72.0,75.0,73.0,68.0,50.0,65.0,68.0,68.0,60.0,73.0,48.0,75.0,12.0,10.0,9.0,6.0,12.0
Argentina,9,FW,Atlético Madrid,False,False,ea_fc26,148.0,Julián Álvarez,84,ST,CAM,Argentina,LALIGA EA SPORTS,Atlético de Madrid,26.0,170.0,71.0,Right,4.0,4.0,"Finesse Shot, Flair, Press Proven+",Men's Football,https://www.ea.com/games/ea-sports-fc/ratings/player-ratings/246191,85,84,80,85,57,78,86.0,85.0,84.0,84.0,88.0,81.0,79.0,78.0,81.0,77.0,80.0,80.0,77.0,87.0,83.0,87.0,87.0,86.0,86.0,84.0,52.0,72.0,60.0,55.0,46.0,83.0,85.0,70.0,86.0,6.0,10.0,8.0,15.0,6.0
Argentina,10,FW,Inter Miami CF,True,False,ea_fc26,25.0,Lionel Messi,88,RW,"ST, CAM, RM",Argentina,MLS,Inter Miami CF,38.0,169.0,67.0,Left,4.0,4.0,"Finesse Shot, Dead Ball, Incisive Pass, Tiki Taka, Quick Step, Trivela, Technical+",Men's Football,https://www.ea.com/games/ea-sports-fc/ratings/player-ratings/158023,79,85,87,92,33,64,86.0,73.0,89.0,85.0,83.0,87.0,86.0,75.0,90.0,80.0,92.0,87.0,86.0,93.0,93.0,90.0,95.0,85.0,93.0,94.0,40.0,60.0,20.0,35.0,24.0,71.0,70.0,68.0,44.0,6.0,11.0,15.0,14.0,8.0
Argentina,11,MF,Real Betis,False,False,ea_fc26,575.0,Giovani Lo Celso,80,CAM,CM,Argentina,LALIGA EA SPORTS,Real Betis,30.0,177.0,68.0,Left,3.0,4.0,"Finesse Shot, Incisive Pass, Long Ball Pass, Technical",Men's Football,https://www.ea.com/games/ea-sports-fc/ratings/player-ratings/226226,69,74,81,83,68,71,70.0,68.0,75.0,73.0,80.0,74.0,71.0,65.0,84.0,78.0,79.0,82.0,82.0,82.0,84.0,80.0,80.0,80.0,84.0,82.0,70.0,62.0,64.0,73.0,68.0,71.0,67.0,69.0,82.0,10.0,7.0,10.0,15.0,14.0
Argentina,12,GK,Marseille,False,False,ea_fc26,734.0,Gerónimo Rulli,79,GK,,Argentina,Ligue 1 McDonald's,OM,34.0,189.0,84.0,Right,3.0,1.0,"Long Ball Pass, Footwork",Men's Football,https://www.ea.com/games/ea-sports-fc/ratings/player-ratings/215316,78,76,80,81,54,79,56.0,52.0,12.0,15.0,60.0,17.0,16.0,24.0,61.0,12.0,20.0,36.0,50.0,19.0,14.0,58.0,50.0,77.0,15.0,61.0,21.0,12.0,15.0,13.0,17.0,72.0,42.0,73.0,26.0,78.0,76.0,80.0,79.0,81.0
Argentina,13,DF,Tottenham Hotspur,False,False,ea_fc26,148.0,Cristian Romero,84,CB,,Argentina,Premier League,Spurs,28.0,185.0,79.0,Right,2.0,3.0,"Intercept, Slide Tackle, Bruiser, Aerial",Men's Football,https://www.ea.com/games/ea-sports-fc/ratings/player-ratings/232488,68,46,59,66,85,81,67.0,68.0,43.0,48.0,51.0,36.0,52.0,40.0,50.0,42.0,38.0,75.0,64.0,54.0,60.0,67.0,64.0,85.0,69.0,82.0,86.0,82.0,85.0,86.0,85.0,86.0,71.0,83.0,89.0,5.0,7.0,11.0,10.0,14.0
Argentina,14,MF,Bayer Leverkusen,False,False,ea_fc26,148.0,Exequiel Palacios,84,CM,CDM,Argentina,Bundesliga,Leverkusen,27.0,178.0,69.0,Right,4.0,3.0,"Intercept, Anticipate",Men's Football,https://www.ea.com/games/ea-sports-fc/ratings/player-ratings/231521,69,76,79,82,82,73,71.0,68.0,79.0,73.0,81.0,79.0,63.0,72.0,82.0,70.0,54.0,85.0,84.0,73.0,82.0,78.0,79.0,84.0,83.0,83.0,86.0,67.0,80.0,86.0,80.0,73.0,78.0,67.0,84.0,10.0,5.0,8.0,9.0,6.0
Argentina,15,FW,Atlético Madrid,False,False,ea_fc26,575.0,Nicolás González,80,RW,"RM, LW",Argentina,Serie A Enilive,Juventus,28.0,180.0,72.0,Left,2.0,4.0,"Technical, First Touch, Trivela",Men's Football,https://www.ea.com/games/ea-sports-fc/ratings/player-ratings/240690,85,76,73,83,45,62,83.0,86.0,81.0,80.0,75.0,65.0,68.0,85.0,69.0,78.0,54.0,80.0,66.0,65.0,85.0,80.0,78.0,76.0,85.0,76.0,39.0,80.0,38.0,46.0,39.0,79.0,73.0,52.0,67.0,10.0,6.0,9.0,5.0,8.0
Argentina,17,FW,Atlético Madrid,False,False,ea_fc26,3509.0,Giuliano Simeone,72,ST,,Argentina,LALIGA EA SPORTS,Atlético de Madrid,23.0,173.0,70.0,Right,3.0,3.0,Rapid,Men's Football,https://www.ea.com/games/ea-sports-fc/ratings/player-ratings/253396,82,69,58,70,26,79,83.0,82.0,74.0,74.0,68.0,64.0,58.0,62.0,62.0,60.0,46.0,65.0,42.0,53.0,68.0,79.0,82.0,72.0,70.0,59.0,25.0,69.0,18.0,20.0,24.0,87.0,78.0,81.0,75.0,8.0,14.0,7.0,14.0,12.0
Argentina,18,FW,Como,False,False,ea_fc26,5881.0,Nico Paz,69,CAM,CM,Argentina,Serie A Enilive,Como,21.0,186.0,81.0,Left,2.0,3.0,,Men's Football,https://www.ea.com/games/ea-sports-fc/ratings/player-ratings/277846,66,63,66,70,49,60,68.0,65.0,68.0,65.0,59.0,68.0,38.0,53.0,71.0,59.0,52.0,71.0,68.0,54.0,70.0,68.0,61.0,67.0,72.0,66.0,58.0,43.0,35.0,61.0,44.0,58.0,64.0,66.0,38.0,14.0,10.0,15.0,12.0,8.0
Argentina,19,DF,Benfica,False,False,ea_fc26,456.0,Nicolás Otamendi,81,CB,,Argentina,Liga Portugal,SL Benfica,38.0,183.0,78.0,Right,3.0,2.0,"Power Header, Jockey, Intercept, Slide Tackle, Bruiser, Aerial",Men's Football,https://www.ea.com/games/ea-sports-fc/ratings/player-ratings/192366,60,57,64,59,83,83,54.0,64.0,48.0,54.0,69.0,56.0,57.0,45.0,62.0,52.0,39.0,73.0,72.0,50.0,51.0,58.0,58.0,80.0,66.0,79.0,84.0,79.0,84.0,83.0,79.0,87.0,81.0,81.0,89.0,12.0,5.0,8.0,11.0,12.0
Argentina,20,MF,Liverpool,False,False,ea_fc26,78.0,Alexis Mac Allister,86,CM,CDM,Argentina,Premier League,Liverpool,27.0,176.0,72.0,Right,3.0,3.0,"Power Shot, Dead Ball, Incisive Pass, Press Proven, Pinged Pass+",Men's Football,https://www.ea.com/games/ea-sports-fc/ratings/player-ratings/239837,69,82,85,84,76,76,71.0,67.0,80.0,79.0,88.0,82.0,77.0,86.0,86.0,79.0,82.0,87.0,86.0,83.0,84.0,82.0,83.0,85.0,86.0,84.0,78.0,61.0,77.0,79.0,73.0,72.0,87.0,69.0,83.0,7.0,10.0,14.0,15.0,10.0
Argentina,21,FW,Palmeiras,False,False,ea_fc26,5019.0,Julián López,70,CDM,CM,Argentina,Sudamericana,Defensa,26.0,186.0,75.0,Right,2.0,3.0,,Men's Football,https://www.ea.com/games/ea-sports-fc/ratings/player-ratings/245061,70,49,64,70,67,69,72.0,69.0,62.0,48.0,55.0,44.0,46.0,49.0,65.0,55.0,45.0,73.0,64.0,57.0,72.0,76.0,54.0,64.0,71.0,64.0,63.0,55.0,67.0,73.0,68.0,69.0,75.0,65.0,73.0,7.0,6.0,15.0,13.0,12.0
Argentina,22,FW,Inter Milan,False,False,ea_fc26,18.0,Lautaro Martínez,89,ST,,Argentina,Serie A Enilive,Lombardia FC,28.0,174.0,72.0,Right,4.0,4.0,"Power Shot, Technical, Relentless, Finesse Shot+",Men's Football,https://www.ea.com/games/ea-sports-fc/ratings/player-ratings/231478,82,88,75,87,54,85,84.0,80.0,92.0,93.0,87.0,80.0,92.0,74.0,79.0,68.0,65.0,79.0,73.0,80.0,85.0,89.0,92.0,92.0,89.0,88.0,48.0,86.0,55.0,51.0,44.0,93.0,83.0,85.0,87.0,11.0,8.0,8.0,8.0,13.0
Argentina,23,GK,Aston Villa,False,False,ea_fc26,64.0,Emiliano Martínez,87,GK,,Argentina,Premier League,Aston Villa,33.0,195.0,88.0,Right,4.0,1.0,"Footwork, 1v1 Close Down+",Men's Football,https://www.ea.com/games/ea-sports-fc/ratings/player-ratings/202811,84,82,83,86,56,87,55.0,57.0,12.0,16.0,62.0,16.0,13.0,43.0,67.0,22.0,20.0,61.0,59.0,22.0,23.0,54.0,49.0,84.0,43.0,69.0,21.0,26.0,25.0,20.0,20.0,79.0,40.0,78.0,37.0,84.0,82.0,83.0,87.0,86.0
Argentina,24,MF,Chelsea,False,False,ea_fc26,320.0,Enzo Fernández,82,CM,CDM,Argentina,Premier League,Chelsea,25.0,178.0,78.0,Right,4.0,3.0,"Incisive Pass, Flair, First Touch, Press Proven, Relentless, Long Ball Pass+",Men's Football,https://www.ea.com/games/ea-sports-fc/ratings/player-ratings/247090,69,73,82,80,73,77,70.0,68.0,76.0,67.0,82.0,76.0,75.0,72.0,85.0,68.0,76.0,87.0,89.0,82.0,79.0,75.0,77.0,80.0,84.0,82.0,75.0,62.0,73.0,75.0,73.0,74.0,82.0,73.0,82.0,8.0,6.0,7.0,8.0,10.0
Argentina,25,DF,Marseille,False,False,ea_fc26,575.0,Facundo Medina,80,CB,,Argentina,Ligue 1 McDonald's,RC Lens,27.0,184.0,77.0,Left,2.0,3.0,"Slide Tackle, Bruiser",Men's Football,https://www.ea.com/games/ea-sports-fc/ratings/player-ratings/236804,73,36,69,72,80,79,69.0,77.0,63.0,39.0,27.0,32.0,29.0,44.0,68.0,62.0,32.0,79.0,76.0,52.0,70.0,62.0,67.0,81.0,76.0,79.0,80.0,74.0,79.0,82.0,81.0,83.0,69.0,81.0,84.0,13.0,5.0,12.0,13.0,13.0
Argentina,26,DF,Atlético Madrid,False,False,ea_fc26,320.0,Nahuel Molina,82,RB,,Argentina,LALIGA EA SPORTS,Atlético de Madrid,28.0,175.0,70.0,Right,3.0,3.0,"Whipped Pass, Block",Men's Football,https://www.ea.com/games/ea-sports-fc/ratings/player-ratings/233084,85,67,75,78,78,71,84.0,85.0,77.0,67.0,70.0,67.0,62.0,45.0,76.0,80.0,44.0,80.0,69.0,68.0,77.0,82.0,76.0,79.0,80.0,76.0,80.0,64.0,79.0,79.0,77.0,76.0,86.0,61.0,74.0,12.0,13.0,8.0,5.0,10.0
Brazil,1,GK,Liverpool,False,False,ea_fc26,15.0,Alisson,89,GK,,Brazil,Premier League,Liverpool,33.0,193.0,91.0,Right,3.0,1.0,"Far Throw, 1v1 Close Down, Deflector+",Men's Football,https://www.ea.com/games/ea-sports-fc/ratings/player-ratings/212831,86,85,85,89,56,90,60.0,49.0,13.0,13.0,64.0,14.0,20.0,23.0,66.0,17.0,18.0,60.0,58.0,19.0,27.0,40.0,37.0,87.0,42.0,66.0,11.0,29.0,15.0,19.0,16.0,82.0,32.0,78.0,27.0,86.0,85.0,85.0,90.0,89.0
Brazil,3,DF,Arsenal,False,False,ea_fc26,68.0,Gabriel,86,CB,,Brazil,Premier League,Arsenal,28.0,190.0,87.0,Left,2.0,2.0,"Power Header, Aerial, Bruiser+",Men's Football,https://www.ea.com/games/ea-sports-fc/ratings/player-ratings/232580,69,41,63,61,86,82,61.0,76.0,44.0,37.0,62.0,30.0,28.0,40.0,59.0,38.0,27.0,80.0,76.0,47.0,54.0,51.0,37.0,85.0,71.0,74.0,86.0,87.0,87.0,86.0,86.0,86.0,71.0,86.0,87.0,12.0,8.0,13.0,10.0,7.0
Brazil,4,DF,Paris Saint-Germain,True,False,ea_fc26,60.0,Marquinhos,87,CB,,Brazil,Ligue 1 McDonald's,Paris SG,32.0,183.0,75.0,Right,3.0,3.0,"Power Header, Jockey, Anticipate, Aerial, Intercept+",Men's Football,https://www.ea.com/games/ea-sports-fc/ratings/player-ratings/207865,79,56,75,74,89,81,76.0,81.0,70.0,59.0,65.0,45.0,35.0,52.0,76.0,68.0,32.0,84.0,85.0,58.0,69.0,68.0,67.0,86.0,79.0,86.0,89.0,88.0,90.0,89.0,88.0,89.0,83.0,79.0,81.0,6.0,6.0,12.0,10.0,13.0
Brazil,5,MF,Manchester United,False,False,ea_fc26,148.0,Casemiro,84,CDM,CM,Brazil,Premier League,Man Utd,34.0,185.0,84.0,Right,3.0,2.0,"Long Ball Pass, Block, Slide Tackle, Bruiser",Men's Football,https://www.ea.com/games/ea-sports-fc/ratings/player-ratings/200145,38,74,77,69,82,82,35.0,40.0,71.0,69.0,82.0,78.0,77.0,66.0,77.0,68.0,70.0,83.0,81.0,75.0,68.0,48.0,51.0,83.0,77.0,79.0,82.0,80.0,81.0,84.0,83.0,75.0,73.0,84.0,91.0,13.0,14.0,16.0,12.0,12.0
Brazil,6,DF,Flamengo,False,False,ea_fc26,1520.0,Alexsandro,76,CB,,Brazil,Ligue 1 McDonald's,LOSC Lille,26.0,189.0,82.0,Left,5.0,2.0,"Block, Anticipate",Men's Football,https://www.ea.com/games/ea-sports-fc/ratings/player-ratings/269493,62,31,51,53,77,78,53.0,69.0,15.0,20.0,62.0,23.0,32.0,44.0,44.0,34.0,34.0,68.0,53.0,44.0,50.0,41.0,35.0,76.0,60.0,64.0,76.0,75.0,75.0,80.0,76.0,79.0,69.0,83.0,76.0,14.0,15.0,9.0,11.0,7.0
Brazil,7,FW,Real Madrid,False,False,ea_fc26,2309.0,Vinícius,74,ST,,Brazil,Premier League,Fulham,31.0,190.0,83.0,Left,3.0,3.0,,Men's Football,https://www.ea.com/games/ea-sports-fc/ratings/player-ratings/244621,70,75,60,69,41,79,63.0,75.0,77.0,74.0,83.0,68.0,73.0,71.0,65.0,51.0,48.0,70.0,47.0,65.0,70.0,66.0,44.0,75.0,71.0,78.0,41.0,70.0,44.0,33.0,25.0,79.0,69.0,83.0,83.0,15.0,13.0,13.0,7.0,6.0
Brazil,8,MF,Newcastle United,False,False,ea_fc26,101.0,Bruno Guimarães,85,CDM,CM,Brazil,Premier League,Newcastle Utd,28.0,182.0,74.0,Right,2.0,3.0,"Incisive Pass, Long Ball Pass, Flair, Press Proven, Trivela+",Men's Football,https://www.ea.com/games/ea-sports-fc/ratings/player-ratings/247851,68,75,83,84,79,83,69.0,68.0,78.0,72.0,79.0,82.0,66.0,65.0,85.0,76.0,62.0,87.0,87.0,81.0,85.0,78.0,84.0,84.0,85.0,87.0,80.0,66.0,78.0,82.0,79.0,77.0,88.0,79.0,87.0,7.0,11.0,15.0,11.0,11.0
Brazil,9,FW,Manchester United,False,False,ea_fc26,734.0,Matheus Cunha,79,ST,CAM,Brazil,Premier League,Wolves,27.0,183.0,76.0,Right,4.0,4.0,"Rapid, Flair",Men's Football,https://www.ea.com/games/ea-sports-fc/ratings/player-ratings/240243,84,78,76,83,44,75,82.0,86.0,78.0,78.0,82.0,75.0,75.0,76.0,77.0,76.0,64.0,79.0,72.0,77.0,84.0,83.0,74.0,79.0,83.0,80.0,42.0,68.0,43.0,41.0,39.0,81.0,80.0,73.0,72.0,8.0,7.0,13.0,13.0,11.0
Brazil,10,FW,Santos,False,False,ea_fc26,52.0,Neymar Jr,87,LW,"CAM, LM",Brazil,ROSHN Saudi League,Al Hilal,34.0,175.0,68.0,Right,5.0,5.0,"Incisive Pass, Technical, Flair, First Touch, Trivela, Trickster+",Men's Football,https://www.ea.com/games/ea-sports-fc/ratings/player-ratings/190871,85,79,84,92,37,60,86.0,84.0,81.0,80.0,77.0,75.0,84.0,85.0,85.0,81.0,87.0,85.0,80.0,86.0,94.0,90.0,83.0,78.0,93.0,92.0,37.0,63.0,35.0,32.0,29.0,72.0,73.0,52.0,63.0,9.0,9.0,15.0,15.0,11.0
Brazil,11,FW,Barcelona,False,False,ea_fc26,148.0,Raphinha,84,RW,"LW, RM",Brazil,LALIGA EA SPORTS,FC Barcelona,29.0,176.0,68.0,Left,4.0,4.0,"Finesse Shot, Power Shot, Rapid, Flair, Trickster, Quick Step, Relentless",Men's Football,https://www.ea.com/games/ea-sports-fc/ratings/player-ratings/233419,91,79,78,86,53,73,90.0,91.0,83.0,78.0,83.0,79.0,72.0,78.0,80.0,80.0,79.0,78.0,74.0,81.0,87.0,88.0,79.0,84.0,85.0,80.0,55.0,74.0,47.0,54.0,38.0,83.0,86.0,65.0,76.0,8.0,7.0,13.0,8.0,14.0
Brazil,12,GK,Grêmio,False,False,ea_fc26,5019.0,Weverson,70,LB,LM,Brazil,Liga Portugal,Arouca,25.0,185.0,69.0,Left,2.0,3.0,Rapid,Men's Football,https://www.ea.com/games/ea-sports-fc/ratings/player-ratings/257969,81,54,64,63,67,61,81.0,81.0,60.0,54.0,63.0,54.0,30.0,39.0,60.0,66.0,40.0,70.0,63.0,48.0,61.0,76.0,68.0,63.0,62.0,60.0,69.0,60.0,67.0,69.0,61.0,72.0,75.0,56.0,55.0,14.0,7.0,8.0,14.0,9.0
Brazil,13,DF,Flamengo,False,False,ea_fc26,320.0,Danilo,82,CB,RB,Brazil,Serie A Enilive,Juventus,34.0,184.0,78.0,Right,4.0,3.0,"Long Ball Pass, Anticipate",Men's Football,https://www.ea.com/games/ea-sports-fc/ratings/player-ratings/199304,76,67,74,74,84,77,70.0,80.0,69.0,59.0,82.0,69.0,69.0,67.0,64.0,76.0,73.0,78.0,76.0,73.0,73.0,63.0,66.0,80.0,79.0,82.0,84.0,79.0,84.0,85.0,81.0,85.0,69.0,80.0,79.0,14.0,5.0,15.0,14.0,5.0
Brazil,14,DF,Juventus,False,False,ea_fc26,90.0,Bremer,86,CB,,Brazil,Serie A Enilive,Juventus,29.0,187.0,84.0,Right,2.0,2.0,"Power Header, Long Ball Pass, Block, Intercept, Bruiser, Aerial",Men's Football,https://www.ea.com/games/ea-sports-fc/ratings/player-ratings/239580,82,50,58,66,86,85,78.0,86.0,58.0,49.0,68.0,39.0,38.0,43.0,45.0,46.0,24.0,75.0,69.0,42.0,62.0,65.0,67.0,79.0,68.0,78.0,84.0,87.0,87.0,87.0,84.0,94.0,75.0,89.0,84.0,13.0,15.0,13.0,5.0,6.0
Brazil,17,MF,Al-Ittihad,False,False,ea_fc26,320.0,Fabinho,82,CDM,CM,Brazil,ROSHN Saudi League,Al Ittihad,32.0,188.0,78.0,Right,2.0,3.0,"Power Shot, Long Ball Pass, Block, Slide Tackle, Bruiser",Men's Football,https://www.ea.com/games/ea-sports-fc/ratings/player-ratings/209499,58,69,78,77,80,82,51.0,64.0,70.0,63.0,81.0,70.0,47.0,90.0,76.0,75.0,53.0,84.0,82.0,71.0,78.0,61.0,62.0,78.0,81.0,85.0,81.0,72.0,80.0,81.0,80.0,75.0,85.0,80.0,83.0,13.0,12.0,6.0,8.0,8.0
Brazil,19,FW,Lyon,False,False,ea_fc26,1214.0,Endrick,77,ST,RW,Brazil,LALIGA EA SPORTS,Real Madrid,19.0,173.0,66.0,Left,3.0,4.0,"Power Shot, Rapid, Flair, Quick Step",Men's Football,https://www.ea.com/games/ea-sports-fc/ratings/player-ratings/272505,89,76,61,78,30,64,91.0,88.0,76.0,77.0,79.0,74.0,74.0,68.0,64.0,45.0,71.0,68.0,59.0,64.0,78.0,86.0,77.0,77.0,76.0,74.0,20.0,70.0,24.0,30.0,31.0,85.0,66.0,71.0,40.0,8.0,8.0,15.0,15.0,13.0
Brazil,20,MF,Flamengo,False,False,ea_fc26,320.0,Lucas Paquetá,82,LM,"CAM, LW",Brazil,Premier League,West Ham,28.0,180.0,72.0,Left,4.0,5.0,"Technical, Flair, First Touch, Trivela",Men's Football,https://www.ea.com/games/ea-sports-fc/ratings/player-ratings/233927,72,77,79,85,69,79,71.0,73.0,80.0,78.0,77.0,77.0,74.0,75.0,83.0,74.0,74.0,82.0,78.0,77.0,87.0,75.0,76.0,81.0,86.0,88.0,71.0,68.0,67.0,72.0,63.0,78.0,82.0,77.0,78.0,14.0,9.0,12.0,11.0,11.0
Brazil,21,FW,Zenit Saint Petersburg,False,False,ea_fc26,1520.0,Luiz Júnior,76,GK,,Brazil,LALIGA EA SPORTS,Villarreal CF,25.0,194.0,88.0,Right,3.0,1.0,"Long Ball Pass, Far Throw, Cross Claimer, Deflector",Men's Football,https://www.ea.com/games/ea-sports-fc/ratings/player-ratings/258885,76,75,69,77,30,76,29.0,31.0,8.0,9.0,52.0,5.0,6.0,14.0,52.0,13.0,14.0,24.0,26.0,13.0,10.0,31.0,25.0,71.0,18.0,40.0,14.0,13.0,6.0,10.0,12.0,63.0,22.0,72.0,24.0,76.0,75.0,69.0,76.0,77.0
Brazil,22,FW,Arsenal,False,False,ea_fc26,220.0,Gabriel Martinelli,83,LW,"RW, LM",Brazil,Premier League,Arsenal,24.0,178.0,75.0,Right,3.0,4.0,"Finesse Shot, Whipped Pass, Technical, Flair, Quick Step, Trivela",Men's Football,https://www.ea.com/games/ea-sports-fc/ratings/player-ratings/251566,89,78,75,85,46,72,91.0,88.0,82.0,82.0,77.0,73.0,78.0,62.0,79.0,77.0,68.0,78.0,65.0,74.0,87.0,87.0,81.0,82.0,84.0,79.0,39.0,72.0,44.0,44.0,43.0,82.0,82.0,63.0,80.0,10.0,6.0,7.0,6.0,6.0
Brazil,23,GK,Fenerbahçe,False,False,ea_fc26,33.0,Ederson,88,GK,,Brazil,Premier League,Manchester City,32.0,188.0,86.0,Left,3.0,1.0,"Pinged Pass, Cross Claimer, Long Ball Pass+",Men's Football,https://www.ea.com/games/ea-sports-fc/ratings/player-ratings/210257,87,82,91,87,64,86,64.0,63.0,20.0,14.0,68.0,18.0,18.0,65.0,70.0,20.0,20.0,65.0,68.0,39.0,30.0,60.0,48.0,88.0,45.0,70.0,27.0,14.0,29.0,15.0,8.0,79.0,44.0,78.0,38.0,87.0,82.0,91.0,86.0,87.0
Brazil,24,DF,Al-Ahli,False,False,ea_fc26,575.0,Ibañez,80,CB,,Brazil,ROSHN Saudi League,Al Ahli,27.0,185.0,73.0,Right,2.0,2.0,"Block, Intercept, Slide Tackle+",Men's Football,https://www.ea.com/games/ea-sports-fc/ratings/player-ratings/247257,85,32,45,60,81,82,85.0,85.0,32.0,27.0,45.0,25.0,29.0,46.0,34.0,34.0,35.0,63.0,40.0,32.0,45.0,69.0,62.0,76.0,75.0,74.0,85.0,79.0,78.0,81.0,86.0,92.0,85.0,80.0,83.0,12.0,7.0,10.0,6.0,12.0
Brazil,25,FW,Brentford,False,False,ea_fc26,1520.0,Igor Thiago,76,ST,,Brazil,Premier League,Brentford,24.0,191.0,88.0,Right,3.0,2.0,,Men's Football,https://www.ea.com/games/ea-sports-fc/ratings/player-ratings/275771,73,75,54,69,37,86,69.0,76.0,78.0,78.0,85.0,61.0,69.0,74.0,65.0,29.0,40.0,67.0,48.0,50.0,68.0,58.0,55.0,72.0,74.0,73.0,23.0,80.0,36.0,38.0,23.0,90.0,80.0,90.0,80.0,14.0,6.0,14.0,15.0,11.0
France,1,GK,Rennes,False,False,ea_fc26,320.0,Brice Samba,82,GK,,France,Ligue 1 McDonald's,RC Lens,32.0,187.0,90.0,Left,3.0,1.0,Footwork,Men's Football,https://www.ea.com/games/ea-sports-fc/ratings/player-ratings/204883,79,83,80,84,53,81,49.0,60.0,11.0,9.0,60.0,10.0,13.0,15.0,48.0,10.0,13.0,48.0,36.0,14.0,12.0,39.0,54.0,80.0,22.0,66.0,18.0,15.0,12.0,14.0,12.0,73.0,37.0,78.0,26.0,79.0,83.0,80.0,81.0,84.0
France,2,DF,Chelsea,False,False,ea_fc26,575.0,Malo Gusto,80,RB,,France,Premier League,Chelsea,23.0,178.0,67.0,Right,3.0,3.0,"Whipped Pass, Jockey, Slide Tackle, Rapid",Men's Football,https://www.ea.com/games/ea-sports-fc/ratings/player-ratings/259307,88,49,75,78,73,75,87.0,88.0,75.0,40.0,62.0,47.0,52.0,47.0,76.0,81.0,48.0,77.0,70.0,77.0,80.0,77.0,77.0,76.0,77.0,76.0,76.0,55.0,73.0,77.0,75.0,76.0,87.0,68.0,76.0,10.0,6.0,14.0,8.0,11.0
France,3,DF,Aston Villa,False,False,ea_fc26,734.0,Lucas Digne,79,LB,,France,Premier League,Aston Villa,32.0,178.0,74.0,Left,1.0,3.0,"Whipped Pass, Long Throw",Men's Football,https://www.ea.com/games/ea-sports-fc/ratings/player-ratings/200458,73,68,78,76,76,74,76.0,70.0,73.0,60.0,81.0,76.0,68.0,60.0,75.0,86.0,83.0,77.0,73.0,83.0,76.0,72.0,78.0,76.0,77.0,79.0,75.0,71.0,76.0,77.0,78.0,80.0,80.0,69.0,76.0,6.0,12.0,9.0,6.0,13.0
France,4,DF,Bayern Munich,False,False,ea_fc26,320.0,Dayot Upamecano,82,CB,,France,Bundesliga,FC Bayern München,27.0,186.0,90.0,Right,3.0,3.0,"Pinged Pass, Bruiser",Men's Football,https://www.ea.com/games/ea-sports-fc/ratings/player-ratings/229558,81,45,63,73,81,85,76.0,85.0,47.0,39.0,64.0,42.0,33.0,39.0,58.0,48.0,28.0,77.0,76.0,36.0,72.0,66.0,65.0,81.0,75.0,74.0,79.0,81.0,79.0,84.0,82.0,85.0,77.0,87.0,88.0,6.0,7.0,8.0,15.0,9.0
France,5,DF,Barcelona,False,False,ea_fc26,101.0,Jules Koundé,85,RB,CB,France,LALIGA EA SPORTS,FC Barcelona,27.0,180.0,75.0,Right,3.0,3.0,"Slide Tackle, Quick Step, Relentless, Jockey+",Men's Football,https://www.ea.com/games/ea-sports-fc/ratings/player-ratings/241486,84,45,70,75,86,80,85.0,83.0,47.0,47.0,48.0,40.0,32.0,43.0,62.0,68.0,26.0,82.0,75.0,55.0,72.0,71.0,74.0,86.0,77.0,82.0,86.0,80.0,87.0,86.0,84.0,90.0,78.0,80.0,78.0,11.0,10.0,8.0,14.0,13.0
France,6,MF,Roma,False,False,ea_fc26,1520.0,Kouadio Manu Koné,76,CM,CDM,France,Serie A Enilive,AS Roma,25.0,185.0,80.0,Right,3.0,4.0,"Power Shot, Pinged Pass, Technical, Flair",Men's Football,https://www.ea.com/games/ea-sports-fc/ratings/player-ratings/250723,72,72,73,81,69,75,76.0,68.0,69.0,71.0,86.0,72.0,55.0,54.0,75.0,70.0,50.0,76.0,75.0,70.0,82.0,78.0,77.0,75.0,82.0,75.0,70.0,68.0,64.0,74.0,70.0,80.0,76.0,75.0,73.0,11.0,10.0,11.0,9.0,10.0
France,7,FW,Paris Saint-Germain,False,False,ea_fc26,82.0,Ousmane Dembélé,86,RW,"CAM, RM",France,Ligue 1 McDonald's,Paris SG,29.0,178.0,67.0,Left,5.0,5.0,"Pinged Pass, Flair, Trickster, Quick Step, Rapid+",Men's Football,https://www.ea.com/games/ea-sports-fc/ratings/player-ratings/231443,92,75,82,88,41,57,94.0,91.0,80.0,72.0,83.0,74.0,76.0,75.0,85.0,86.0,64.0,83.0,78.0,84.0,89.0,94.0,81.0,82.0,87.0,82.0,38.0,43.0,42.0,42.0,34.0,65.0,69.0,52.0,54.0,6.0,6.0,14.0,10.0,13.0
France,8,MF,Real Madrid,False,False,ea_fc26,101.0,Aurélien Tchouaméni,85,CDM,"CM, CB",France,LALIGA EA SPORTS,Real Madrid,26.0,188.0,82.0,Right,3.0,3.0,"Long Ball Pass, Jockey, Intercept, Anticipate, Bruiser, Relentless, Aerial",Men's Football,https://www.ea.com/games/ea-sports-fc/ratings/player-ratings/241637,73,69,79,78,82,82,74.0,72.0,74.0,65.0,78.0,75.0,50.0,55.0,82.0,68.0,53.0,85.0,84.0,76.0,78.0,72.0,70.0,83.0,81.0,83.0,84.0,75.0,83.0,83.0,80.0,84.0,83.0,82.0,80.0,9.0,8.0,12.0,12.0,7.0
France,9,FW,Inter Milan,False,False,ea_fc26,220.0,Marcus Thuram,83,ST,,France,Serie A Enilive,Lombardia FC,28.0,192.0,80.0,Right,4.0,3.0,"Quick Step, Relentless, Aerial",Men's Football,https://www.ea.com/games/ea-sports-fc/ratings/player-ratings/228093,87,81,77,82,50,84,84.0,89.0,80.0,83.0,84.0,78.0,77.0,70.0,80.0,78.0,58.0,80.0,70.0,74.0,86.0,78.0,66.0,85.0,80.0,77.0,50.0,80.0,44.0,49.0,42.0,94.0,83.0,88.0,71.0,11.0,13.0,14.0,9.0,15.0
France,10,FW,Real Madrid,True,False,ea_fc26,1.0,Kylian Mbappé,91,ST,LW,France,LALIGA EA SPORTS,Real Madrid,27.0,182.0,75.0,Right,4.0,5.0,"Finesse Shot, Rapid, Flair, Trivela, Acrobatic, Quick Step+",Men's Football,https://www.ea.com/games/ea-sports-fc/ratings/player-ratings/231747,97,90,80,92,36,78,97.0,97.0,93.0,94.0,90.0,83.0,84.0,84.0,83.0,78.0,69.0,86.0,71.0,80.0,93.0,93.0,82.0,93.0,92.0,88.0,38.0,73.0,26.0,34.0,32.0,88.0,88.0,77.0,64.0,13.0,5.0,7.0,11.0,6.0
France,11,FW,Bayern Munich,False,False,ea_fc26,320.0,Michael Olise,82,RM,"RW, CAM",France,Bundesliga,FC Bayern München,24.0,184.0,73.0,Left,2.0,4.0,"Finesse Shot, Dead Ball, Incisive Pass, Whipped Pass, Technical, Flair, Trivela",Men's Football,https://www.ea.com/games/ea-sports-fc/ratings/player-ratings/247827,80,77,82,84,53,56,82.0,79.0,79.0,79.0,76.0,76.0,68.0,70.0,84.0,82.0,77.0,83.0,79.0,81.0,84.0,91.0,86.0,77.0,83.0,81.0,55.0,36.0,52.0,58.0,53.0,56.0,68.0,46.0,68.0,9.0,11.0,9.0,10.0,10.0
France,12,FW,Paris Saint-Germain,False,False,ea_fc26,575.0,Bradley Barcola,80,LW,"RW, LM",France,Ligue 1 McDonald's,Paris SG,23.0,186.0,70.0,Right,3.0,4.0,"Finesse Shot, Rapid, Flair",Men's Football,https://www.ea.com/games/ea-sports-fc/ratings/player-ratings/264652,88,74,75,81,34,64,87.0,88.0,79.0,77.0,74.0,69.0,73.0,66.0,79.0,75.0,59.0,79.0,63.0,73.0,83.0,86.0,64.0,79.0,80.0,80.0,29.0,69.0,25.0,37.0,28.0,77.0,73.0,59.0,60.0,8.0,8.0,15.0,6.0,6.0
France,13,MF,Fenerbahçe,False,False,ea_fc26,101.0,N'Golo Kanté,85,CDM,CM,France,ROSHN Saudi League,Al Ittihad,35.0,168.0,70.0,Right,3.0,2.0,"Press Proven, Relentless, Intercept+",Men's Football,https://www.ea.com/games/ea-sports-fc/ratings/player-ratings/215914,76,65,73,80,85,78,79.0,74.0,72.0,64.0,71.0,65.0,56.0,54.0,77.0,68.0,49.0,80.0,74.0,49.0,78.0,78.0,93.0,87.0,81.0,82.0,88.0,54.0,88.0,90.0,86.0,73.0,82.0,72.0,87.0,15.0,12.0,10.0,7.0,10.0
France,15,DF,Liverpool,False,False,ea_fc26,220.0,Ibrahima Konaté,83,CB,,France,Premier League,Liverpool,27.0,194.0,95.0,Right,3.0,3.0,"Block, Bruiser, Aerial",Men's Football,https://www.ea.com/games/ea-sports-fc/ratings/player-ratings/237678,75,34,59,68,83,84,69.0,80.0,37.0,29.0,45.0,31.0,28.0,41.0,57.0,38.0,27.0,76.0,70.0,32.0,69.0,55.0,34.0,81.0,74.0,78.0,82.0,81.0,82.0,85.0,81.0,83.0,71.0,90.0,83.0,9.0,7.0,9.0,9.0,15.0
France,16,GK,Milan,False,False,ea_fc26,56.0,Mike Maignan,87,GK,,France,Serie A Enilive,Milano FC,30.0,191.0,89.0,Right,4.0,1.0,"Far Throw, Cross Claimer, Deflector+",Men's Football,https://www.ea.com/games/ea-sports-fc/ratings/player-ratings/215698,84,83,85,88,64,84,65.0,62.0,15.0,15.0,64.0,20.0,16.0,15.0,65.0,18.0,16.0,64.0,61.0,38.0,30.0,60.0,56.0,85.0,40.0,68.0,25.0,17.0,23.0,16.0,19.0,82.0,39.0,83.0,35.0,84.0,83.0,85.0,84.0,88.0
France,17,DF,Arsenal,False,False,ea_fc26,44.0,William Saliba,87,CB,,France,Premier League,Arsenal,25.0,193.0,85.0,Right,3.0,2.0,"Jockey, Anticipate+",Men's Football,https://www.ea.com/games/ea-sports-fc/ratings/player-ratings/243715,82,39,70,74,87,83,77.0,86.0,43.0,35.0,60.0,23.0,34.0,47.0,62.0,58.0,35.0,84.0,78.0,55.0,74.0,53.0,46.0,86.0,82.0,85.0,86.0,79.0,88.0,89.0,86.0,89.0,72.0,87.0,83.0,7.0,10.0,6.0,8.0,11.0
France,18,MF,Paris Saint-Germain,False,False,ea_fc26,575.0,Warren Zaïre-Emery,80,CM,CDM,France,Ligue 1 McDonald's,Paris SG,20.0,178.0,68.0,Right,4.0,3.0,"Tiki Taka, First Touch, Press Proven, Quick Step",Men's Football,https://www.ea.com/games/ea-sports-fc/ratings/player-ratings/270673,79,68,77,80,75,78,80.0,78.0,76.0,66.0,76.0,69.0,49.0,59.0,80.0,68.0,53.0,83.0,82.0,66.0,79.0,74.0,84.0,79.0,82.0,77.0,78.0,66.0,71.0,80.0,73.0,80.0,84.0,75.0,76.0,14.0,11.0,7.0,8.0,15.0
France,19,DF,Al-Hilal,False,False,ea_fc26,50.0,Theo Hernández,87,LB,LM,France,Serie A Enilive,Milano FC,28.0,184.0,81.0,Left,3.0,4.0,"Anticipate, Rapid, Quick Step, Relentless, Long Throw, Bruiser+",Men's Football,https://www.ea.com/games/ea-sports-fc/ratings/player-ratings/232656,95,76,78,84,81,89,95.0,95.0,80.0,71.0,86.0,76.0,80.0,75.0,75.0,84.0,75.0,81.0,70.0,80.0,84.0,83.0,81.0,85.0,85.0,80.0,80.0,77.0,78.0,86.0,80.0,95.0,92.0,88.0,86.0,12.0,10.0,7.0,7.0,7.0
France,20,FW,Paris Saint-Germain,False,False,ea_fc26,1520.0,Désiré Doué,76,LM,"CM, LW",France,Ligue 1 McDonald's,Paris SG,20.0,181.0,79.0,Right,3.0,4.0,"Technical, Flair",Men's Football,https://www.ea.com/games/ea-sports-fc/ratings/player-ratings/271421,78,69,72,81,52,64,79.0,78.0,68.0,70.0,73.0,68.0,61.0,61.0,76.0,63.0,59.0,77.0,74.0,66.0,85.0,77.0,75.0,75.0,80.0,74.0,51.0,38.0,52.0,56.0,51.0,63.0,66.0,64.0,61.0,9.0,12.0,7.0,5.0,13.0
France,21,DF,Paris Saint-Germain,False,False,ea_fc26,220.0,Lucas Hernández,83,CB,LB,France,Ligue 1 McDonald's,Paris SG,30.0,184.0,79.0,Left,2.0,2.0,"Slide Tackle, Bruiser",Men's Football,https://www.ea.com/games/ea-sports-fc/ratings/player-ratings/220814,74,54,72,71,84,78,70.0,78.0,66.0,53.0,62.0,51.0,46.0,42.0,71.0,78.0,39.0,78.0,66.0,59.0,65.0,69.0,69.0,85.0,77.0,80.0,83.0,82.0,85.0,85.0,84.0,85.0,66.0,78.0,90.0,10.0,7.0,8.0,14.0,10.0
France,22,FW,Crystal Palace,False,False,ea_fc26,734.0,Jean-Philippe Mateta,79,ST,,France,Premier League,Crystal Palace,28.0,192.0,88.0,Right,4.0,3.0,Flair,Men's Football,https://www.ea.com/games/ea-sports-fc/ratings/player-ratings/236461,76,78,63,73,39,82,68.0,83.0,79.0,83.0,82.0,64.0,74.0,76.0,65.0,49.0,39.0,76.0,56.0,61.0,76.0,54.0,48.0,76.0,77.0,78.0,41.0,76.0,35.0,34.0,26.0,87.0,66.0,89.0,83.0,8.0,8.0,7.0,13.0,11.0
France,23,GK,Lens,False,False,ea_fc26,7904.0,Robin Risser,67,GK,,France,Ligue 1 McDonald's,Strasbourg,21.0,193.0,82.0,Right,3.0,1.0,,Men's Football,https://www.ea.com/games/ea-sports-fc/ratings/player-ratings/271918,68,71,64,69,39,60,36.0,44.0,9.0,8.0,48.0,7.0,6.0,11.0,36.0,12.0,10.0,34.0,31.0,18.0,13.0,31.0,25.0,61.0,15.0,38.0,15.0,9.0,13.0,13.0,10.0,62.0,36.0,71.0,32.0,68.0,71.0,64.0,60.0,69.0
France,24,FW,Manchester City,False,False,ea_fc26,1881.0,Rayan Cherki,75,CAM,"LW, RW",France,Ligue 1 McDonald's,OL,22.0,177.0,71.0,Left,5.0,5.0,"Chip Shot, Incisive Pass, Technical, First Touch, Trickster, Trivela, Flair+",Men's Football,https://www.ea.com/games/ea-sports-fc/ratings/player-ratings/251570,68,67,74,84,21,61,70.0,66.0,68.0,64.0,76.0,68.0,57.0,61.0,75.0,70.0,73.0,75.0,74.0,77.0,90.0,81.0,81.0,72.0,79.0,77.0,22.0,28.0,19.0,23.0,15.0,56.0,55.0,67.0,57.0,7.0,14.0,6.0,8.0,8.0
France,25,FW,Monaco,False,False,ea_fc26,1520.0,Maghnes Akliouche,76,RM,"CAM, RW",France,Ligue 1 McDonald's,AS Monaco,24.0,183.0,63.0,Left,3.0,4.0,,Men's Football,https://www.ea.com/games/ea-sports-fc/ratings/player-ratings/264862,74,68,75,80,48,59,74.0,74.0,71.0,70.0,64.0,69.0,59.0,61.0,78.0,73.0,67.0,77.0,72.0,75.0,81.0,79.0,75.0,74.0,80.0,78.0,48.0,46.0,46.0,52.0,44.0,62.0,64.0,58.0,54.0,8.0,10.0,9.0,5.0,8.0
France,26,DF,Crystal Palace,False,False,ea_fc26,1520.0,Maxence Lacroix,76,CB,,France,Premier League,Crystal Palace,26.0,190.0,88.0,Right,2.0,2.0,,Men's Football,https://www.ea.com/games/ea-sports-fc/ratings/player-ratings/244067,88,41,55,67,76,77,82.0,92.0,32.0,29.0,80.0,37.0,28.0,38.0,50.0,35.0,26.0,71.0,66.0,37.0,66.0,64.0,56.0,76.0,68.0,80.0,77.0,73.0,77.0,77.0,74.0,83.0,67.0,82.0,74.0,14.0,7.0,12.0,12.0,11.0
Spain,1,GK,Arsenal,False,False,ea_fc26,220.0,David Raya,83,GK,,Spain,Premier League,Arsenal,30.0,183.0,75.0,Right,3.0,1.0,Cross Claimer,Men's Football,https://www.ea.com/games/ea-sports-fc/ratings/player-ratings/220901,82,81,86,82,57,81,64.0,46.0,15.0,19.0,65.0,14.0,20.0,26.0,68.0,12.0,15.0,62.0,67.0,18.0,19.0,68.0,45.0,80.0,43.0,68.0,11.0,20.0,28.0,14.0,13.0,62.0,31.0,38.0,29.0,82.0,81.0,86.0,81.0,82.0
Spain,2,DF,Atlético Madrid,False,False,ea_fc26,5019.0,Pubill,70,RB,,Spain,LALIGA HYPERMOTION,UD Almería,22.0,190.0,82.0,Right,3.0,2.0,"Block, Bruiser, Relentless, Aerial",Men's Football,https://www.ea.com/games/ea-sports-fc/ratings/player-ratings/266039,78,56,62,67,64,78,76.0,79.0,65.0,54.0,70.0,49.0,51.0,41.0,53.0,68.0,45.0,67.0,59.0,56.0,66.0,75.0,58.0,69.0,67.0,65.0,67.0,62.0,62.0,64.0,65.0,83.0,79.0,83.0,65.0,15.0,6.0,13.0,6.0,10.0
Spain,3,DF,Bayer Leverkusen,False,False,ea_fc26,75.0,Grimaldo,86,LM,"LB, LW",Spain,Bundesliga,Leverkusen,30.0,171.0,68.0,Left,2.0,4.0,"Finesse Shot, Dead Ball, Whipped Pass+",Men's Football,https://www.ea.com/games/ea-sports-fc/ratings/player-ratings/210035,74,73,88,85,76,71,77.0,71.0,79.0,67.0,84.0,83.0,63.0,54.0,85.0,93.0,89.0,87.0,85.0,89.0,85.0,84.0,86.0,86.0,86.0,83.0,79.0,62.0,76.0,78.0,74.0,73.0,90.0,63.0,69.0,7.0,13.0,10.0,7.0,13.0
Spain,4,DF,Barcelona,False,False,ea_fc26,967.0,Eric García,78,CB,"CDM, RB",Spain,LALIGA EA SPORTS,FC Barcelona,25.0,182.0,76.0,Right,3.0,2.0,Anticipate,Men's Football,https://www.ea.com/games/ea-sports-fc/ratings/player-ratings/245037,62,44,70,70,80,71,55.0,68.0,42.0,42.0,51.0,44.0,31.0,44.0,70.0,54.0,31.0,82.0,81.0,65.0,66.0,64.0,56.0,78.0,76.0,78.0,80.0,75.0,80.0,81.0,78.0,75.0,65.0,72.0,76.0,11.0,9.0,12.0,11.0,7.0
Spain,5,DF,Atlético Madrid,False,False,ea_fc26,220.0,Marcos Llorente,83,RM,"RB, CM, RW",Spain,LALIGA EA SPORTS,Atlético de Madrid,31.0,184.0,74.0,Right,4.0,3.0,"Power Shot, Whipped Pass, Rapid, Quick Step, Relentless",Men's Football,https://www.ea.com/games/ea-sports-fc/ratings/player-ratings/226161,89,79,78,80,79,81,87.0,91.0,79.0,80.0,84.0,79.0,66.0,65.0,79.0,76.0,63.0,81.0,80.0,75.0,81.0,83.0,68.0,81.0,80.0,79.0,83.0,67.0,79.0,82.0,74.0,84.0,91.0,77.0,80.0,13.0,6.0,6.0,11.0,15.0
Spain,6,MF,Arsenal,False,False,ea_fc26,101.0,Mikel Merino,85,CM,CAM,Spain,Premier League,Arsenal,29.0,189.0,83.0,Left,3.0,3.0,"Power Shot, Incisive Pass, Relentless, Aerial",Men's Football,https://www.ea.com/games/ea-sports-fc/ratings/player-ratings/225193,72,79,82,82,83,82,72.0,72.0,83.0,79.0,85.0,79.0,58.0,70.0,83.0,77.0,69.0,86.0,84.0,80.0,83.0,74.0,73.0,86.0,85.0,80.0,85.0,87.0,80.0,84.0,76.0,88.0,83.0,80.0,83.0,9.0,12.0,9.0,13.0,14.0
Spain,7,FW,Barcelona,False,False,ea_fc26,575.0,Ferran Torres,80,LW,"RW, ST, LM",Spain,LALIGA EA SPORTS,FC Barcelona,26.0,184.0,77.0,Right,4.0,4.0,"Finesse Shot, Technical",Men's Football,https://www.ea.com/games/ea-sports-fc/ratings/player-ratings/241461,84,78,76,81,35,68,87.0,81.0,83.0,80.0,79.0,75.0,74.0,74.0,78.0,76.0,60.0,77.0,77.0,76.0,81.0,84.0,78.0,82.0,80.0,82.0,34.0,75.0,35.0,24.0,28.0,85.0,72.0,69.0,54.0,12.0,9.0,11.0,15.0,12.0
Spain,8,MF,Paris Saint-Germain,False,False,ea_fc26,320.0,Fabián Ruiz,82,CM,CDM,Spain,Ligue 1 McDonald's,Paris SG,30.0,189.0,70.0,Left,3.0,4.0,"Finesse Shot, Tiki Taka, First Touch",Men's Football,https://www.ea.com/games/ea-sports-fc/ratings/player-ratings/226271,54,76,80,80,75,72,58.0,50.0,77.0,75.0,77.0,80.0,67.0,67.0,84.0,72.0,61.0,85.0,81.0,75.0,81.0,66.0,67.0,82.0,84.0,84.0,78.0,68.0,71.0,78.0,75.0,69.0,84.0,67.0,68.0,16.0,11.0,7.0,13.0,13.0
Spain,9,MF,Barcelona,False,False,ea_fc26,220.0,Gavi,83,CM,LW,Spain,LALIGA EA SPORTS,FC Barcelona,21.0,173.0,70.0,Right,3.0,3.0,"Tiki Taka, Slide Tackle, Rapid, Relentless",Men's Football,https://www.ea.com/games/ea-sports-fc/ratings/player-ratings/264240,76,66,78,85,68,70,77.0,75.0,81.0,71.0,56.0,70.0,49.0,51.0,83.0,69.0,47.0,84.0,82.0,74.0,86.0,86.0,90.0,86.0,85.0,74.0,79.0,42.0,59.0,78.0,72.0,62.0,84.0,58.0,85.0,8.0,10.0,11.0,7.0,13.0
Spain,10,FW,Barcelona,False,False,ea_fc26,148.0,Dani Olmo,84,CAM,CM,Spain,LALIGA EA SPORTS,FC Barcelona,28.0,179.0,72.0,Right,4.0,4.0,"Finesse Shot, Incisive Pass, Tiki Taka, Technical, Flair, First Touch, Trivela",Men's Football,https://www.ea.com/games/ea-sports-fc/ratings/player-ratings/244260,73,77,82,87,50,57,78.0,69.0,82.0,77.0,79.0,78.0,80.0,66.0,85.0,78.0,75.0,86.0,79.0,75.0,87.0,86.0,87.0,86.0,87.0,82.0,57.0,43.0,50.0,50.0,44.0,60.0,66.0,54.0,51.0,15.0,15.0,13.0,12.0,11.0
Spain,11,FW,Crystal Palace,False,False,ea_fc26,734.0,Yeremy Pino,79,LM,"LW, RM",Spain,LALIGA EA SPORTS,Villarreal CF,23.0,172.0,60.0,Right,4.0,3.0,Rapid,Men's Football,https://www.ea.com/games/ea-sports-fc/ratings/player-ratings/259377,76,73,76,79,38,46,77.0,76.0,79.0,79.0,68.0,69.0,67.0,54.0,76.0,77.0,60.0,78.0,74.0,73.0,81.0,79.0,79.0,74.0,80.0,60.0,29.0,46.0,31.0,48.0,41.0,52.0,70.0,32.0,48.0,9.0,7.0,14.0,6.0,9.0
Spain,12,DF,Tottenham Hotspur,False,False,ea_fc26,220.0,Pedro Porro,83,RB,,Spain,Premier League,Spurs,26.0,173.0,69.0,Right,3.0,3.0,"Whipped Pass, Rapid, Relentless",Men's Football,https://www.ea.com/games/ea-sports-fc/ratings/player-ratings/243576,82,73,80,81,78,77,80.0,84.0,81.0,68.0,83.0,75.0,64.0,66.0,80.0,84.0,78.0,80.0,77.0,83.0,82.0,80.0,71.0,81.0,83.0,79.0,78.0,69.0,77.0,81.0,77.0,79.0,91.0,71.0,75.0,15.0,7.0,14.0,5.0,7.0
Spain,13,GK,Barcelona,False,False,ea_fc26,1520.0,Joan García,76,GK,,Spain,LALIGA EA SPORTS,RCD Espanyol,25.0,192.0,77.0,Right,3.0,1.0,"Long Ball Pass, Cross Claimer",Men's Football,https://www.ea.com/games/ea-sports-fc/ratings/player-ratings/259532,76,75,70,76,45,74,46.0,44.0,6.0,6.0,53.0,9.0,7.0,18.0,50.0,13.0,12.0,45.0,40.0,12.0,15.0,46.0,42.0,74.0,25.0,50.0,13.0,12.0,7.0,13.0,14.0,62.0,35.0,59.0,30.0,76.0,75.0,70.0,74.0,76.0
Spain,14,DF,Athletic Bilbao,False,False,ea_fc26,220.0,Aymeric Laporte,83,CB,,Spain,ROSHN Saudi League,Al Nassr,32.0,189.0,85.0,Left,3.0,2.0,"Long Ball Pass, Aerial",Men's Football,https://www.ea.com/games/ea-sports-fc/ratings/player-ratings/212218,55,50,74,70,85,76,50.0,59.0,54.0,45.0,68.0,47.0,40.0,44.0,68.0,58.0,69.0,86.0,81.0,61.0,64.0,57.0,54.0,83.0,82.0,84.0,86.0,82.0,83.0,87.0,84.0,81.0,68.0,82.0,72.0,10.0,11.0,5.0,14.0,5.0
Spain,15,MF,Atlético Madrid,False,False,ea_fc26,734.0,Álex Baena,79,LM,"ST, LW",Spain,LALIGA EA SPORTS,Villarreal CF,24.0,174.0,69.0,Right,4.0,3.0,"Dead Ball, Incisive Pass, Technical, Flair",Men's Football,https://www.ea.com/games/ea-sports-fc/ratings/player-ratings/257279,74,75,80,78,65,67,75.0,74.0,78.0,75.0,76.0,77.0,69.0,68.0,82.0,78.0,80.0,82.0,77.0,76.0,78.0,76.0,69.0,78.0,80.0,74.0,66.0,58.0,67.0,66.0,64.0,69.0,76.0,60.0,74.0,6.0,11.0,8.0,12.0,11.0
Spain,16,MF,Manchester City,True,False,ea_fc26,2.0,Rodri,91,CDM,CM,Spain,Premier League,Manchester City,29.0,191.0,82.0,Right,4.0,3.0,"Power Shot, Long Ball Pass, Bruiser, Press Proven, Aerial, Tiki Taka+",Men's Football,https://www.ea.com/games/ea-sports-fc/ratings/player-ratings/231866,66,80,86,84,87,85,65.0,66.0,76.0,74.0,92.0,89.0,71.0,62.0,84.0,76.0,64.0,93.0,91.0,86.0,84.0,66.0,67.0,93.0,90.0,94.0,84.0,81.0,92.0,87.0,82.0,83.0,91.0,83.0,85.0,10.0,10.0,7.0,14.0,8.0
Spain,17,FW,Athletic Bilbao,False,False,ea_fc26,101.0,Nico Williams,85,LM,"RM, LW",Spain,LALIGA EA SPORTS,Athletic Club,23.0,181.0,67.0,Right,5.0,4.0,"Finesse Shot, Flair, Quick Step, Relentless, Trivela, Rapid+",Men's Football,https://www.ea.com/games/ea-sports-fc/ratings/player-ratings/256516,93,75,78,86,36,65,94.0,93.0,78.0,77.0,78.0,72.0,64.0,62.0,80.0,83.0,72.0,82.0,64.0,78.0,88.0,92.0,84.0,80.0,85.0,78.0,40.0,65.0,36.0,28.0,25.0,78.0,81.0,60.0,55.0,9.0,13.0,12.0,12.0,14.0
Spain,18,MF,Arsenal,False,False,ea_fc26,456.0,Zubimendi,81,CDM,CM,Spain,LALIGA EA SPORTS,Real Sociedad,27.0,181.0,74.0,Right,4.0,3.0,,Men's Football,https://www.ea.com/games/ea-sports-fc/ratings/player-ratings/248148,64,67,75,77,78,71,66.0,63.0,79.0,69.0,61.0,73.0,49.0,45.0,76.0,65.0,56.0,82.0,80.0,67.0,75.0,72.0,75.0,84.0,80.0,81.0,83.0,65.0,77.0,81.0,79.0,71.0,79.0,68.0,70.0,7.0,6.0,12.0,14.0,13.0
Spain,19,FW,Barcelona,False,False,ea_fc26,456.0,Lamine Yamal,81,RW,"LW, RM",Spain,LALIGA EA SPORTS,FC Barcelona,18.0,180.0,65.0,Left,3.0,4.0,"Finesse Shot, Technical, Flair, Quick Step",Men's Football,https://www.ea.com/games/ea-sports-fc/ratings/player-ratings/277643,82,75,76,82,23,48,84.0,81.0,77.0,76.0,77.0,79.0,49.0,69.0,77.0,81.0,65.0,79.0,64.0,79.0,84.0,87.0,74.0,79.0,82.0,65.0,18.0,33.0,23.0,20.0,28.0,55.0,57.0,45.0,42.0,9.0,13.0,7.0,10.0,7.0
Spain,20,MF,Barcelona,False,False,ea_fc26,86.0,Pedri,86,CM,LW,Spain,LALIGA EA SPORTS,FC Barcelona,23.0,174.0,60.0,Right,4.0,4.0,"Long Ball Pass, Tiki Taka, Technical, First Touch, Relentless, Incisive Pass+",Men's Football,https://www.ea.com/games/ea-sports-fc/ratings/player-ratings/251854,77,69,82,88,70,74,79.0,76.0,79.0,72.0,68.0,68.0,56.0,53.0,88.0,68.0,62.0,88.0,86.0,79.0,87.0,88.0,90.0,87.0,88.0,87.0,73.0,50.0,68.0,77.0,65.0,73.0,87.0,73.0,62.0,12.0,7.0,11.0,8.0,8.0
Spain,21,FW,Real Sociedad,False,False,ea_fc26,320.0,Oyarzabal,82,ST,"LW, LM",Spain,LALIGA EA SPORTS,Real Sociedad,29.0,181.0,79.0,Left,3.0,3.0,"Technical, Trivela",Men's Football,https://www.ea.com/games/ea-sports-fc/ratings/player-ratings/230142,77,83,81,82,42,63,78.0,76.0,85.0,83.0,84.0,83.0,79.0,84.0,82.0,80.0,78.0,84.0,73.0,78.0,83.0,77.0,77.0,82.0,84.0,83.0,29.0,75.0,55.0,32.0,30.0,77.0,79.0,57.0,52.0,10.0,6.0,10.0,13.0,11.0
Spain,22,DF,Barcelona,False,False,ea_fc26,3509.0,Pau Cubarsí,72,CB,,Spain,LALIGA EA SPORTS,FC Barcelona,19.0,182.0,75.0,Right,4.0,2.0,,Men's Football,https://www.ea.com/games/ea-sports-fc/ratings/player-ratings/278046,67,25,58,69,74,63,65.0,69.0,45.0,22.0,32.0,16.0,21.0,36.0,60.0,26.0,25.0,78.0,75.0,22.0,68.0,65.0,62.0,72.0,72.0,69.0,73.0,74.0,74.0,75.0,73.0,73.0,68.0,60.0,63.0,10.0,6.0,14.0,7.0,14.0
Spain,23,GK,Athletic Bilbao,False,False,ea_fc26,93.0,Unai Simón,86,GK,,Spain,LALIGA EA SPORTS,Athletic Club,28.0,190.0,89.0,Right,3.0,1.0,"Pinged Pass, Long Ball Pass, Footwork, 1v1 Close Down",Men's Football,https://www.ea.com/games/ea-sports-fc/ratings/player-ratings/230869,85,81,78,86,49,85,48.0,50.0,14.0,14.0,59.0,13.0,17.0,24.0,48.0,16.0,14.0,38.0,34.0,20.0,12.0,37.0,47.0,82.0,16.0,46.0,26.0,18.0,11.0,18.0,12.0,74.0,44.0,76.0,29.0,85.0,81.0,78.0,85.0,86.0
Spain,24,DF,Chelsea,False,False,ea_fc26,320.0,Marc Cucurella,82,LB,,Spain,Premier League,Chelsea,27.0,173.0,67.0,Left,3.0,3.0,"Jockey, Block, Intercept, Press Proven, Relentless, Acrobatic",Men's Football,https://www.ea.com/games/ea-sports-fc/ratings/player-ratings/239231,75,60,80,80,78,76,78.0,73.0,76.0,55.0,70.0,60.0,55.0,57.0,77.0,81.0,63.0,83.0,79.0,79.0,79.0,82.0,83.0,81.0,82.0,78.0,78.0,68.0,78.0,81.0,78.0,76.0,88.0,67.0,81.0,13.0,7.0,9.0,10.0,11.0
Spain,26,FW,Celta Vigo,False,False,ea_fc26,967.0,Borja Iglesias,78,ST,,Spain,LALIGA EA SPORTS,Celta,33.0,187.0,86.0,Right,3.0,3.0,,Men's Football,https://www.ea.com/games/ea-sports-fc/ratings/player-ratings/224179,62,80,66,74,40,77,61.0,63.0,81.0,79.0,83.0,76.0,73.0,92.0,73.0,50.0,65.0,76.0,63.0,51.0,75.0,56.0,67.0,80.0,79.0,80.0,32.0,80.0,40.0,36.0,27.0,85.0,65.0,84.0,70.0,14.0,12.0,16.0,13.0,16.0
England,,GK,Everton,False,False,ea_fc26,220.0,Jordan Pickford,83,GK,,England,Premier League,Everton,32.0,185.0,77.0,Left,4.0,1.0,"Long Ball Pass, Far Throw, Footwork",Men's Football,https://www.ea.com/games/ea-sports-fc/ratings/player-ratings/204935,83,78,88,87,53,80,57.0,47.0,18.0,19.0,66.0,13.0,20.0,48.0,69.0,17.0,16.0,59.0,61.0,18.0,15.0,57.0,55.0,77.0,42.0,65.0,24.0,18.0,21.0,20.0,12.0,75.0,42.0,72.0,45.0,83.0,78.0,88.0,80.0,87.0
England,,GK,Crystal Palace,False,False,ea_fc26,734.0,Dean Henderson,79,GK,,England,Premier League,Crystal Palace,29.0,188.0,85.0,Right,3.0,1.0,Footwork,Men's Football,https://www.ea.com/games/ea-sports-fc/ratings/player-ratings/233306,80,76,78,81,55,75,55.0,56.0,8.0,9.0,59.0,6.0,5.0,16.0,55.0,14.0,10.0,45.0,48.0,13.0,13.0,61.0,56.0,75.0,35.0,60.0,11.0,13.0,15.0,14.0,14.0,68.0,32.0,64.0,35.0,80.0,76.0,78.0,75.0,81.0
England,,GK,Manchester City,False,False,ea_fc26,2871.0,James Trafford,73,GK,,England,EFL Championship,Burnley,23.0,192.0,90.0,Right,2.0,1.0,"Long Ball Pass, Far Throw, Cross Claimer",Men's Football,https://www.ea.com/games/ea-sports-fc/ratings/player-ratings/263063,73,71,69,75,40,71,41.0,38.0,7.0,8.0,52.0,9.0,9.0,16.0,48.0,12.0,12.0,53.0,47.0,14.0,10.0,27.0,27.0,71.0,12.0,26.0,7.0,10.0,5.0,13.0,13.0,58.0,17.0,58.0,28.0,73.0,71.0,69.0,71.0,75.0
England,,DF,Manchester City,False,False,ea_fc26,101.0,John Stones,85,CB,"CDM, RB",England,Premier League,Manchester City,32.0,188.0,76.0,Right,4.0,3.0,"Long Throw, Aerial",Men's Football,https://www.ea.com/games/ea-sports-fc/ratings/player-ratings/203574,69,58,75,79,85,77,68.0,69.0,58.0,54.0,68.0,61.0,44.0,52.0,78.0,63.0,37.0,85.0,79.0,62.0,79.0,68.0,67.0,87.0,83.0,88.0,84.0,84.0,86.0,86.0,84.0,84.0,74.0,77.0,80.0,7.0,15.0,11.0,10.0,8.0
England,,DF,Manchester City,False,False,ea_fc26,456.0,Marc Guéhi,81,CB,,England,Premier League,Crystal Palace,25.0,182.0,82.0,Right,5.0,2.0,"Long Ball Pass, Jockey, Anticipate",Men's Football,https://www.ea.com/games/ea-sports-fc/ratings/player-ratings/241159,72,39,65,72,82,77,69.0,75.0,35.0,42.0,49.0,26.0,32.0,38.0,59.0,49.0,32.0,80.0,76.0,54.0,70.0,69.0,65.0,82.0,76.0,76.0,81.0,79.0,82.0,83.0,82.0,84.0,73.0,78.0,77.0,8.0,9.0,11.0,12.0,12.0
England,,DF,Chelsea,False,False,ea_fc26,320.0,Reece James,82,RB,,England,Premier League,Chelsea,26.0,179.0,91.0,Right,4.0,3.0,"Whipped Pass, Jockey, Bruiser",Men's Football,https://www.ea.com/games/ea-sports-fc/ratings/player-ratings/238074,78,72,83,82,82,82,76.0,79.0,77.0,67.0,85.0,70.0,67.0,65.0,82.0,88.0,75.0,83.0,80.0,83.0,83.0,72.0,88.0,81.0,84.0,83.0,80.0,74.0,83.0,84.0,80.0,88.0,67.0,88.0,83.0,8.0,12.0,7.0,13.0,11.0
England,,DF,Aston Villa,False,False,ea_fc26,456.0,Ezri Konsa,81,CB,RB,England,Premier League,Aston Villa,28.0,183.0,77.0,Right,3.0,2.0,"Jockey, Anticipate, Slide Tackle",Men's Football,https://www.ea.com/games/ea-sports-fc/ratings/player-ratings/227678,76,48,71,76,83,78,72.0,80.0,50.0,50.0,64.0,32.0,43.0,38.0,74.0,63.0,38.0,80.0,73.0,54.0,75.0,67.0,68.0,83.0,78.0,84.0,82.0,78.0,84.0,84.0,80.0,85.0,79.0,78.0,75.0,14.0,8.0,11.0,13.0,9.0
England,,DF,Newcastle United,False,False,ea_fc26,967.0,Dan Burn,78,CB,LB,England,Premier League,Newcastle Utd,34.0,198.0,87.0,Left,3.0,2.0,Aerial,Men's Football,https://www.ea.com/games/ea-sports-fc/ratings/player-ratings/198032,42,36,67,63,77,84,34.0,49.0,59.0,25.0,60.0,29.0,22.0,48.0,60.0,68.0,46.0,75.0,67.0,48.0,68.0,32.0,30.0,76.0,67.0,73.0,75.0,78.0,78.0,78.0,77.0,70.0,76.0,89.0,85.0,15.0,13.0,7.0,8.0,10.0
England,,DF,Newcastle United,False,False,ea_fc26,967.0,Tino Livramento,78,RB,LB,England,Premier League,Newcastle Utd,23.0,181.0,71.0,Right,4.0,3.0,"Jockey, Technical",Men's Football,https://www.ea.com/games/ea-sports-fc/ratings/player-ratings/262118,83,50,70,79,74,73,82.0,83.0,70.0,47.0,60.0,46.0,41.0,41.0,65.0,77.0,51.0,75.0,61.0,79.0,80.0,76.0,78.0,75.0,78.0,78.0,76.0,56.0,73.0,79.0,74.0,75.0,78.0,70.0,74.0,10.0,12.0,8.0,13.0,13.0
England,,DF,Tottenham Hotspur,False,False,ea_fc26,3509.0,Djed Spence,72,RB,,England,Premier League,Spurs,25.0,184.0,71.0,Right,3.0,3.0,,Men's Football,https://www.ea.com/games/ea-sports-fc/ratings/player-ratings/243702,86,43,60,74,67,60,86.0,86.0,56.0,38.0,54.0,45.0,27.0,37.0,52.0,72.0,28.0,67.0,53.0,57.0,76.0,78.0,67.0,71.0,72.0,65.0,70.0,51.0,66.0,72.0,63.0,71.0,68.0,60.0,46.0,13.0,8.0,7.0,11.0,6.0
England,,DF,Bayer Leverkusen,False,False,ea_fc26,1881.0,Jarell Quansah,75,CB,,England,Premier League,Liverpool,23.0,190.0,80.0,Right,3.0,2.0,Slide Tackle,Men's Football,https://www.ea.com/games/ea-sports-fc/ratings/player-ratings/273651,74,34,59,68,74,77,69.0,78.0,36.0,26.0,54.0,28.0,41.0,45.0,54.0,38.0,37.0,71.0,74.0,48.0,69.0,53.0,56.0,71.0,71.0,76.0,73.0,74.0,75.0,74.0,76.0,82.0,72.0,79.0,75.0,9.0,6.0,11.0,9.0,9.0
England,,MF,Brentford,False,False,ea_fc26,575.0,Jordan Henderson,80,CDM,CM,England,Eredivisie,,35.0,187.0,80.0,Right,3.0,3.0,"Incisive Pass, Long Ball Pass, Anticipate",Men's Football,https://www.ea.com/games/ea-sports-fc/ratings/player-ratings/183711,64,72,81,76,75,78,63.0,65.0,77.0,70.0,77.0,73.0,71.0,64.0,78.0,82.0,73.0,81.0,84.0,80.0,77.0,64.0,65.0,81.0,80.0,76.0,77.0,64.0,76.0,77.0,75.0,73.0,82.0,75.0,81.0,7.0,13.0,7.0,9.0,13.0
England,,MF,Arsenal,False,False,ea_fc26,53.0,Declan Rice,87,CDM,CM,England,Premier League,Arsenal,27.0,185.0,80.0,Right,3.0,3.0,"Long Ball Pass, Block, Intercept, Press Proven",Men's Football,https://www.ea.com/games/ea-sports-fc/ratings/player-ratings/234378,73,72,82,79,84,85,71.0,75.0,71.0,64.0,84.0,82.0,50.0,71.0,79.0,79.0,65.0,85.0,86.0,81.0,82.0,55.0,65.0,85.0,84.0,86.0,86.0,72.0,85.0,86.0,85.0,82.0,92.0,81.0,85.0,8.0,11.0,14.0,5.0,9.0
England,,MF,Real Madrid,False,False,ea_fc26,5.0,Jude Bellingham,90,CAM,CM,England,LALIGA EA SPORTS,Real Madrid,22.0,186.0,75.0,Right,4.0,4.0,"Intercept, Slide Tackle, Technical, Flair, Relentless+",Men's Football,https://www.ea.com/games/ea-sports-fc/ratings/player-ratings/252371,80,87,83,88,78,83,81.0,80.0,91.0,90.0,85.0,86.0,77.0,74.0,90.0,66.0,68.0,89.0,89.0,73.0,89.0,82.0,79.0,91.0,89.0,87.0,82.0,75.0,77.0,79.0,77.0,84.0,93.0,77.0,85.0,14.0,11.0,10.0,5.0,8.0
England,,MF,Aston Villa,False,False,ea_fc26,1881.0,Morgan Rogers,75,LM,"CAM, LW",England,Premier League,Aston Villa,23.0,188.0,80.0,Right,4.0,3.0,"Technical, Flair",Men's Football,https://www.ea.com/games/ea-sports-fc/ratings/player-ratings/260247,77,71,71,77,56,71,74.0,79.0,69.0,76.0,75.0,63.0,56.0,60.0,72.0,74.0,55.0,74.0,62.0,74.0,81.0,68.0,77.0,72.0,75.0,77.0,50.0,56.0,52.0,67.0,49.0,76.0,64.0,77.0,62.0,7.0,8.0,13.0,11.0,14.0
England,,MF,Manchester United,False,False,ea_fc26,1214.0,Kobbie Mainoo,77,CDM,CM,England,Premier League,Man Utd,21.0,181.0,80.0,Right,3.0,3.0,"Finesse Shot, Long Ball Pass, Press Proven",Men's Football,https://www.ea.com/games/ea-sports-fc/ratings/player-ratings/269136,74,66,74,81,73,72,77.0,72.0,73.0,71.0,69.0,58.0,52.0,55.0,76.0,65.0,41.0,79.0,79.0,76.0,82.0,79.0,88.0,76.0,80.0,83.0,74.0,64.0,72.0,76.0,73.0,78.0,71.0,72.0,70.0,14.0,11.0,10.0,5.0,9.0
England,,MF,Nottingham Forest,False,False,ea_fc26,1881.0,Elliot Anderson,75,CM,LW,England,Premier League,Nott'm Forest,23.0,179.0,71.0,Right,4.0,3.0,Technical,Men's Football,https://www.ea.com/games/ea-sports-fc/ratings/player-ratings/254243,72,66,72,79,69,77,75.0,69.0,72.0,66.0,68.0,64.0,59.0,60.0,78.0,63.0,53.0,77.0,71.0,65.0,79.0,79.0,83.0,75.0,78.0,77.0,68.0,76.0,65.0,71.0,66.0,87.0,79.0,76.0,76.0,6.0,12.0,5.0,10.0,7.0
England,,FW,Bayern Munich,True,False,ea_fc26,11.0,Harry Kane,90,ST,,England,Bundesliga,FC Bayern München,32.0,188.0,86.0,Right,4.0,3.0,"Power Header, Incisive Pass, Long Ball Pass, First Touch, Trivela, Finesse Shot+",Men's Football,https://www.ea.com/games/ea-sports-fc/ratings/player-ratings/202126,65,93,84,83,49,82,64.0,66.0,94.0,95.0,94.0,89.0,89.0,93.0,86.0,80.0,69.0,86.0,88.0,82.0,82.0,66.0,73.0,94.0,87.0,92.0,42.0,91.0,46.0,46.0,38.0,87.0,75.0,86.0,80.0,8.0,10.0,11.0,14.0,11.0
England,,FW,Barcelona,False,False,ea_fc26,456.0,Marcus Rashford,81,LM,"ST, LW",England,Premier League,Man Utd,28.0,186.0,70.0,Right,3.0,5.0,"Technical, Flair, Quick Step, Power Shot+",Men's Football,https://www.ea.com/games/ea-sports-fc/ratings/player-ratings/231677,89,83,76,82,33,64,87.0,91.0,81.0,80.0,93.0,80.0,73.0,85.0,77.0,74.0,75.0,78.0,72.0,80.0,84.0,79.0,69.0,79.0,82.0,76.0,27.0,71.0,30.0,29.0,24.0,82.0,68.0,65.0,52.0,11.0,6.0,15.0,7.0,14.0
England,,FW,Arsenal,False,False,ea_fc26,47.0,Bukayo Saka,87,RW,RM,England,Premier League,Arsenal,24.0,178.0,65.0,Left,4.0,3.0,"Finesse Shot, Whipped Pass, Technical, Flair",Men's Football,https://www.ea.com/games/ea-sports-fc/ratings/player-ratings/246669,85,83,81,88,60,70,88.0,83.0,82.0,84.0,79.0,83.0,79.0,87.0,86.0,85.0,69.0,83.0,70.0,84.0,89.0,85.0,88.0,85.0,88.0,82.0,62.0,49.0,60.0,62.0,60.0,71.0,86.0,63.0,68.0,7.0,8.0,13.0,9.0,13.0
England,,FW,Aston Villa,False,False,ea_fc26,101.0,Ollie Watkins,85,ST,,England,Premier League,Aston Villa,30.0,180.0,70.0,Right,4.0,3.0,"Chip Shot, Rapid, Relentless",Men's Football,https://www.ea.com/games/ea-sports-fc/ratings/player-ratings/221697,85,83,73,80,50,83,79.0,89.0,87.0,86.0,84.0,76.0,80.0,74.0,77.0,67.0,63.0,79.0,64.0,74.0,81.0,79.0,76.0,85.0,79.0,81.0,55.0,84.0,45.0,46.0,36.0,91.0,88.0,82.0,76.0,14.0,14.0,14.0,6.0,10.0
England,,FW,Newcastle United,False,False,ea_fc26,320.0,Anthony Gordon,82,LW,LM,England,Premier League,Newcastle Utd,25.0,183.0,72.0,Right,3.0,3.0,"Finesse Shot, Rapid, Quick Step",Men's Football,https://www.ea.com/games/ea-sports-fc/ratings/player-ratings/242964,91,78,76,81,49,71,89.0,92.0,80.0,80.0,78.0,75.0,74.0,65.0,78.0,80.0,75.0,77.0,66.0,79.0,83.0,79.0,70.0,83.0,81.0,80.0,39.0,59.0,48.0,55.0,48.0,75.0,87.0,61.0,74.0,5.0,6.0,14.0,7.0,8.0
England,,FW,Arsenal,False,False,ea_fc26,456.0,Eberechi Eze,81,CAM,"CM, LM",England,Premier League,Crystal Palace,27.0,178.0,67.0,Right,3.0,4.0,"Finesse Shot, Power Shot, Dead Ball, Technical, Flair",Men's Football,https://www.ea.com/games/ea-sports-fc/ratings/player-ratings/235794,78,81,78,84,49,69,79.0,77.0,80.0,80.0,79.0,86.0,80.0,77.0,80.0,72.0,78.0,82.0,75.0,79.0,85.0,84.0,84.0,79.0,82.0,82.0,52.0,49.0,40.0,58.0,42.0,70.0,76.0,70.0,58.0,10.0,12.0,9.0,14.0,10.0
England,,FW,Arsenal,False,False,ea_fc26,967.0,Noni Madueke,78,RM,RW,England,Premier League,Chelsea,24.0,182.0,75.0,Left,3.0,4.0,"Technical, Flair, Quick Step",Men's Football,https://www.ea.com/games/ea-sports-fc/ratings/player-ratings/254796,90,72,72,82,38,67,89.0,90.0,71.0,72.0,75.0,73.0,65.0,72.0,71.0,72.0,62.0,74.0,70.0,73.0,85.0,88.0,80.0,72.0,80.0,75.0,37.0,45.0,38.0,40.0,30.0,71.0,72.0,68.0,57.0,5.0,13.0,6.0,12.0,15.0
England,,FW,Al-Ahli,False,False,ea_fc26,575.0,Ivan Toney,80,ST,,England,ROSHN Saudi League,Al Ahli,30.0,187.0,76.0,Right,3.0,3.0,Power Header,Men's Football,https://www.ea.com/games/ea-sports-fc/ratings/player-ratings/212228,77,81,71,75,51,81,76.0,78.0,81.0,84.0,82.0,71.0,77.0,92.0,76.0,63.0,71.0,76.0,65.0,62.0,73.0,74.0,67.0,78.0,78.0,81.0,52.0,81.0,45.0,51.0,39.0,91.0,76.0,81.0,83.0,16.0,8.0,8.0,7.0,8.0
Portugal,,GK,Porto,False,False,ea_fc26,148.0,Diogo Costa,84,GK,,Portugal,Liga Portugal,FC Porto,26.0,192.0,84.0,Right,2.0,1.0,"Long Ball Pass, Far Throw, 1v1 Close Down",Men's Football,https://www.ea.com/games/ea-sports-fc/ratings/player-ratings/234577,83,78,82,86,35,83,33.0,39.0,18.0,6.0,62.0,9.0,8.0,14.0,67.0,13.0,10.0,50.0,55.0,10.0,18.0,42.0,35.0,83.0,30.0,44.0,18.0,11.0,19.0,13.0,11.0,61.0,28.0,63.0,23.0,83.0,78.0,82.0,83.0,86.0
Portugal,,GK,Wolverhampton Wanderers,False,False,ea_fc26,734.0,José Sá,79,GK,,Portugal,Premier League,Wolves,33.0,192.0,84.0,Right,2.0,1.0,"Footwork, 1v1 Close Down",Men's Football,https://www.ea.com/games/ea-sports-fc/ratings/player-ratings/212442,80,75,70,81,52,78,52.0,53.0,17.0,15.0,53.0,18.0,17.0,11.0,50.0,18.0,21.0,48.0,42.0,12.0,17.0,62.0,40.0,77.0,19.0,45.0,18.0,14.0,14.0,19.0,15.0,72.0,34.0,75.0,35.0,80.0,75.0,70.0,78.0,81.0
Portugal,,GK,Sporting CP,False,False,ea_fc26,456.0,Rui Silva,81,GK,,Portugal,LALIGA EA SPORTS,Real Betis,32.0,191.0,91.0,Right,3.0,1.0,"Footwork, Deflector",Men's Football,https://www.ea.com/games/ea-sports-fc/ratings/player-ratings/210385,82,76,77,84,31,81,31.0,30.0,20.0,20.0,58.0,14.0,20.0,30.0,55.0,13.0,20.0,29.0,30.0,19.0,18.0,34.0,24.0,73.0,24.0,49.0,27.0,14.0,25.0,10.0,19.0,62.0,27.0,66.0,19.0,82.0,76.0,77.0,81.0,84.0
Portugal,,DF,Manchester City,False,False,ea_fc26,29.0,Rúben Dias,88,CB,,Portugal,Premier League,Manchester City,29.0,187.0,82.0,Right,4.0,2.0,"Power Header, Bruiser+",Men's Football,https://www.ea.com/games/ea-sports-fc/ratings/player-ratings/239818,67,39,70,69,89,87,65.0,68.0,39.0,29.0,74.0,26.0,32.0,45.0,64.0,54.0,48.0,85.0,81.0,46.0,64.0,62.0,56.0,89.0,75.0,86.0,87.0,87.0,90.0,90.0,87.0,88.0,78.0,90.0,88.0,7.0,8.0,13.0,7.0,12.0
Portugal,,DF,Barcelona,False,False,ea_fc26,72.0,João Cancelo,86,LB,"RB, RM",Portugal,ROSHN Saudi League,Al Hilal,32.0,182.0,74.0,Right,4.0,4.0,"Whipped Pass, Block, Technical, Flair, First Touch, Trivela",Men's Football,https://www.ea.com/games/ea-sports-fc/ratings/player-ratings/210514,81,73,85,85,80,72,86.0,77.0,81.0,69.0,80.0,79.0,62.0,52.0,85.0,87.0,69.0,87.0,79.0,87.0,85.0,79.0,78.0,84.0,87.0,85.0,81.0,72.0,79.0,83.0,79.0,80.0,88.0,62.0,76.0,6.0,9.0,15.0,14.0,14.0
Portugal,,DF,Fenerbahçe,False,False,ea_fc26,967.0,Nélson Semedo,78,RB,,Portugal,Premier League,Wolves,32.0,177.0,69.0,Right,3.0,4.0,Rapid,Men's Football,https://www.ea.com/games/ea-sports-fc/ratings/player-ratings/227928,80,56,69,78,74,73,79.0,80.0,70.0,49.0,73.0,57.0,42.0,38.0,64.0,75.0,34.0,76.0,67.0,63.0,77.0,80.0,76.0,76.0,79.0,76.0,76.0,58.0,73.0,79.0,76.0,74.0,78.0,69.0,78.0,16.0,12.0,10.0,14.0,12.0
Portugal,,DF,Paris Saint-Germain,False,False,ea_fc26,220.0,Nuno Mendes,83,LB,,Portugal,Ligue 1 McDonald's,Paris SG,23.0,180.0,70.0,Left,4.0,3.0,"Pinged Pass, Whipped Pass, Rapid, Quick Step",Men's Football,https://www.ea.com/games/ea-sports-fc/ratings/player-ratings/252145,89,58,76,82,78,76,91.0,88.0,77.0,45.0,80.0,63.0,54.0,45.0,72.0,81.0,59.0,79.0,72.0,73.0,81.0,82.0,84.0,81.0,82.0,80.0,78.0,72.0,77.0,79.0,80.0,86.0,81.0,73.0,74.0,7.0,8.0,8.0,12.0,15.0
Portugal,,DF,Manchester United,False,False,ea_fc26,320.0,Diogo Dalot,82,RB,LB,Portugal,Premier League,Man Utd,27.0,183.0,76.0,Right,4.0,4.0,"Slide Tackle, Technical",Men's Football,https://www.ea.com/games/ea-sports-fc/ratings/player-ratings/234574,85,63,77,80,79,79,84.0,86.0,78.0,54.0,82.0,71.0,44.0,47.0,78.0,79.0,52.0,79.0,74.0,81.0,81.0,76.0,71.0,80.0,81.0,76.0,79.0,77.0,76.0,80.0,82.0,88.0,83.0,75.0,81.0,10.0,6.0,10.0,6.0,8.0
Portugal,,DF,Sporting CP,False,False,ea_fc26,575.0,Gonçalo Inácio,80,CB,"LB, CDM",Portugal,Liga Portugal,Sporting CP,24.0,185.0,78.0,Left,2.0,2.0,"Pinged Pass, Long Ball Pass, Intercept, Aerial",Men's Football,https://www.ea.com/games/ea-sports-fc/ratings/player-ratings/257179,80,37,64,71,81,79,79.0,81.0,74.0,23.0,67.0,28.0,45.0,40.0,75.0,30.0,27.0,79.0,85.0,29.0,69.0,73.0,55.0,77.0,73.0,75.0,78.0,84.0,82.0,82.0,79.0,85.0,78.0,79.0,78.0,6.0,6.0,7.0,10.0,7.0
Portugal,,DF,Manchester City,False,False,ea_fc26,967.0,Matheus Nunes,78,CM,LM,Portugal,Premier League,Manchester City,27.0,183.0,76.0,Right,3.0,3.0,Press Proven,Men's Football,https://www.ea.com/games/ea-sports-fc/ratings/player-ratings/253124,83,71,74,81,73,76,79.0,86.0,77.0,71.0,77.0,68.0,59.0,62.0,77.0,59.0,58.0,80.0,79.0,74.0,83.0,78.0,71.0,78.0,81.0,80.0,78.0,53.0,74.0,75.0,74.0,74.0,79.0,74.0,76.0,13.0,10.0,12.0,12.0,13.0
Portugal,,DF,Villarreal,False,False,ea_fc26,3509.0,Renato Veiga,72,CDM,"CB, LB",Portugal,Premier League,Chelsea,22.0,190.0,85.0,Left,3.0,2.0,Block,Men's Football,https://www.ea.com/games/ea-sports-fc/ratings/player-ratings/273906,73,60,70,70,70,72,65.0,80.0,57.0,50.0,72.0,70.0,68.0,60.0,70.0,62.0,72.0,72.0,73.0,70.0,70.0,70.0,56.0,70.0,73.0,72.0,70.0,68.0,68.0,72.0,73.0,74.0,68.0,72.0,78.0,6.0,15.0,11.0,13.0,9.0
Portugal,,DF,Benfica,False,False,ea_fc26,2871.0,Tomás Araújo,73,CB,,Portugal,Liga Portugal,SL Benfica,24.0,187.0,81.0,Right,2.0,2.0,"Jockey, Intercept, Aerial",Men's Football,https://www.ea.com/games/ea-sports-fc/ratings/player-ratings/266096,79,29,65,66,72,79,78.0,80.0,27.0,25.0,40.0,22.0,34.0,39.0,71.0,44.0,30.0,78.0,77.0,30.0,65.0,59.0,58.0,66.0,71.0,62.0,77.0,72.0,66.0,75.0,70.0,88.0,82.0,81.0,70.0,12.0,11.0,7.0,9.0,13.0
Portugal,,MF,Manchester City,False,False,ea_fc26,34.0,Bernardo Silva,88,CM,RW,Portugal,Premier League,Manchester City,31.0,173.0,64.0,Left,3.0,4.0,"Tiki Taka, Whipped Pass, Flair, Relentless, Trivela, Technical+",Men's Football,https://www.ea.com/games/ea-sports-fc/ratings/player-ratings/218667,75,78,86,92,71,69,83.0,69.0,85.0,78.0,79.0,79.0,78.0,64.0,87.0,84.0,67.0,91.0,82.0,84.0,93.0,95.0,92.0,89.0,92.0,89.0,73.0,54.0,70.0,76.0,68.0,68.0,93.0,54.0,78.0,9.0,10.0,14.0,12.0,9.0
Portugal,,MF,Manchester United,False,False,ea_fc26,57.0,Bruno Fernandes,87,CAM,CM,Portugal,Premier League,Man Utd,31.0,179.0,69.0,Right,3.0,4.0,"Dead Ball, Incisive Pass, Pinged Pass, Flair, First Touch, Relentless, Long Ball Pass+",Men's Football,https://www.ea.com/games/ea-sports-fc/ratings/player-ratings/212198,70,85,88,83,65,75,72.0,68.0,87.0,84.0,86.0,85.0,87.0,90.0,94.0,82.0,82.0,89.0,90.0,85.0,83.0,78.0,76.0,90.0,86.0,79.0,63.0,63.0,62.0,71.0,66.0,70.0,95.0,61.0,84.0,12.0,14.0,15.0,8.0,14.0
Portugal,,MF,Al-Hilal,False,False,ea_fc26,148.0,Rúben Neves,84,CDM,CM,Portugal,ROSHN Saudi League,Al Hilal,29.0,180.0,83.0,Right,4.0,3.0,"Power Shot, Dead Ball, Long Ball Pass, Whipped Pass",Men's Football,https://www.ea.com/games/ea-sports-fc/ratings/player-ratings/224293,57,75,86,77,77,77,59.0,55.0,62.0,66.0,86.0,83.0,82.0,77.0,87.0,83.0,81.0,88.0,88.0,85.0,74.0,64.0,73.0,82.0,83.0,88.0,81.0,53.0,79.0,79.0,79.0,66.0,80.0,74.0,82.0,16.0,12.0,10.0,8.0,10.0
Portugal,,MF,Paris Saint-Germain,False,False,ea_fc26,101.0,Vitinha,85,CM,CDM,Portugal,Ligue 1 McDonald's,Paris SG,26.0,172.0,64.0,Right,3.0,3.0,"Finesse Shot, Intercept, Technical, Tiki Taka+",Men's Football,https://www.ea.com/games/ea-sports-fc/ratings/player-ratings/255253,72,77,84,87,73,68,75.0,69.0,77.0,77.0,76.0,83.0,62.0,73.0,85.0,78.0,68.0,88.0,85.0,81.0,87.0,91.0,88.0,85.0,87.0,88.0,80.0,52.0,74.0,77.0,68.0,66.0,81.0,59.0,77.0,12.0,13.0,8.0,5.0,5.0
Portugal,,MF,Paris Saint-Germain,False,False,ea_fc26,734.0,João Neves,79,CM,CDM,Portugal,Ligue 1 McDonald's,Paris SG,21.0,174.0,66.0,Right,3.0,3.0,"Press Proven, Relentless",Men's Football,https://www.ea.com/games/ea-sports-fc/ratings/player-ratings/272834,81,68,75,80,75,80,82.0,80.0,75.0,68.0,73.0,66.0,66.0,60.0,78.0,67.0,53.0,80.0,76.0,72.0,78.0,84.0,82.0,81.0,80.0,81.0,80.0,66.0,72.0,78.0,71.0,82.0,90.0,76.0,76.0,8.0,7.0,5.0,13.0,13.0
Portugal,,MF,Mallorca,False,False,ea_fc26,2309.0,Samú Costa,74,CDM,CM,Portugal,LALIGA EA SPORTS,RCD Mallorca,25.0,183.0,75.0,Left,2.0,2.0,"Long Ball Pass, Intercept, Press Proven",Men's Football,https://www.ea.com/games/ea-sports-fc/ratings/player-ratings/255566,62,63,67,68,70,73,66.0,58.0,61.0,57.0,78.0,70.0,48.0,52.0,68.0,55.0,50.0,76.0,74.0,45.0,66.0,67.0,64.0,69.0,71.0,66.0,75.0,57.0,70.0,72.0,70.0,70.0,79.0,71.0,73.0,6.0,7.0,12.0,14.0,9.0
Portugal,,FW,Al-Nassr,True,False,ea_fc26,67.0,Cristiano Ronaldo,86,ST,,Portugal,ROSHN Saudi League,Al Nassr,41.0,187.0,85.0,Right,4.0,5.0,"Power Header, Flair, Trickster, Trivela, Acrobatic, Aerial, Power Shot+",Men's Football,https://www.ea.com/games/ea-sports-fc/ratings/player-ratings/20801,77,88,77,80,34,77,73.0,80.0,90.0,87.0,92.0,85.0,83.0,90.0,78.0,78.0,76.0,79.0,70.0,79.0,77.0,76.0,61.0,87.0,86.0,92.0,29.0,87.0,24.0,32.0,24.0,94.0,80.0,79.0,62.0,7.0,11.0,15.0,14.0,11.0
Portugal,,FW,Al-Nassr,False,False,ea_fc26,575.0,João Félix,80,LW,"ST, LM",Portugal,Premier League,Chelsea,26.0,181.0,70.0,Right,4.0,5.0,"Technical, Flair, First Touch",Men's Football,https://www.ea.com/games/ea-sports-fc/ratings/player-ratings/242444,80,78,77,84,40,67,82.0,79.0,79.0,77.0,80.0,80.0,83.0,68.0,80.0,75.0,67.0,80.0,73.0,83.0,84.0,88.0,84.0,80.0,82.0,84.0,40.0,69.0,30.0,42.0,35.0,77.0,75.0,62.0,68.0,13.0,12.0,14.0,13.0,14.0
Portugal,,FW,Milan,False,False,ea_fc26,73.0,Rafael Leão,86,LW,"LM, ST",Portugal,Serie A Enilive,Milano FC,26.0,188.0,81.0,Right,4.0,5.0,"Finesse Shot, Incisive Pass, Whipped Pass, Flair, Trickster, Quick Step, Rapid+",Men's Football,https://www.ea.com/games/ea-sports-fc/ratings/player-ratings/241721,94,79,80,87,28,77,94.0,94.0,76.0,83.0,80.0,75.0,74.0,63.0,84.0,84.0,60.0,83.0,70.0,79.0,88.0,85.0,84.0,84.0,87.0,83.0,24.0,72.0,22.0,24.0,21.0,90.0,75.0,83.0,60.0,10.0,12.0,15.0,11.0,9.0
Portugal,,FW,Real Sociedad,False,False,ea_fc26,1214.0,Gonçalo Guedes,77,ST,"LW, LM",Portugal,Premier League,Wolves,29.0,179.0,68.0,Right,4.0,4.0,"Power Shot, Rapid, Flair",Men's Football,https://www.ea.com/games/ea-sports-fc/ratings/player-ratings/224411,83,79,71,81,37,68,82.0,83.0,73.0,77.0,87.0,81.0,75.0,69.0,75.0,76.0,70.0,68.0,64.0,76.0,82.0,81.0,75.0,77.0,81.0,76.0,50.0,70.0,24.0,34.0,30.0,74.0,64.0,71.0,64.0,9.0,12.0,11.0,9.0,9.0
Portugal,,FW,Paris Saint-Germain,False,False,ea_fc26,734.0,Gonçalo Ramos,79,ST,,Portugal,Ligue 1 McDonald's,Paris SG,24.0,185.0,82.0,Right,4.0,2.0,"Finesse Shot, Power Header, Press Proven, Aerial",Men's Football,https://www.ea.com/games/ea-sports-fc/ratings/player-ratings/256903,76,77,64,77,47,81,77.0,75.0,85.0,81.0,82.0,67.0,74.0,60.0,63.0,58.0,45.0,72.0,63.0,64.0,76.0,77.0,75.0,81.0,78.0,75.0,44.0,80.0,43.0,47.0,34.0,89.0,85.0,79.0,78.0,15.0,9.0,7.0,7.0,15.0
Portugal,,FW,Chelsea,False,False,ea_fc26,734.0,Pedro Neto,79,RW,"LW, ST, RM",Portugal,Premier League,Chelsea,26.0,172.0,62.0,Left,4.0,4.0,"Rapid, Quick Step",Men's Football,https://www.ea.com/games/ea-sports-fc/ratings/player-ratings/238616,88,74,72,83,31,59,89.0,87.0,75.0,75.0,77.0,73.0,68.0,62.0,76.0,76.0,56.0,75.0,62.0,68.0,84.0,90.0,90.0,74.0,81.0,69.0,41.0,49.0,32.0,23.0,17.0,68.0,70.0,55.0,55.0,6.0,13.0,7.0,12.0,6.0
Portugal,,FW,Sporting CP,False,False,ea_fc26,967.0,Trincão,78,RW,"CAM, LW, RM",Portugal,Liga Portugal,Sporting CP,26.0,184.0,76.0,Left,2.0,4.0,"Technical, Flair, Trickster, Trivela",Men's Football,https://www.ea.com/games/ea-sports-fc/ratings/player-ratings/244778,78,77,72,83,39,59,77.0,78.0,79.0,79.0,75.0,77.0,68.0,67.0,79.0,69.0,74.0,71.0,68.0,82.0,84.0,84.0,74.0,73.0,84.0,81.0,35.0,66.0,37.0,36.0,34.0,72.0,69.0,57.0,50.0,5.0,9.0,6.0,15.0,7.0
Portugal,,FW,Juventus,False,False,ea_fc26,967.0,Francisco Conceição,78,RM,RW,Portugal,Serie A Enilive,Juventus,23.0,168.0,61.0,Left,2.0,4.0,Technical,Men's Football,https://www.ea.com/games/ea-sports-fc/ratings/player-ratings/261050,87,67,71,83,36,50,88.0,87.0,71.0,68.0,72.0,59.0,67.0,59.0,71.0,74.0,48.0,73.0,69.0,73.0,84.0,93.0,91.0,79.0,80.0,72.0,31.0,36.0,34.0,41.0,37.0,54.0,69.0,40.0,49.0,9.0,6.0,7.0,15.0,14.0
Netherlands,,GK,Brighton & Hove Albion,False,False,ea_fc26,1520.0,Bart Verbruggen,76,GK,,Holland,Premier League,Brighton,23.0,193.0,89.0,Right,3.0,1.0,,Men's Football,https://www.ea.com/games/ea-sports-fc/ratings/player-ratings/258498,78,72,74,81,56,69,57.0,55.0,4.0,8.0,56.0,7.0,6.0,21.0,43.0,10.0,15.0,40.0,35.0,11.0,15.0,52.0,45.0,76.0,23.0,35.0,19.0,15.0,12.0,17.0,14.0,73.0,30.0,72.0,17.0,78.0,72.0,74.0,69.0,81.0
Netherlands,,GK,Bayer Leverkusen,False,False,ea_fc26,734.0,Mark Flekken,79,GK,,Holland,Premier League,Brentford,32.0,195.0,87.0,Right,4.0,1.0,"Long Ball Pass, Footwork",Men's Football,https://www.ea.com/games/ea-sports-fc/ratings/player-ratings/211738,80,74,83,82,32,77,29.0,36.0,14.0,16.0,62.0,11.0,14.0,23.0,43.0,14.0,12.0,39.0,42.0,19.0,12.0,34.0,38.0,78.0,34.0,39.0,12.0,11.0,15.0,13.0,20.0,63.0,28.0,72.0,32.0,80.0,74.0,83.0,77.0,82.0
Netherlands,,GK,Sunderland,False,False,ea_fc26,8960.0,Robin Roefs,66,GK,,Holland,Eredivisie,,23.0,192.0,72.0,Left,3.0,1.0,,Men's Football,https://www.ea.com/games/ea-sports-fc/ratings/player-ratings/263798,64,66,64,68,18,63,17.0,19.0,6.0,5.0,48.0,5.0,9.0,16.0,33.0,11.0,14.0,21.0,14.0,10.0,10.0,31.0,25.0,64.0,16.0,31.0,7.0,14.0,8.0,13.0,13.0,44.0,23.0,60.0,24.0,64.0,66.0,64.0,63.0,68.0
Netherlands,,DF,Liverpool,True,False,ea_fc26,20.0,Virgil van Dijk,89,CB,,Holland,Premier League,Liverpool,34.0,193.0,92.0,Right,3.0,2.0,"Power Header, Long Ball Pass, Jockey, Block, Anticipate, Bruiser, Aerial+",Men's Football,https://www.ea.com/games/ea-sports-fc/ratings/player-ratings/203376,78,60,71,71,89,86,66.0,87.0,47.0,52.0,81.0,64.0,45.0,62.0,67.0,53.0,70.0,80.0,86.0,60.0,70.0,54.0,50.0,88.0,77.0,90.0,88.0,87.0,90.0,91.0,86.0,89.0,72.0,93.0,85.0,13.0,10.0,13.0,11.0,11.0
Netherlands,,DF,Inter Milan,False,False,ea_fc26,320.0,Denzel Dumfries,82,RB,RM,Holland,Serie A Enilive,Lombardia FC,30.0,188.0,80.0,Right,3.0,2.0,"Quick Step, Relentless",Men's Football,https://www.ea.com/games/ea-sports-fc/ratings/player-ratings/233096,83,66,73,74,78,88,77.0,87.0,78.0,70.0,70.0,59.0,51.0,50.0,64.0,79.0,44.0,78.0,73.0,72.0,74.0,69.0,61.0,81.0,78.0,74.0,76.0,85.0,76.0,79.0,78.0,94.0,89.0,89.0,83.0,10.0,10.0,7.0,13.0,14.0
Netherlands,,DF,Manchester City,False,False,ea_fc26,148.0,Nathan Aké,84,CB,LB,Holland,Premier League,Manchester City,31.0,180.0,75.0,Left,3.0,2.0,,Men's Football,https://www.ea.com/games/ea-sports-fc/ratings/player-ratings/208920,76,53,72,75,84,77,77.0,75.0,51.0,48.0,64.0,56.0,52.0,53.0,68.0,63.0,59.0,81.0,75.0,64.0,73.0,67.0,68.0,84.0,79.0,79.0,83.0,82.0,84.0,85.0,84.0,88.0,71.0,78.0,80.0,10.0,7.0,7.0,16.0,10.0
Netherlands,,DF,Arsenal,False,False,ea_fc26,734.0,Jurriën Timber,79,CB,,Holland,Premier League,Arsenal,24.0,179.0,78.0,Right,3.0,3.0,"Jockey, Intercept",Men's Football,https://www.ea.com/games/ea-sports-fc/ratings/player-ratings/251805,78,47,67,76,80,78,78.0,78.0,66.0,41.0,58.0,46.0,41.0,42.0,64.0,60.0,31.0,79.0,70.0,44.0,75.0,73.0,74.0,78.0,77.0,85.0,82.0,68.0,83.0,82.0,76.0,84.0,74.0,82.0,72.0,6.0,6.0,8.0,14.0,14.0
Netherlands,,DF,Tottenham Hotspur,False,False,ea_fc26,320.0,Micky van de Ven,82,CB,,Holland,Premier League,Spurs,25.0,193.0,86.0,Left,3.0,3.0,"Block, Slide Tackle",Men's Football,https://www.ea.com/games/ea-sports-fc/ratings/player-ratings/264453,88,47,64,71,83,81,81.0,93.0,48.0,43.0,48.0,57.0,47.0,39.0,55.0,58.0,34.0,77.0,74.0,37.0,72.0,59.0,49.0,80.0,75.0,82.0,83.0,75.0,83.0,84.0,83.0,89.0,74.0,84.0,79.0,7.0,13.0,13.0,11.0,7.0
Netherlands,,DF,Brighton & Hove Albion,False,False,ea_fc26,575.0,Mats Wieffer,80,CDM,CM,Holland,Premier League,Brighton,26.0,188.0,78.0,Right,3.0,3.0,"Block, Intercept, Bruiser, Press Proven, Aerial",Men's Football,https://www.ea.com/games/ea-sports-fc/ratings/player-ratings/248793,70,66,74,75,76,83,67.0,73.0,63.0,62.0,75.0,69.0,68.0,55.0,74.0,68.0,52.0,79.0,79.0,69.0,73.0,67.0,65.0,76.0,80.0,80.0,81.0,76.0,73.0,78.0,72.0,84.0,86.0,81.0,86.0,7.0,12.0,14.0,12.0,7.0
Netherlands,,DF,Brighton & Hove Albion,False,False,ea_fc26,1520.0,Jan Paul van Hecke,76,CB,,Holland,Premier League,Brighton,25.0,189.0,79.0,Right,3.0,2.0,,Men's Football,https://www.ea.com/games/ea-sports-fc/ratings/player-ratings/258908,55,45,58,65,77,77,52.0,57.0,34.0,33.0,72.0,50.0,28.0,56.0,45.0,32.0,64.0,76.0,70.0,54.0,65.0,54.0,53.0,73.0,70.0,68.0,76.0,73.0,78.0,78.0,76.0,76.0,68.0,79.0,81.0,11.0,9.0,8.0,7.0,5.0
Netherlands,,DF,Chelsea,False,False,ea_fc26,2871.0,Jorrel Hato,73,CB,LB,Holland,Eredivisie,,20.0,182.0,76.0,Left,3.0,2.0,"Jockey, Intercept, Quick Step",Men's Football,https://www.ea.com/games/ea-sports-fc/ratings/player-ratings/272978,86,39,66,72,74,70,84.0,88.0,52.0,36.0,53.0,29.0,35.0,34.0,64.0,55.0,31.0,77.0,73.0,54.0,68.0,75.0,75.0,75.0,74.0,74.0,77.0,67.0,73.0,75.0,70.0,88.0,68.0,69.0,68.0,8.0,5.0,5.0,13.0,9.0
Netherlands,,MF,Barcelona,False,False,ea_fc26,55.0,Frenkie de Jong,87,CM,CDM,Holland,LALIGA EA SPORTS,FC Barcelona,29.0,181.0,74.0,Right,3.0,4.0,"Incisive Pass, Long Ball Pass, Tiki Taka, Flair, Press Proven, Trivela+",Men's Football,https://www.ea.com/games/ea-sports-fc/ratings/player-ratings/228702,82,69,86,87,77,78,80.0,83.0,77.0,72.0,68.0,66.0,70.0,53.0,88.0,78.0,64.0,91.0,89.0,84.0,87.0,87.0,79.0,88.0,89.0,90.0,82.0,72.0,76.0,76.0,77.0,82.0,89.0,74.0,74.0,7.0,13.0,10.0,10.0,9.0
Netherlands,,MF,Atalanta,False,False,ea_fc26,734.0,Marten de Roon,79,CM,"CDM, CB",Holland,Serie A Enilive,Bergamo Calcio,35.0,185.0,76.0,Right,3.0,3.0,"Long Ball Pass, Relentless",Men's Football,https://www.ea.com/games/ea-sports-fc/ratings/player-ratings/208461,64,71,75,75,82,83,58.0,68.0,70.0,66.0,77.0,77.0,63.0,80.0,70.0,68.0,54.0,84.0,83.0,61.0,75.0,59.0,72.0,78.0,78.0,83.0,84.0,75.0,82.0,84.0,79.0,78.0,91.0,79.0,84.0,14.0,15.0,7.0,12.0,12.0
Netherlands,,MF,Manchester City,False,False,ea_fc26,320.0,Tijjani Reijnders,82,CM,"CDM, CAM",Holland,Serie A Enilive,Milano FC,27.0,185.0,73.0,Right,4.0,4.0,"Power Shot, Incisive Pass, Tiki Taka, Technical, Flair",Men's Football,https://www.ea.com/games/ea-sports-fc/ratings/player-ratings/240638,80,76,80,84,73,74,83.0,77.0,79.0,71.0,85.0,82.0,65.0,59.0,81.0,73.0,70.0,85.0,81.0,77.0,84.0,82.0,84.0,80.0,84.0,83.0,75.0,61.0,71.0,77.0,71.0,76.0,92.0,65.0,75.0,6.0,10.0,9.0,14.0,9.0
Netherlands,,MF,Juventus,False,False,ea_fc26,220.0,Teun Koopmeiners,83,CM,CAM,Holland,Serie A Enilive,Juventus,28.0,183.0,77.0,Left,2.0,3.0,"Anticipate, Relentless",Men's Football,https://www.ea.com/games/ea-sports-fc/ratings/player-ratings/240679,66,78,83,78,75,78,64.0,67.0,80.0,75.0,82.0,83.0,69.0,85.0,84.0,79.0,77.0,86.0,85.0,74.0,76.0,66.0,70.0,84.0,84.0,81.0,78.0,73.0,76.0,74.0,73.0,77.0,87.0,75.0,72.0,14.0,8.0,14.0,12.0,10.0
Netherlands,,MF,Liverpool,False,False,ea_fc26,967.0,Ryan Gravenberch,78,CM,CDM,Holland,Premier League,Liverpool,24.0,190.0,77.0,Right,4.0,4.0,"Technical, Flair",Men's Football,https://www.ea.com/games/ea-sports-fc/ratings/player-ratings/246104,71,76,77,81,68,73,72.0,70.0,77.0,76.0,78.0,79.0,69.0,58.0,81.0,73.0,69.0,80.0,76.0,74.0,84.0,77.0,69.0,74.0,83.0,76.0,73.0,58.0,69.0,69.0,59.0,74.0,77.0,75.0,61.0,12.0,8.0,6.0,11.0,12.0
Netherlands,,MF,Bournemouth,False,False,ea_fc26,1214.0,Justin Kluivert,77,CAM,LM,Holland,Premier League,AFC Bournemouth,27.0,171.0,66.0,Right,4.0,4.0,"Rapid, Flair",Men's Football,https://www.ea.com/games/ea-sports-fc/ratings/player-ratings/236920,88,75,73,81,38,65,88.0,88.0,72.0,73.0,80.0,77.0,67.0,67.0,75.0,77.0,63.0,73.0,68.0,72.0,82.0,87.0,83.0,70.0,80.0,72.0,30.0,57.0,43.0,35.0,30.0,74.0,72.0,60.0,65.0,5.0,6.0,14.0,7.0,12.0
Netherlands,,MF,Marseille,False,False,ea_fc26,734.0,Quinten Timber,79,CM,"CAM, CDM",Holland,Eredivisie,,24.0,179.0,71.0,Right,4.0,3.0,"Power Shot, Incisive Pass, Bruiser, Technical",Men's Football,https://www.ea.com/games/ea-sports-fc/ratings/player-ratings/251806,77,76,75,79,75,81,86.0,70.0,77.0,74.0,81.0,80.0,65.0,60.0,78.0,66.0,58.0,80.0,77.0,71.0,79.0,80.0,82.0,80.0,80.0,75.0,76.0,65.0,75.0,77.0,75.0,86.0,78.0,82.0,82.0,5.0,8.0,12.0,11.0,8.0
Netherlands,,MF,PSV Eindhoven,False,False,ea_fc26,1881.0,Guus Til,75,CAM,CM,Holland,Eredivisie,,28.0,186.0,78.0,Right,3.0,3.0,"Chip Shot, Power Header",Men's Football,https://www.ea.com/games/ea-sports-fc/ratings/player-ratings/235663,81,73,71,73,64,74,74.0,86.0,83.0,76.0,74.0,68.0,63.0,66.0,75.0,60.0,63.0,76.0,74.0,61.0,74.0,66.0,66.0,75.0,74.0,76.0,69.0,78.0,61.0,60.0,58.0,78.0,78.0,72.0,74.0,12.0,6.0,12.0,11.0,14.0
Netherlands,,FW,Ajax,False,False,ea_fc26,1214.0,Wout Weghorst,77,ST,,Holland,Eredivisie,,33.0,197.0,84.0,Right,3.0,2.0,Power Header,Men's Football,https://www.ea.com/games/ea-sports-fc/ratings/player-ratings/223689,59,76,61,68,58,86,51.0,66.0,80.0,75.0,84.0,68.0,76.0,71.0,70.0,38.0,48.0,77.0,54.0,40.0,65.0,53.0,40.0,81.0,80.0,74.0,54.0,86.0,48.0,64.0,52.0,87.0,75.0,90.0,87.0,11.0,9.0,14.0,16.0,12.0
Netherlands,,FW,Roma,False,False,ea_fc26,220.0,Donyell Malen,83,RM,"ST, LM, RW",Holland,Bundesliga,Borussia Dortmund,27.0,176.0,68.0,Right,4.0,4.0,"Technical, Flair, First Touch, Quick Step, Trivela",Men's Football,https://www.ea.com/games/ea-sports-fc/ratings/player-ratings/231447,89,81,74,85,35,72,93.0,86.0,84.0,84.0,86.0,72.0,81.0,74.0,75.0,74.0,61.0,79.0,64.0,76.0,86.0,87.0,86.0,82.0,85.0,79.0,31.0,67.0,29.0,33.0,35.0,84.0,77.0,72.0,65.0,7.0,9.0,9.0,10.0,14.0
Netherlands,,FW,Liverpool,False,False,ea_fc26,220.0,Cody Gakpo,83,ST,LW,Holland,Premier League,Liverpool,27.0,189.0,76.0,Right,4.0,4.0,"Press Proven, Trivela",Men's Football,https://www.ea.com/games/ea-sports-fc/ratings/player-ratings/242516,82,83,78,83,48,75,84.0,81.0,82.0,83.0,86.0,83.0,77.0,68.0,80.0,83.0,76.0,79.0,70.0,78.0,86.0,75.0,67.0,81.0,85.0,83.0,45.0,81.0,46.0,48.0,31.0,91.0,76.0,78.0,63.0,15.0,11.0,7.0,9.0,5.0
Netherlands,,FW,Galatasaray,False,False,ea_fc26,734.0,Noa Lang,79,LW,"CAM, LM",Holland,Eredivisie,,26.0,179.0,69.0,Right,4.0,5.0,"Incisive Pass, Technical, Flair, First Touch, Quick Step, Trivela",Men's Football,https://www.ea.com/games/ea-sports-fc/ratings/player-ratings/239380,82,75,72,84,50,70,86.0,79.0,75.0,77.0,72.0,72.0,80.0,71.0,74.0,69.0,57.0,76.0,68.0,75.0,85.0,88.0,84.0,78.0,84.0,82.0,57.0,49.0,47.0,51.0,43.0,71.0,80.0,65.0,72.0,13.0,7.0,13.0,12.0,12.0
Netherlands,,FW,Sunderland,False,False,ea_fc26,734.0,Brian Brobbey,79,ST,,Holland,Eredivisie,,24.0,180.0,78.0,Right,4.0,3.0,Power Header,Men's Football,https://www.ea.com/games/ea-sports-fc/ratings/player-ratings/251810,85,76,57,73,30,80,82.0,88.0,84.0,81.0,79.0,66.0,67.0,66.0,55.0,36.0,44.0,75.0,53.0,49.0,69.0,65.0,88.0,79.0,78.0,78.0,26.0,71.0,28.0,23.0,24.0,92.0,60.0,92.0,70.0,10.0,11.0,15.0,8.0,13.0
Netherlands,,FW,West Ham United,False,False,ea_fc26,1520.0,Crysencio Summerville,76,LM,"RM, LW",Holland,Premier League,West Ham,24.0,174.0,64.0,Right,3.0,3.0,"Incisive Pass, Rapid, First Touch, Quick Step, Trivela",Men's Football,https://www.ea.com/games/ea-sports-fc/ratings/player-ratings/251954,91,71,67,79,35,60,93.0,90.0,72.0,76.0,71.0,66.0,54.0,69.0,71.0,69.0,65.0,72.0,47.0,68.0,80.0,88.0,83.0,71.0,76.0,72.0,18.0,41.0,44.0,38.0,26.0,65.0,74.0,57.0,47.0,9.0,9.0,15.0,11.0,10.0
Morocco,,GK,Al-Hilal,False,False,ea_fc26,148.0,Yassine Bounou,84,GK,,Morocco,ROSHN Saudi League,Al Hilal,35.0,195.0,78.0,Left,2.0,1.0,"Footwork, Cross Claimer, Far Throw+",Men's Football,https://www.ea.com/games/ea-sports-fc/ratings/player-ratings/209981,81,82,77,86,38,83,38.0,37.0,10.0,14.0,58.0,19.0,13.0,24.0,62.0,15.0,19.0,39.0,44.0,12.0,20.0,47.0,29.0,80.0,12.0,57.0,12.0,14.0,20.0,18.0,15.0,66.0,43.0,69.0,25.0,81.0,82.0,77.0,83.0,86.0
Morocco,,DF,Paris Saint-Germain,True,False,ea_fc26,148.0,Achraf Hakimi,84,RB,,Morocco,Ligue 1 McDonald's,Paris SG,27.0,181.0,73.0,Right,4.0,4.0,"Whipped Pass, Quick Step",Men's Football,https://www.ea.com/games/ea-sports-fc/ratings/player-ratings/235212,91,76,80,80,75,78,89.0,93.0,78.0,75.0,82.0,75.0,74.0,64.0,78.0,84.0,77.0,82.0,73.0,77.0,79.0,81.0,77.0,82.0,82.0,83.0,78.0,68.0,75.0,76.0,76.0,82.0,92.0,72.0,76.0,10.0,8.0,14.0,6.0,8.0
Morocco,,DF,Marseille,False,False,ea_fc26,734.0,Nayef Aguerd,79,CB,,Morocco,LALIGA EA SPORTS,Real Sociedad,30.0,190.0,76.0,Left,3.0,2.0,"Power Header, Long Ball Pass, Anticipate",Men's Football,https://www.ea.com/games/ea-sports-fc/ratings/player-ratings/244749,67,50,64,64,81,75,55.0,77.0,52.0,40.0,69.0,54.0,41.0,48.0,62.0,48.0,41.0,74.0,75.0,55.0,58.0,52.0,49.0,79.0,74.0,72.0,81.0,81.0,79.0,83.0,78.0,81.0,69.0,76.0,77.0,7.0,15.0,9.0,14.0,6.0
Morocco,,DF,Manchester United,False,False,ea_fc26,456.0,Noussair Mazraoui,81,RB,LB,Morocco,Premier League,Man Utd,28.0,183.0,65.0,Right,3.0,3.0,"Jockey, Intercept, Anticipate, Technical, Flair",Men's Football,https://www.ea.com/games/ea-sports-fc/ratings/player-ratings/236401,78,66,77,83,77,71,83.0,73.0,80.0,69.0,68.0,61.0,56.0,44.0,77.0,79.0,42.0,83.0,76.0,69.0,83.0,86.0,74.0,79.0,84.0,79.0,81.0,65.0,76.0,77.0,81.0,78.0,76.0,68.0,69.0,12.0,7.0,13.0,12.0,12.0
Morocco,,DF,PSV Eindhoven,False,False,ea_fc26,7904.0,Anass Salah-Eddine,67,LB,CM,Holland,Eredivisie,,24.0,181.0,66.0,Left,3.0,3.0,,Men's Football,https://www.ea.com/games/ea-sports-fc/ratings/player-ratings/268728,74,35,65,69,62,66,75.0,74.0,64.0,27.0,45.0,36.0,28.0,37.0,66.0,58.0,39.0,72.0,67.0,55.0,71.0,69.0,66.0,63.0,69.0,66.0,61.0,53.0,62.0,65.0,63.0,68.0,68.0,65.0,64.0,14.0,8.0,15.0,14.0,12.0
Morocco,,DF,Crystal Palace,False,False,ea_fc26,3509.0,Chadi Riad,72,CB,,Morocco,Premier League,Crystal Palace,22.0,190.0,78.0,Left,3.0,2.0,,Men's Football,https://www.ea.com/games/ea-sports-fc/ratings/player-ratings/258490,62,32,54,54,72,74,63.0,61.0,28.0,27.0,42.0,32.0,34.0,46.0,41.0,36.0,28.0,75.0,65.0,30.0,39.0,70.0,65.0,67.0,68.0,54.0,68.0,73.0,69.0,76.0,71.0,81.0,59.0,80.0,74.0,10.0,12.0,9.0,8.0,10.0
Morocco,,DF,Fulham,False,False,ea_fc26,1214.0,Issa Diop,77,CB,,France,Premier League,Fulham,29.0,194.0,92.0,Right,3.0,2.0,"Block, Bruiser",Men's Football,https://www.ea.com/games/ea-sports-fc/ratings/player-ratings/231633,57,37,53,55,77,80,49.0,64.0,42.0,30.0,51.0,31.0,48.0,44.0,43.0,37.0,34.0,68.0,63.0,32.0,52.0,52.0,33.0,71.0,59.0,65.0,78.0,78.0,77.0,77.0,76.0,82.0,67.0,87.0,79.0,10.0,7.0,6.0,14.0,9.0
Morocco,,DF,Genk,False,False,ea_fc26,4248.0,Zakaria El Ouahdi,71,RB,RM,Morocco,1A Pro League,KRC Genk,24.0,172.0,66.0,Right,3.0,3.0,,Men's Football,https://www.ea.com/games/ea-sports-fc/ratings/player-ratings/275353,73,55,67,75,62,58,78.0,69.0,52.0,58.0,48.0,55.0,52.0,58.0,67.0,72.0,63.0,67.0,62.0,65.0,76.0,82.0,83.0,73.0,72.0,70.0,71.0,30.0,58.0,69.0,67.0,53.0,81.0,51.0,48.0,8.0,8.0,11.0,14.0,5.0
Morocco,,MF,Real Betis,False,False,ea_fc26,967.0,Sofyan Amrabat,78,CDM,CM,Morocco,Trendyol Süper Lig,Fenerbahçe,29.0,183.0,77.0,Right,2.0,3.0,"Slide Tackle, Press Proven",Men's Football,https://www.ea.com/games/ea-sports-fc/ratings/player-ratings/224158,65,69,73,75,74,80,62.0,67.0,66.0,66.0,74.0,73.0,68.0,57.0,74.0,63.0,65.0,79.0,77.0,72.0,74.0,62.0,80.0,74.0,79.0,75.0,74.0,61.0,74.0,77.0,74.0,73.0,79.0,78.0,86.0,13.0,13.0,6.0,16.0,12.0
Morocco,,MF,Girona,False,False,ea_fc26,1881.0,Azzedine Ounahi,75,CM,CAM,Morocco,Hellas Liga,Panathinaikos,26.0,182.0,62.0,Right,3.0,3.0,"Incisive Pass, First Touch",Men's Football,https://www.ea.com/games/ea-sports-fc/ratings/player-ratings/255125,64,63,73,77,63,66,63.0,64.0,73.0,61.0,73.0,59.0,52.0,57.0,77.0,60.0,54.0,80.0,74.0,67.0,76.0,77.0,68.0,73.0,81.0,71.0,64.0,58.0,58.0,68.0,61.0,65.0,82.0,61.0,58.0,14.0,13.0,6.0,8.0,7.0
Morocco,,MF,VfB Stuttgart,False,False,ea_fc26,1520.0,Bilal El Khannouss,76,CAM,CM,Morocco,Premier League,Leicester City,22.0,180.0,70.0,Right,3.0,4.0,Flair,Men's Football,https://www.ea.com/games/ea-sports-fc/ratings/player-ratings/257504,71,60,78,81,37,56,78.0,66.0,62.0,64.0,65.0,53.0,51.0,43.0,79.0,70.0,68.0,84.0,78.0,67.0,78.0,91.0,85.0,74.0,84.0,75.0,41.0,27.0,34.0,39.0,37.0,56.0,71.0,56.0,37.0,10.0,6.0,14.0,13.0,10.0
Morocco,,MF,PSV Eindhoven,False,False,ea_fc26,1520.0,Ismael Saibari,76,CAM,"CM, RW",Morocco,Eredivisie,,24.0,185.0,81.0,Right,4.0,4.0,Press Proven,Men's Football,https://www.ea.com/games/ea-sports-fc/ratings/player-ratings/259480,81,69,72,79,47,76,78.0,84.0,71.0,68.0,74.0,68.0,64.0,57.0,77.0,69.0,58.0,74.0,68.0,70.0,79.0,77.0,78.0,78.0,82.0,71.0,47.0,44.0,49.0,49.0,41.0,72.0,72.0,82.0,65.0,8.0,12.0,11.0,10.0,15.0
Morocco,,MF,Roma,False,False,ea_fc26,1881.0,Neil El Aynaoui,75,CM,CDM,Morocco,Ligue 1 McDonald's,RC Lens,24.0,185.0,77.0,Right,3.0,3.0,,Men's Football,https://www.ea.com/games/ea-sports-fc/ratings/player-ratings/262745,63,61,70,74,66,71,60.0,66.0,68.0,61.0,64.0,64.0,46.0,51.0,76.0,53.0,53.0,78.0,77.0,60.0,75.0,68.0,52.0,75.0,78.0,74.0,70.0,59.0,62.0,70.0,61.0,76.0,79.0,72.0,59.0,10.0,5.0,7.0,14.0,5.0
Morocco,,FW,Olympiacos,False,False,ea_fc26,967.0,Ayoub El Kaabi,78,ST,RM,Morocco,Hellas Liga,Olympiacos FC,32.0,182.0,76.0,Left,2.0,3.0,"Finesse Shot, Chip Shot",Men's Football,https://www.ea.com/games/ea-sports-fc/ratings/player-ratings/243586,80,80,61,74,46,70,78.0,82.0,82.0,83.0,80.0,75.0,80.0,77.0,67.0,60.0,55.0,67.0,42.0,63.0,74.0,73.0,72.0,69.0,77.0,61.0,41.0,80.0,40.0,44.0,42.0,88.0,68.0,75.0,55.0,15.0,10.0,13.0,13.0,7.0
Morocco,,FW,Al-Ain,False,False,ea_fc26,734.0,Soufiane Rahimi,79,LM,"LW, ST",Morocco,United Emirates League,Al Ain FC,29.0,181.0,79.0,Right,4.0,4.0,"Power Shot, Rapid, Quick Step",Men's Football,https://www.ea.com/games/ea-sports-fc/ratings/player-ratings/264348,85,77,73,78,38,66,87.0,84.0,78.0,80.0,71.0,78.0,73.0,67.0,76.0,73.0,66.0,75.0,66.0,68.0,80.0,75.0,76.0,75.0,76.0,74.0,41.0,62.0,35.0,34.0,30.0,77.0,81.0,62.0,52.0,8.0,9.0,5.0,8.0,14.0
Morocco,,FW,Real Betis,False,False,ea_fc26,2309.0,Abdessamad Ezzalzouli,74,LM,"RM, LW",Morocco,LALIGA EA SPORTS,Real Betis,24.0,177.0,73.0,Right,3.0,4.0,"Technical, Flair",Men's Football,https://www.ea.com/games/ea-sports-fc/ratings/player-ratings/264432,83,70,66,78,27,53,85.0,82.0,68.0,74.0,73.0,66.0,58.0,53.0,65.0,70.0,49.0,68.0,65.0,65.0,80.0,80.0,78.0,70.0,78.0,68.0,18.0,34.0,25.0,32.0,28.0,60.0,55.0,57.0,40.0,7.0,5.0,6.0,12.0,9.0
Morocco,,FW,Real Madrid,False,False,ea_fc26,320.0,Brahim,82,CAM,"RW, LW",Morocco,LALIGA EA SPORTS,Real Madrid,26.0,170.0,68.0,Right,5.0,4.0,"Technical, Flair, First Touch",Men's Football,https://www.ea.com/games/ea-sports-fc/ratings/player-ratings/231410,85,74,78,85,31,56,85.0,85.0,78.0,76.0,73.0,76.0,64.0,58.0,81.0,75.0,61.0,83.0,75.0,74.0,84.0,89.0,91.0,79.0,85.0,79.0,33.0,30.0,40.0,23.0,21.0,60.0,68.0,55.0,44.0,13.0,9.0,13.0,10.0,6.0
Morocco,,FW,Sunderland,False,False,ea_fc26,12144.0,Chemsdine Talbi,63,RM,"LM, RW",Belgium,1A Pro League,Club Brugge,21.0,175.0,64.0,Right,4.0,3.0,Technical,Men's Football,https://www.ea.com/games/ea-sports-fc/ratings/player-ratings/275048,79,52,57,71,29,40,85.0,74.0,53.0,57.0,54.0,36.0,56.0,50.0,50.0,66.0,34.0,62.0,48.0,70.0,74.0,83.0,81.0,43.0,68.0,62.0,25.0,36.0,31.0,28.0,23.0,52.0,36.0,46.0,28.0,5.0,6.0,12.0,8.0,10.0
Belgium,,GK,Real Madrid,False,False,ea_fc26,16.0,Thibaut Courtois,89,GK,,Belgium,LALIGA EA SPORTS,Real Madrid,34.0,200.0,96.0,Left,3.0,1.0,"Far Throw, Cross Claimer, 1v1 Close Down+",Men's Football,https://www.ea.com/games/ea-sports-fc/ratings/player-ratings/192119,85,89,76,90,46,88,42.0,52.0,13.0,14.0,57.0,17.0,12.0,27.0,44.0,14.0,20.0,33.0,35.0,19.0,13.0,63.0,45.0,88.0,23.0,66.0,15.0,13.0,20.0,18.0,16.0,68.0,38.0,70.0,23.0,85.0,89.0,76.0,88.0,90.0
Belgium,,GK,Manchester United,False,False,ea_fc26,7904.0,Senne Lammens,67,GK,,Belgium,1A Pro League,Royal Antwerp FC,23.0,193.0,92.0,Right,4.0,1.0,Cross Claimer,Men's Football,https://www.ea.com/games/ea-sports-fc/ratings/player-ratings/254803,71,65,61,69,21,63,19.0,25.0,6.0,10.0,46.0,8.0,8.0,11.0,30.0,14.0,11.0,30.0,29.0,12.0,15.0,40.0,27.0,58.0,19.0,36.0,15.0,14.0,7.0,15.0,12.0,62.0,29.0,79.0,29.0,71.0,65.0,61.0,63.0,69.0
Belgium,,GK,Strasbourg,False,False,ea_fc26,10049.0,Mike Penders,65,GK,,Belgium,1A Pro League,KRC Genk,20.0,200.0,95.0,Left,2.0,1.0,,Men's Football,https://www.ea.com/games/ea-sports-fc/ratings/player-ratings/270821,67,64,63,68,20,64,17.0,25.0,7.0,8.0,47.0,9.0,9.0,15.0,38.0,12.0,12.0,24.0,25.0,13.0,11.0,36.0,27.0,50.0,17.0,31.0,9.0,12.0,9.0,10.0,14.0,57.0,26.0,73.0,27.0,67.0,64.0,63.0,64.0,68.0
Belgium,,DF,Lille,False,False,ea_fc26,1520.0,Thomas Meunier,76,RB,RM,Belgium,Ligue 1 McDonald's,LOSC Lille,34.0,191.0,90.0,Right,4.0,3.0,Trivela,Men's Football,https://www.ea.com/games/ea-sports-fc/ratings/player-ratings/202371,68,74,72,71,74,82,66.0,69.0,74.0,70.0,80.0,77.0,76.0,65.0,73.0,82.0,56.0,67.0,75.0,76.0,75.0,62.0,47.0,73.0,71.0,74.0,74.0,80.0,72.0,74.0,77.0,87.0,80.0,84.0,76.0,8.0,13.0,15.0,6.0,9.0
Belgium,,DF,Fulham,False,False,ea_fc26,1214.0,Timothy Castagne,77,RB,,Belgium,Premier League,Fulham,30.0,185.0,80.0,Right,3.0,3.0,,Men's Football,https://www.ea.com/games/ea-sports-fc/ratings/player-ratings/222501,72,57,71,73,74,72,69.0,74.0,76.0,56.0,65.0,52.0,40.0,47.0,71.0,77.0,33.0,75.0,70.0,58.0,74.0,68.0,65.0,76.0,76.0,68.0,74.0,70.0,74.0,75.0,73.0,73.0,79.0,66.0,76.0,14.0,9.0,15.0,10.0,15.0
Belgium,,DF,Eintracht Frankfurt,False,False,ea_fc26,1214.0,Arthur Theate,77,CB,,Belgium,Bundesliga,Frankfurt,26.0,185.0,78.0,Left,3.0,2.0,"Power Header, Aerial",Men's Football,https://www.ea.com/games/ea-sports-fc/ratings/player-ratings/257278,71,40,55,59,78,80,65.0,75.0,23.0,23.0,70.0,58.0,24.0,32.0,50.0,53.0,37.0,63.0,57.0,33.0,53.0,59.0,51.0,74.0,64.0,72.0,79.0,74.0,77.0,81.0,76.0,83.0,72.0,84.0,80.0,7.0,6.0,12.0,11.0,10.0
Belgium,,DF,Sporting CP,False,False,ea_fc26,1520.0,Zeno Debast,76,CB,,Belgium,Liga Portugal,Sporting CP,22.0,188.0,73.0,Right,4.0,2.0,Long Ball Pass,Men's Football,https://www.ea.com/games/ea-sports-fc/ratings/player-ratings/254262,66,53,71,72,76,76,58.0,73.0,53.0,51.0,61.0,56.0,37.0,42.0,68.0,64.0,61.0,77.0,78.0,60.0,74.0,60.0,53.0,75.0,77.0,71.0,74.0,76.0,74.0,79.0,76.0,78.0,81.0,73.0,75.0,6.0,6.0,15.0,6.0,5.0
Belgium,,DF,Brighton & Hove Albion,False,False,ea_fc26,1520.0,Maxim De Cuyper,76,LB,RB,Belgium,1A Pro League,Club Brugge,25.0,183.0,72.0,Left,4.0,2.0,"Long Ball Pass, Whipped Pass, Jockey",Men's Football,https://www.ea.com/games/ea-sports-fc/ratings/player-ratings/251479,76,72,79,77,68,70,77.0,76.0,75.0,68.0,78.0,73.0,66.0,78.0,78.0,81.0,73.0,80.0,77.0,75.0,77.0,78.0,76.0,72.0,77.0,72.0,69.0,63.0,66.0,71.0,69.0,74.0,85.0,62.0,70.0,11.0,8.0,7.0,7.0,8.0
Belgium,,DF,Club Brugge,False,False,ea_fc26,1881.0,Brandon Mechele,75,CB,,Belgium,1A Pro League,Club Brugge,33.0,190.0,80.0,Right,4.0,2.0,"Long Ball Pass, Block, Aerial",Men's Football,https://www.ea.com/games/ea-sports-fc/ratings/player-ratings/212204,51,39,51,53,79,77,48.0,54.0,30.0,38.0,63.0,24.0,32.0,35.0,31.0,42.0,33.0,66.0,65.0,30.0,43.0,59.0,54.0,68.0,59.0,74.0,79.0,75.0,82.0,78.0,75.0,75.0,80.0,77.0,72.0,11.0,7.0,13.0,13.0,12.0
Belgium,,DF,Milan,False,False,ea_fc26,3509.0,Koni De Winter,72,CB,RB,Belgium,Serie A Enilive,Genoa,23.0,191.0,75.0,Right,3.0,2.0,Block,Men's Football,https://www.ea.com/games/ea-sports-fc/ratings/player-ratings/265774,67,39,57,66,73,71,65.0,69.0,48.0,29.0,52.0,44.0,41.0,49.0,42.0,59.0,34.0,66.0,64.0,51.0,66.0,62.0,54.0,73.0,68.0,64.0,71.0,72.0,72.0,75.0,74.0,79.0,66.0,75.0,63.0,12.0,8.0,11.0,10.0,8.0
Belgium,,DF,Club Brugge,False,False,ea_fc26,13032.0,Joaquin Seys,62,LB,,Belgium,1A Pro League,Club Brugge,21.0,167.0,63.0,Left,3.0,2.0,,Men's Football,https://www.ea.com/games/ea-sports-fc/ratings/player-ratings/71305,78,27,51,60,56,52,80.0,77.0,51.0,23.0,26.0,30.0,25.0,41.0,50.0,64.0,30.0,51.0,37.0,57.0,61.0,77.0,70.0,59.0,54.0,42.0,57.0,46.0,55.0,57.0,60.0,55.0,63.0,46.0,51.0,12.0,15.0,14.0,10.0,12.0
Belgium,,DF,Lille,False,False,ea_fc26,7904.0,Nathan Ngoy,67,CB,RB,Belgium,1A Pro League,Standard Liège,22.0,183.0,74.0,Right,3.0,2.0,,Men's Football,https://www.ea.com/games/ea-sports-fc/ratings/player-ratings/262071,78,44,49,67,65,73,76.0,80.0,40.0,38.0,69.0,40.0,34.0,24.0,29.0,54.0,16.0,60.0,58.0,32.0,68.0,66.0,64.0,64.0,67.0,57.0,66.0,66.0,66.0,64.0,63.0,75.0,66.0,79.0,68.0,12.0,15.0,8.0,6.0,13.0
Belgium,,MF,Girona,False,False,ea_fc26,575.0,Axel Witsel,80,CB,,Belgium,LALIGA EA SPORTS,Atlético de Madrid,37.0,186.0,81.0,Right,4.0,3.0,Bruiser,Men's Football,https://www.ea.com/games/ea-sports-fc/ratings/player-ratings/177413,34,63,77,75,83,75,33.0,34.0,69.0,62.0,64.0,57.0,75.0,76.0,75.0,68.0,64.0,84.0,79.0,71.0,75.0,63.0,67.0,82.0,79.0,85.0,83.0,82.0,86.0,82.0,76.0,75.0,69.0,80.0,72.0,5.0,7.0,7.0,10.0,7.0
Belgium,,MF,Napoli,False,False,ea_fc26,9.0,Kevin De Bruyne,90,CM,CAM,Belgium,Premier League,Manchester City,34.0,181.0,75.0,Right,5.0,4.0,"Dead Ball, Pinged Pass, Long Ball Pass, Whipped Pass, Trivela, Incisive Pass+",Men's Football,https://www.ea.com/games/ea-sports-fc/ratings/player-ratings/192985,67,87,94,87,65,78,67.0,67.0,88.0,84.0,92.0,90.0,83.0,83.0,95.0,95.0,83.0,94.0,93.0,93.0,86.0,75.0,78.0,92.0,92.0,88.0,66.0,55.0,66.0,70.0,53.0,71.0,88.0,75.0,75.0,15.0,13.0,5.0,10.0,13.0
Belgium,,MF,Aston Villa,True,False,ea_fc26,456.0,Youri Tielemans,81,CM,"CDM, CAM",Belgium,Premier League,Aston Villa,29.0,176.0,72.0,Right,5.0,4.0,"Power Shot, Incisive Pass, Pinged Pass, Long Ball Pass",Men's Football,https://www.ea.com/games/ea-sports-fc/ratings/player-ratings/216393,44,79,83,79,69,70,52.0,38.0,80.0,77.0,85.0,80.0,79.0,75.0,84.0,78.0,78.0,85.0,85.0,83.0,78.0,62.0,75.0,80.0,84.0,85.0,68.0,65.0,72.0,68.0,67.0,68.0,72.0,72.0,64.0,6.0,8.0,10.0,14.0,12.0
Belgium,,MF,Club Brugge,False,False,ea_fc26,575.0,Hans Vanaken,80,CAM,CM,Belgium,1A Pro League,Club Brugge,33.0,195.0,77.0,Right,5.0,4.0,"Power Header, Incisive Pass, Long Ball Pass, Aerial",Men's Football,https://www.ea.com/games/ea-sports-fc/ratings/player-ratings/200155,45,79,83,77,60,76,36.0,53.0,83.0,81.0,76.0,75.0,79.0,79.0,89.0,77.0,75.0,85.0,82.0,78.0,79.0,58.0,39.0,82.0,84.0,86.0,61.0,84.0,58.0,55.0,50.0,75.0,90.0,76.0,57.0,13.0,6.0,9.0,15.0,11.0
Belgium,,MF,Aston Villa,False,False,ea_fc26,967.0,Amadou Onana,78,CDM,CM,Belgium,Premier League,Aston Villa,24.0,192.0,76.0,Right,4.0,3.0,"Slide Tackle, Press Proven",Men's Football,https://www.ea.com/games/ea-sports-fc/ratings/player-ratings/257057,72,59,71,72,76,79,64.0,78.0,67.0,57.0,69.0,58.0,51.0,39.0,78.0,58.0,42.0,79.0,77.0,58.0,75.0,49.0,52.0,75.0,77.0,73.0,76.0,72.0,74.0,77.0,79.0,81.0,76.0,81.0,78.0,7.0,12.0,12.0,9.0,10.0
Belgium,,MF,Rangers,False,False,ea_fc26,1881.0,Nicolas Raskin,75,CM,CDM,Belgium,Scottish Prem,Rangers,25.0,178.0,74.0,Right,4.0,3.0,"Pinged Pass, Tiki Taka, Anticipate, Press Proven",Men's Football,https://www.ea.com/games/ea-sports-fc/ratings/player-ratings/239810,69,63,73,75,72,75,74.0,65.0,62.0,58.0,71.0,67.0,58.0,58.0,71.0,66.0,67.0,79.0,76.0,69.0,71.0,79.0,83.0,80.0,76.0,79.0,71.0,66.0,70.0,76.0,70.0,75.0,84.0,68.0,82.0,14.0,14.0,13.0,11.0,7.0
Belgium,,FW,Napoli,False,False,ea_fc26,320.0,Romelu Lukaku,82,ST,,Belgium,Serie A Enilive,SSC Napoli,33.0,191.0,94.0,Left,4.0,3.0,"Power Shot, Power Header, Press Proven",Men's Football,https://www.ea.com/games/ea-sports-fc/ratings/player-ratings/192505,79,82,73,74,38,82,71.0,86.0,84.0,83.0,86.0,75.0,78.0,88.0,75.0,72.0,65.0,75.0,67.0,75.0,78.0,59.0,52.0,80.0,75.0,81.0,27.0,82.0,30.0,40.0,30.0,93.0,64.0,94.0,70.0,8.0,15.0,14.0,7.0,10.0
Belgium,,FW,Arsenal,False,False,ea_fc26,220.0,Leandro Trossard,83,LW,"ST, LM",Belgium,Premier League,Arsenal,31.0,171.0,67.0,Right,5.0,4.0,"Rapid, Flair, Trivela",Men's Football,https://www.ea.com/games/ea-sports-fc/ratings/player-ratings/207421,82,81,80,85,30,61,87.0,77.0,83.0,83.0,81.0,79.0,78.0,75.0,81.0,79.0,69.0,82.0,77.0,83.0,84.0,92.0,85.0,80.0,84.0,84.0,18.0,65.0,30.0,31.0,18.0,75.0,76.0,57.0,47.0,14.0,8.0,11.0,7.0,7.0
Belgium,,FW,Manchester City,False,False,ea_fc26,575.0,Jérémy Doku,80,LW,"RW, LM",Belgium,Premier League,Manchester City,24.0,173.0,77.0,Right,3.0,4.0,"Flair, Trickster, Quick Step, Rapid+",Men's Football,https://www.ea.com/games/ea-sports-fc/ratings/player-ratings/246420,92,72,73,86,30,68,95.0,89.0,76.0,73.0,77.0,71.0,59.0,51.0,74.0,70.0,54.0,78.0,69.0,72.0,89.0,93.0,92.0,77.0,81.0,75.0,18.0,37.0,40.0,28.0,25.0,72.0,63.0,73.0,62.0,11.0,10.0,8.0,9.0,12.0
Belgium,,FW,Benfica,False,False,ea_fc26,734.0,Dodi Lukébakio,79,RW,"ST, LW, RM",Belgium,LALIGA EA SPORTS,Sevilla FC,28.0,187.0,77.0,Left,3.0,4.0,"Technical, Flair",Men's Football,https://www.ea.com/games/ea-sports-fc/ratings/player-ratings/231416,84,78,70,82,31,59,82.0,86.0,77.0,77.0,83.0,75.0,74.0,80.0,70.0,73.0,68.0,73.0,60.0,76.0,85.0,77.0,71.0,74.0,83.0,76.0,26.0,55.0,31.0,29.0,24.0,74.0,64.0,68.0,28.0,9.0,7.0,14.0,11.0,12.0
Belgium,,FW,Atalanta,False,False,ea_fc26,734.0,Charles De Ketelaere,79,CAM,ST,Belgium,Serie A Enilive,Bergamo Calcio,25.0,192.0,79.0,Left,3.0,4.0,Flair,Men's Football,https://www.ea.com/games/ea-sports-fc/ratings/player-ratings/251470,69,77,78,81,55,70,70.0,69.0,79.0,76.0,80.0,77.0,76.0,67.0,82.0,75.0,72.0,79.0,78.0,73.0,83.0,78.0,66.0,76.0,84.0,72.0,58.0,75.0,45.0,58.0,54.0,77.0,83.0,68.0,55.0,11.0,8.0,14.0,8.0,8.0
Belgium,,FW,Milan,False,False,ea_fc26,967.0,Alexis Saelemaekers,78,LM,"RM, RW, LW",Belgium,Serie A Enilive,AS Roma,26.0,180.0,72.0,Right,4.0,4.0,,Men's Football,https://www.ea.com/games/ea-sports-fc/ratings/player-ratings/242664,80,67,75,81,64,64,83.0,77.0,74.0,68.0,64.0,74.0,65.0,44.0,71.0,80.0,67.0,77.0,70.0,76.0,81.0,87.0,77.0,76.0,81.0,74.0,65.0,45.0,68.0,66.0,61.0,65.0,78.0,56.0,68.0,9.0,6.0,9.0,12.0,12.0
Belgium,,FW,Strasbourg,False,False,ea_fc26,6856.0,Diego Moreira,68,LM,"RM, LW",Portugal,Ligue 1 McDonald's,Strasbourg,21.0,179.0,73.0,Left,3.0,3.0,"Rapid, Flair",Men's Football,https://www.ea.com/games/ea-sports-fc/ratings/player-ratings/270039,82,62,60,73,33,62,85.0,80.0,60.0,60.0,66.0,65.0,58.0,60.0,60.0,60.0,49.0,63.0,58.0,62.0,73.0,83.0,81.0,62.0,70.0,68.0,30.0,39.0,32.0,37.0,28.0,64.0,60.0,62.0,63.0,9.0,11.0,6.0,8.0,13.0
Belgium,,FW,Lille,False,False,ea_fc26,7904.0,Matias Fernandez-Pardo,67,CAM,,Belgium,Ligue 1 McDonald's,LOSC Lille,21.0,183.0,72.0,Right,3.0,3.0,,Men's Football,https://www.ea.com/games/ea-sports-fc/ratings/player-ratings/276048,75,64,64,70,39,53,79.0,71.0,61.0,66.0,61.0,61.0,58.0,70.0,57.0,65.0,60.0,71.0,58.0,58.0,71.0,74.0,67.0,67.0,70.0,51.0,36.0,51.0,41.0,36.0,32.0,63.0,62.0,52.0,41.0,14.0,9.0,6.0,13.0,8.0
Germany,1,GK,Bayern Munich,False,False,ea_fc26,96.0,Manuel Neuer,86,GK,,Germany,Bundesliga,FC Bayern München,40.0,193.0,93.0,Right,4.0,1.0,"Long Ball Pass, Far Throw, Pinged Pass+",Men's Football,https://www.ea.com/games/ea-sports-fc/ratings/player-ratings/167495,83,81,90,83,49,88,48.0,50.0,12.0,13.0,68.0,16.0,11.0,49.0,70.0,15.0,11.0,60.0,68.0,14.0,30.0,51.0,35.0,84.0,44.0,70.0,30.0,25.0,17.0,10.0,11.0,77.0,43.0,80.0,29.0,83.0,81.0,90.0,88.0,83.0
Germany,2,DF,Real Madrid,False,False,ea_fc26,40.0,Antonio Rüdiger,88,CB,,Germany,LALIGA EA SPORTS,Real Madrid,33.0,190.0,86.0,Right,3.0,2.0,"Jockey, Block, Acrobatic, Aerial, Bruiser+",Men's Football,https://www.ea.com/games/ea-sports-fc/ratings/player-ratings/205452,82,55,73,70,86,86,71.0,91.0,54.0,40.0,84.0,67.0,34.0,40.0,61.0,68.0,56.0,84.0,81.0,50.0,69.0,56.0,50.0,86.0,74.0,80.0,85.0,83.0,86.0,88.0,87.0,89.0,70.0,91.0,92.0,14.0,15.0,10.0,12.0,8.0
Germany,3,DF,Borussia Dortmund,False,False,ea_fc26,456.0,Waldemar Anton,81,CB,RB,Germany,Bundesliga,Borussia Dortmund,29.0,189.0,86.0,Right,3.0,3.0,"Pinged Pass, Block, Aerial",Men's Football,https://www.ea.com/games/ea-sports-fc/ratings/player-ratings/229476,69,46,65,67,81,83,61.0,75.0,52.0,42.0,58.0,45.0,38.0,48.0,67.0,43.0,39.0,80.0,72.0,37.0,63.0,62.0,58.0,81.0,70.0,80.0,79.0,78.0,85.0,81.0,78.0,84.0,79.0,85.0,83.0,11.0,12.0,12.0,13.0,13.0
Germany,4,DF,Bayern Munich,False,False,ea_fc26,88.0,Jonathan Tah,86,CB,,Germany,Bundesliga,Leverkusen,30.0,195.0,94.0,Right,3.0,2.0,Aerial,Men's Football,https://www.ea.com/games/ea-sports-fc/ratings/player-ratings/213331,71,38,60,62,86,84,53.0,86.0,36.0,32.0,60.0,26.0,53.0,38.0,56.0,39.0,27.0,78.0,68.0,37.0,60.0,49.0,40.0,84.0,67.0,79.0,83.0,87.0,87.0,87.0,81.0,86.0,69.0,92.0,83.0,11.0,8.0,7.0,9.0,14.0
Germany,5,MF,Bayern Munich,False,False,ea_fc26,2871.0,Aleksandar Pavlović,73,CDM,CM,Germany,Bundesliga,FC Bayern München,22.0,188.0,75.0,Right,4.0,2.0,Tiki Taka,Men's Football,https://www.ea.com/games/ea-sports-fc/ratings/player-ratings/275298,69,60,75,72,68,65,74.0,65.0,40.0,63.0,64.0,60.0,40.0,50.0,72.0,67.0,65.0,81.0,80.0,65.0,73.0,70.0,69.0,69.0,74.0,67.0,69.0,65.0,70.0,67.0,69.0,73.0,75.0,64.0,54.0,6.0,9.0,15.0,9.0,7.0
Germany,6,MF,Bayern Munich,True,False,ea_fc26,91.0,Joshua Kimmich,86,RB,"CDM, CM",Germany,Bundesliga,FC Bayern München,31.0,177.0,75.0,Right,4.0,3.0,"Finesse Shot, Whipped Pass, Anticipate, Press Proven, Relentless, Long Ball Pass+",Men's Football,https://www.ea.com/games/ea-sports-fc/ratings/player-ratings/212622,69,74,88,84,81,77,77.0,62.0,78.0,68.0,78.0,83.0,69.0,69.0,85.0,91.0,79.0,88.0,91.0,85.0,82.0,83.0,84.0,88.0,85.0,86.0,85.0,72.0,81.0,82.0,83.0,79.0,88.0,68.0,86.0,8.0,15.0,7.0,15.0,15.0
Germany,7,FW,Arsenal,False,False,ea_fc26,220.0,Kai Havertz,83,ST,CM,Germany,Premier League,Arsenal,26.0,193.0,82.0,Left,4.0,4.0,"Chip Shot, Technical, First Touch, Trivela, Aerial",Men's Football,https://www.ea.com/games/ea-sports-fc/ratings/player-ratings/235790,77,81,80,82,49,72,74.0,79.0,86.0,83.0,79.0,78.0,80.0,83.0,82.0,75.0,53.0,84.0,80.0,84.0,84.0,75.0,54.0,84.0,86.0,84.0,43.0,83.0,45.0,47.0,41.0,86.0,77.0,75.0,56.0,6.0,8.0,11.0,10.0,12.0
Germany,8,MF,Bayern Munich,False,False,ea_fc26,220.0,Leon Goretzka,83,CM,CDM,Germany,Bundesliga,FC Bayern München,31.0,189.0,82.0,Right,4.0,3.0,"Power Shot, Incisive Pass, Bruiser",Men's Football,https://www.ea.com/games/ea-sports-fc/ratings/player-ratings/209658,70,80,80,81,80,85,73.0,68.0,79.0,79.0,85.0,84.0,71.0,60.0,82.0,75.0,73.0,83.0,82.0,76.0,82.0,74.0,73.0,85.0,81.0,83.0,84.0,86.0,74.0,83.0,76.0,86.0,78.0,89.0,83.0,13.0,8.0,15.0,11.0,9.0
Germany,9,MF,VfB Stuttgart,False,False,ea_fc26,2309.0,Jamie Leweling,74,RM,"RW, ST",Germany,Bundesliga,VfB Stuttgart,25.0,185.0,86.0,Right,4.0,4.0,Technical,Men's Football,https://www.ea.com/games/ea-sports-fc/ratings/player-ratings/252448,85,69,64,76,42,73,85.0,85.0,75.0,69.0,74.0,68.0,66.0,55.0,62.0,68.0,43.0,72.0,53.0,55.0,77.0,78.0,80.0,71.0,76.0,65.0,36.0,59.0,45.0,42.0,30.0,81.0,73.0,76.0,61.0,6.0,11.0,10.0,14.0,9.0
Germany,10,MF,Bayern Munich,False,False,ea_fc26,46.0,Jamal Musiala,87,CAM,"LM, CM",Germany,Bundesliga,FC Bayern München,23.0,184.0,72.0,Right,4.0,5.0,"Incisive Pass, Flair, Trickster, Technical+",Men's Football,https://www.ea.com/games/ea-sports-fc/ratings/player-ratings/256790,84,81,78,90,63,64,86.0,83.0,86.0,84.0,80.0,79.0,73.0,59.0,84.0,67.0,59.0,84.0,79.0,75.0,94.0,93.0,93.0,87.0,84.0,83.0,65.0,49.0,64.0,63.0,66.0,69.0,78.0,59.0,59.0,6.0,9.0,8.0,8.0,11.0
Germany,11,FW,Newcastle United,False,False,ea_fc26,5881.0,Nick Woltemade,69,ST,CAM,Germany,Bundesliga,VfB Stuttgart,24.0,198.0,90.0,Right,3.0,3.0,,Men's Football,https://www.ea.com/games/ea-sports-fc/ratings/player-ratings/254022,68,66,62,70,39,69,58.0,76.0,67.0,68.0,68.0,61.0,57.0,65.0,68.0,46.0,42.0,72.0,63.0,51.0,75.0,43.0,38.0,72.0,75.0,70.0,35.0,69.0,32.0,42.0,30.0,72.0,71.0,72.0,60.0,11.0,8.0,13.0,9.0,8.0
Germany,12,GK,TSG Hoffenheim,False,False,ea_fc26,320.0,Oliver Baumann,82,GK,,Germany,Bundesliga,TSG Hoffenheim,35.0,187.0,82.0,Right,2.0,1.0,"Footwork, Deflector",Men's Football,https://www.ea.com/games/ea-sports-fc/ratings/player-ratings/193698,81,80,78,83,39,79,37.0,41.0,10.0,11.0,59.0,13.0,11.0,22.0,44.0,14.0,11.0,34.0,30.0,12.0,19.0,45.0,43.0,82.0,17.0,52.0,21.0,16.0,15.0,18.0,14.0,66.0,39.0,69.0,32.0,81.0,80.0,78.0,79.0,83.0
Germany,13,MF,Brighton & Hove Albion,False,False,ea_fc26,456.0,Pascal Groß,81,CDM,CM,Germany,Bundesliga,Borussia Dortmund,34.0,181.0,78.0,Right,4.0,3.0,"Dead Ball, Whipped Pass",Men's Football,https://www.ea.com/games/ea-sports-fc/ratings/player-ratings/190765,50,77,85,80,73,74,51.0,50.0,80.0,77.0,80.0,78.0,68.0,73.0,85.0,85.0,78.0,87.0,85.0,85.0,80.0,67.0,66.0,85.0,85.0,85.0,73.0,53.0,75.0,77.0,72.0,61.0,85.0,68.0,80.0,8.0,15.0,15.0,16.0,11.0
Germany,14,FW,Borussia Dortmund,False,False,ea_fc26,967.0,Maximilian Beier,78,ST,LW,Germany,Bundesliga,Borussia Dortmund,23.0,185.0,72.0,Right,3.0,4.0,"Finesse Shot, Rapid, Quick Step",Men's Football,https://www.ea.com/games/ea-sports-fc/ratings/player-ratings/254117,89,79,65,79,26,60,88.0,89.0,81.0,82.0,80.0,76.0,72.0,65.0,67.0,57.0,51.0,72.0,59.0,65.0,80.0,83.0,77.0,79.0,79.0,70.0,22.0,67.0,22.0,21.0,17.0,74.0,83.0,52.0,49.0,6.0,8.0,8.0,6.0,13.0
Germany,15,DF,Borussia Dortmund,False,False,ea_fc26,101.0,Nico Schlotterbeck,85,CB,,Germany,Bundesliga,Borussia Dortmund,26.0,191.0,86.0,Left,2.0,2.0,"Power Header, Long Ball Pass, Jockey, Block, Anticipate, Slide Tackle+",Men's Football,https://www.ea.com/games/ea-sports-fc/ratings/player-ratings/247819,77,59,70,73,85,82,78.0,76.0,58.0,51.0,75.0,66.0,56.0,38.0,72.0,53.0,41.0,78.0,85.0,52.0,74.0,68.0,64.0,83.0,71.0,78.0,83.0,85.0,85.0,87.0,86.0,91.0,74.0,84.0,83.0,8.0,10.0,8.0,14.0,13.0
Germany,16,MF,VfB Stuttgart,False,False,ea_fc26,967.0,Angelo Stiller,78,CDM,CM,Germany,Bundesliga,VfB Stuttgart,25.0,183.0,79.0,Left,3.0,3.0,"Incisive Pass, Long Ball Pass, Tiki Taka, Press Proven",Men's Football,https://www.ea.com/games/ea-sports-fc/ratings/player-ratings/250959,58,57,78,78,73,69,65.0,53.0,61.0,49.0,73.0,65.0,45.0,42.0,79.0,69.0,68.0,84.0,81.0,66.0,77.0,75.0,79.0,82.0,80.0,78.0,75.0,67.0,74.0,74.0,68.0,70.0,77.0,65.0,68.0,7.0,14.0,5.0,9.0,9.0
Germany,17,MF,Liverpool,False,False,ea_fc26,42.0,Florian Wirtz,88,CAM,LM,Germany,Bundesliga,Leverkusen,23.0,177.0,71.0,Right,4.0,4.0,"Finesse Shot, Chip Shot, Technical, Flair, First Touch, Trivela, Incisive Pass+",Men's Football,https://www.ea.com/games/ea-sports-fc/ratings/player-ratings/256630,81,78,87,89,50,67,81.0,81.0,83.0,79.0,78.0,79.0,80.0,64.0,91.0,84.0,69.0,91.0,87.0,82.0,90.0,87.0,87.0,88.0,90.0,85.0,44.0,42.0,58.0,49.0,44.0,64.0,87.0,59.0,63.0,14.0,14.0,13.0,6.0,10.0
Germany,18,DF,Eintracht Frankfurt,False,False,ea_fc26,5881.0,Nathaniel Brown,69,LB,CM,Germany,Bundesliga,Frankfurt,22.0,180.0,60.0,Left,3.0,2.0,"Anticipate, Slide Tackle",Men's Football,https://www.ea.com/games/ea-sports-fc/ratings/player-ratings/269701,86,47,59,70,60,50,82.0,89.0,55.0,45.0,55.0,47.0,36.0,33.0,51.0,70.0,52.0,63.0,45.0,65.0,69.0,83.0,79.0,63.0,67.0,60.0,59.0,42.0,58.0,66.0,65.0,49.0,82.0,34.0,50.0,7.0,6.0,14.0,13.0,10.0
Germany,19,MF,Galatasaray,False,False,ea_fc26,101.0,Leroy Sané,85,RM,"LM, RW",Germany,Bundesliga,FC Bayern München,30.0,183.0,80.0,Left,2.0,4.0,"Finesse Shot, Power Shot, Rapid, Flair, Quick Step",Men's Football,https://www.ea.com/games/ea-sports-fc/ratings/player-ratings/222492,90,83,80,86,37,70,89.0,91.0,82.0,83.0,87.0,81.0,84.0,65.0,81.0,81.0,80.0,82.0,72.0,83.0,87.0,87.0,82.0,83.0,85.0,83.0,34.0,64.0,36.0,32.0,35.0,72.0,78.0,67.0,65.0,8.0,12.0,9.0,9.0,14.0
Germany,20,MF,Mainz 05,False,False,ea_fc26,967.0,Nadiem Amiri,78,CM,CAM,Germany,Bundesliga,1. FSV Mainz 05,29.0,180.0,75.0,Right,3.0,4.0,"Finesse Shot, Dead Ball, Pinged Pass, Technical, Trivela",Men's Football,https://www.ea.com/games/ea-sports-fc/ratings/player-ratings/225309,67,74,80,82,60,69,76.0,59.0,81.0,71.0,81.0,76.0,70.0,65.0,82.0,79.0,76.0,80.0,77.0,80.0,83.0,81.0,79.0,78.0,81.0,81.0,68.0,42.0,66.0,59.0,42.0,65.0,72.0,69.0,68.0,12.0,12.0,14.0,12.0,10.0
Germany,21,GK,VfB Stuttgart,False,False,ea_fc26,575.0,Alexander Nübel,80,GK,,Germany,Bundesliga,VfB Stuttgart,29.0,193.0,86.0,Right,5.0,1.0,"Cross Claimer, Deflector",Men's Football,https://www.ea.com/games/ea-sports-fc/ratings/player-ratings/223885,81,76,81,82,48,78,49.0,46.0,10.0,18.0,61.0,18.0,13.0,16.0,65.0,15.0,20.0,55.0,48.0,20.0,26.0,34.0,58.0,79.0,41.0,69.0,20.0,13.0,23.0,14.0,13.0,70.0,39.0,74.0,23.0,81.0,76.0,81.0,78.0,82.0
Germany,22,DF,RB Leipzig,False,False,ea_fc26,456.0,David Raum,81,LB,LM,Germany,Bundesliga,RB Leipzig,28.0,180.0,75.0,Left,2.0,3.0,"Dead Ball, Whipped Pass, Rapid, Trivela",Men's Football,https://www.ea.com/games/ea-sports-fc/ratings/player-ratings/236703,85,61,81,78,73,78,86.0,84.0,65.0,59.0,64.0,66.0,55.0,49.0,79.0,88.0,70.0,80.0,77.0,85.0,79.0,77.0,77.0,75.0,79.0,77.0,73.0,60.0,73.0,77.0,76.0,81.0,91.0,75.0,69.0,11.0,8.0,14.0,12.0,6.0
Germany,23,MF,Borussia Dortmund,False,False,ea_fc26,1214.0,Felix Nmecha,77,CM,"LM, CDM",Germany,Bundesliga,Borussia Dortmund,25.0,194.0,80.0,Right,3.0,4.0,"Block, Technical, Flair, Aerial",Men's Football,https://www.ea.com/games/ea-sports-fc/ratings/player-ratings/246863,80,69,71,80,75,81,77.0,82.0,76.0,67.0,80.0,66.0,63.0,55.0,76.0,59.0,48.0,78.0,75.0,67.0,82.0,77.0,76.0,78.0,81.0,76.0,74.0,82.0,64.0,83.0,75.0,93.0,77.0,83.0,77.0,6.0,10.0,12.0,13.0,8.0
Germany,24,DF,Newcastle United,False,False,ea_fc26,967.0,Malick Thiaw,78,CB,,Germany,Serie A Enilive,Milano FC,24.0,194.0,89.0,Right,4.0,2.0,,Men's Football,https://www.ea.com/games/ea-sports-fc/ratings/player-ratings/256261,73,47,69,72,77,78,72.0,73.0,42.0,43.0,56.0,46.0,44.0,64.0,65.0,55.0,44.0,81.0,78.0,58.0,70.0,67.0,61.0,78.0,77.0,78.0,79.0,78.0,75.0,78.0,77.0,88.0,68.0,82.0,80.0,10.0,6.0,15.0,11.0,9.0
Germany,26,FW,VfB Stuttgart,False,False,ea_fc26,456.0,Deniz Undav,81,ST,CAM,Germany,Bundesliga,VfB Stuttgart,29.0,179.0,86.0,Right,5.0,3.0,"Finesse Shot, Incisive Pass, Chip Shot+",Men's Football,https://www.ea.com/games/ea-sports-fc/ratings/player-ratings/244176,67,82,75,80,33,78,67.0,67.0,84.0,84.0,84.0,80.0,81.0,72.0,83.0,67.0,66.0,81.0,64.0,74.0,79.0,72.0,87.0,84.0,83.0,83.0,18.0,75.0,25.0,37.0,29.0,81.0,74.0,80.0,79.0,9.0,12.0,9.0,11.0,13.0
Croatia,,GK,Dinamo Zagreb,False,False,ea_fc26,575.0,Dominik Livaković,80,GK,,Croatia,Trendyol Süper Lig,Fenerbahçe,31.0,188.0,79.0,Right,2.0,1.0,"Far Throw, Footwork",Men's Football,https://www.ea.com/games/ea-sports-fc/ratings/player-ratings/241671,80,76,71,83,56,80,57.0,54.0,11.0,12.0,53.0,9.0,10.0,15.0,60.0,13.0,11.0,50.0,60.0,12.0,19.0,65.0,30.0,81.0,28.0,64.0,21.0,13.0,24.0,20.0,21.0,74.0,32.0,75.0,26.0,80.0,76.0,71.0,80.0,83.0
Croatia,,GK,Copenhagen,False,False,ea_fc26,1520.0,Dominik Kotarski,76,GK,,Croatia,Hellas Liga,PAOK FC,26.0,189.0,80.0,Right,2.0,1.0,Footwork,Men's Football,https://www.ea.com/games/ea-sports-fc/ratings/player-ratings/246267,78,72,76,79,39,73,38.0,41.0,11.0,6.0,57.0,9.0,8.0,15.0,63.0,12.0,12.0,47.0,42.0,17.0,15.0,55.0,53.0,73.0,39.0,50.0,22.0,11.0,15.0,14.0,10.0,59.0,31.0,59.0,38.0,78.0,72.0,76.0,73.0,79.0
Croatia,,GK,Hull City,False,False,ea_fc26,5019.0,Ivor Pandur,70,GK,,Croatia,EFL Championship,Hull City,26.0,187.0,81.0,Right,3.0,1.0,Cross Claimer,Men's Football,https://www.ea.com/games/ea-sports-fc/ratings/player-ratings/258585,71,68,60,73,39,67,37.0,41.0,7.0,6.0,45.0,7.0,8.0,14.0,37.0,14.0,10.0,29.0,28.0,14.0,10.0,37.0,31.0,70.0,16.0,48.0,6.0,11.0,9.0,10.0,14.0,47.0,32.0,44.0,21.0,71.0,68.0,60.0,67.0,73.0
Croatia,,DF,Manchester City,False,False,ea_fc26,220.0,Joško Gvardiol,83,LB,CB,Croatia,Premier League,Manchester City,24.0,185.0,80.0,Left,4.0,3.0,"Power Header, Pinged Pass, Long Ball Pass, Jockey, Block+",Men's Football,https://www.ea.com/games/ea-sports-fc/ratings/player-ratings/251517,79,69,74,78,83,83,80.0,79.0,67.0,64.0,81.0,72.0,60.0,61.0,68.0,72.0,59.0,80.0,76.0,74.0,79.0,68.0,67.0,84.0,81.0,81.0,82.0,78.0,83.0,84.0,84.0,90.0,79.0,83.0,86.0,5.0,8.0,6.0,9.0,11.0
Croatia,,DF,Real Sociedad,False,False,ea_fc26,1881.0,Duje Ćaleta-Car,75,CB,,Croatia,Ligue 1 McDonald's,OL,29.0,192.0,89.0,Right,3.0,2.0,Bruiser,Men's Football,https://www.ea.com/games/ea-sports-fc/ratings/player-ratings/225263,59,39,57,59,74,78,51.0,66.0,54.0,32.0,67.0,27.0,32.0,38.0,60.0,28.0,31.0,73.0,72.0,28.0,59.0,38.0,44.0,72.0,64.0,72.0,73.0,75.0,74.0,75.0,74.0,79.0,65.0,84.0,78.0,8.0,9.0,9.0,10.0,8.0
Croatia,,DF,Ajax,False,False,ea_fc26,1214.0,Josip Šutalo,77,CB,,Croatia,Eredivisie,,26.0,185.0,82.0,Right,3.0,2.0,"Intercept, Anticipate",Men's Football,https://www.ea.com/games/ea-sports-fc/ratings/player-ratings/256325,80,32,61,71,77,77,79.0,80.0,37.0,27.0,43.0,29.0,26.0,39.0,64.0,45.0,22.0,72.0,75.0,29.0,70.0,65.0,48.0,79.0,75.0,76.0,78.0,74.0,76.0,79.0,78.0,87.0,76.0,80.0,67.0,8.0,15.0,7.0,11.0,14.0
Croatia,,DF,Bayern Munich,False,False,ea_fc26,1214.0,Josip Stanišić,77,RB,CB,Croatia,Bundesliga,FC Bayern München,26.0,187.0,77.0,Right,4.0,2.0,Anticipate,Men's Football,https://www.ea.com/games/ea-sports-fc/ratings/player-ratings/250955,73,44,65,69,78,74,68.0,77.0,53.0,44.0,52.0,37.0,29.0,37.0,58.0,72.0,23.0,74.0,60.0,67.0,68.0,66.0,64.0,76.0,73.0,66.0,78.0,76.0,78.0,79.0,77.0,82.0,71.0,75.0,75.0,11.0,6.0,10.0,9.0,12.0
Croatia,,DF,Fiorentina,False,False,ea_fc26,1881.0,Marin Pongračić,75,CB,,Croatia,Serie A Enilive,Fiorentina,28.0,193.0,85.0,Right,3.0,2.0,Bruiser,Men's Football,https://www.ea.com/games/ea-sports-fc/ratings/player-ratings/238370,61,26,52,62,75,75,56.0,65.0,28.0,21.0,40.0,22.0,25.0,30.0,54.0,27.0,25.0,67.0,63.0,34.0,59.0,62.0,51.0,72.0,64.0,69.0,72.0,78.0,74.0,78.0,74.0,83.0,54.0,84.0,78.0,6.0,6.0,14.0,8.0,5.0
Croatia,,DF,Midtjylland,False,False,ea_fc26,3509.0,Martin Erlić,72,CB,,Croatia,Serie A Enilive,Bologna,28.0,192.0,88.0,Right,2.0,2.0,Long Ball Pass,Men's Football,https://www.ea.com/games/ea-sports-fc/ratings/player-ratings/244456,55,34,46,53,73,71,42.0,66.0,31.0,29.0,55.0,22.0,33.0,49.0,33.0,31.0,28.0,60.0,58.0,32.0,52.0,34.0,39.0,70.0,56.0,72.0,71.0,74.0,71.0,75.0,73.0,74.0,48.0,80.0,78.0,9.0,9.0,7.0,13.0,8.0
Croatia,,DF,Hamburger SV,False,False,ea_fc26,11128.0,Luka Vušković,64,CB,,Croatia,1A Pro League,KVC Westerlo,19.0,193.0,86.0,Right,3.0,2.0,"Long Ball Pass, Aerial",Men's Football,https://www.ea.com/games/ea-sports-fc/ratings/player-ratings/275192,61,62,50,58,59,75,56.0,65.0,49.0,60.0,76.0,62.0,36.0,60.0,42.0,36.0,51.0,59.0,66.0,31.0,59.0,34.0,41.0,61.0,67.0,50.0,54.0,71.0,60.0,59.0,58.0,81.0,65.0,83.0,64.0,9.0,11.0,7.0,13.0,12.0
Croatia,,MF,Milan,True,False,ea_fc26,76.0,Luka Modrić,86,CM,"CAM, CDM",Croatia,LALIGA EA SPORTS,Real Madrid,40.0,172.0,66.0,Right,4.0,4.0,"Incisive Pass, Long Ball Pass, Whipped Pass, Technical, Trivela+",Men's Football,https://www.ea.com/games/ea-sports-fc/ratings/player-ratings/177003,72,76,88,87,71,64,75.0,69.0,76.0,72.0,79.0,82.0,76.0,83.0,90.0,86.0,78.0,90.0,90.0,85.0,84.0,92.0,92.0,85.0,90.0,91.0,79.0,55.0,70.0,73.0,72.0,67.0,76.0,58.0,62.0,13.0,9.0,7.0,14.0,9.0
Croatia,,MF,Manchester City,False,False,ea_fc26,220.0,Mateo Kovačić,83,CM,CDM,Croatia,Premier League,Manchester City,32.0,177.0,80.0,Right,4.0,4.0,"Incisive Pass, Pinged Pass, Flair, Press Proven",Men's Football,https://www.ea.com/games/ea-sports-fc/ratings/player-ratings/207410,69,67,82,87,71,70,75.0,64.0,75.0,58.0,78.0,76.0,76.0,59.0,82.0,73.0,70.0,89.0,84.0,78.0,87.0,86.0,84.0,84.0,88.0,84.0,76.0,42.0,73.0,75.0,68.0,63.0,75.0,66.0,77.0,9.0,5.0,6.0,7.0,7.0
Croatia,,MF,Atalanta,False,False,ea_fc26,575.0,Mario Pašalić,80,CM,CAM,Croatia,Serie A Enilive,Bergamo Calcio,31.0,188.0,82.0,Right,4.0,4.0,Trivela,Men's Football,https://www.ea.com/games/ea-sports-fc/ratings/player-ratings/223273,69,78,77,81,67,77,68.0,69.0,85.0,80.0,78.0,76.0,73.0,61.0,78.0,68.0,59.0,83.0,80.0,69.0,83.0,72.0,53.0,74.0,87.0,77.0,72.0,65.0,61.0,72.0,64.0,75.0,83.0,75.0,76.0,11.0,13.0,13.0,13.0,14.0
Croatia,,MF,Torino,False,False,ea_fc26,734.0,Nikola Vlašić,79,CAM,"RW, LW",Croatia,Serie A Enilive,Torino,28.0,179.0,79.0,Right,5.0,3.0,"Anticipate, Technical",Men's Football,https://www.ea.com/games/ea-sports-fc/ratings/player-ratings/241095,75,76,76,82,58,72,77.0,73.0,76.0,74.0,80.0,80.0,71.0,66.0,78.0,71.0,72.0,80.0,74.0,70.0,83.0,77.0,88.0,77.0,83.0,77.0,65.0,65.0,54.0,62.0,37.0,76.0,75.0,68.0,75.0,6.0,14.0,15.0,9.0,14.0
Croatia,,MF,Real Sociedad,False,False,ea_fc26,2309.0,Luka Sučić,74,CAM,CM,Croatia,LALIGA EA SPORTS,Real Sociedad,23.0,185.0,77.0,Left,3.0,4.0,"Power Shot, Incisive Pass, Long Ball Pass, Technical, Trivela",Men's Football,https://www.ea.com/games/ea-sports-fc/ratings/player-ratings/258775,79,73,74,74,49,69,82.0,76.0,68.0,71.0,79.0,76.0,72.0,65.0,75.0,73.0,74.0,74.0,74.0,76.0,76.0,74.0,65.0,69.0,75.0,70.0,56.0,47.0,47.0,50.0,44.0,72.0,72.0,71.0,58.0,15.0,12.0,10.0,11.0,7.0
Croatia,,MF,Como,False,False,ea_fc26,1520.0,Martin Baturina,76,CAM,CM,Croatia,Liga Hrvatska,Dinamo Zagreb,23.0,172.0,68.0,Right,4.0,3.0,"Finesse Shot, Incisive Pass, Technical, Flair, First Touch",Men's Football,https://www.ea.com/games/ea-sports-fc/ratings/player-ratings/262842,76,70,77,81,59,67,77.0,75.0,65.0,66.0,76.0,73.0,70.0,70.0,78.0,72.0,73.0,79.0,77.0,74.0,83.0,78.0,84.0,70.0,82.0,78.0,58.0,49.0,62.0,60.0,58.0,67.0,78.0,63.0,64.0,7.0,5.0,7.0,10.0,6.0
Croatia,,MF,FC Augsburg,False,False,ea_fc26,1881.0,Kristijan Jakić,75,CDM,"CM, CB",Croatia,Bundesliga,FC Augsburg,29.0,181.0,75.0,Right,3.0,2.0,"Intercept, Bruiser",Men's Football,https://www.ea.com/games/ea-sports-fc/ratings/player-ratings/257889,67,61,64,68,74,79,76.0,59.0,55.0,52.0,79.0,70.0,60.0,49.0,66.0,53.0,45.0,72.0,70.0,41.0,65.0,65.0,74.0,71.0,71.0,69.0,72.0,69.0,75.0,76.0,74.0,81.0,78.0,75.0,88.0,10.0,10.0,5.0,9.0,10.0
Croatia,,MF,Inter Milan,False,False,ea_fc26,5019.0,Petar Sučić,70,CM,CDM,Croatia,Liga Hrvatska,Dinamo Zagreb,22.0,183.0,76.0,Right,3.0,3.0,,Men's Football,https://www.ea.com/games/ea-sports-fc/ratings/player-ratings/276278,69,59,69,72,58,71,70.0,69.0,56.0,57.0,64.0,63.0,52.0,53.0,73.0,59.0,63.0,72.0,74.0,53.0,68.0,72.0,71.0,70.0,76.0,80.0,57.0,50.0,59.0,60.0,57.0,64.0,84.0,66.0,69.0,10.0,5.0,7.0,14.0,13.0
Croatia,,MF,Bologna,False,False,ea_fc26,1881.0,Nikola Moro,75,CDM,CM,Croatia,Serie A Enilive,Bologna,28.0,185.0,77.0,Right,5.0,3.0,,Men's Football,https://www.ea.com/games/ea-sports-fc/ratings/player-ratings/244270,67,73,75,74,70,75,66.0,67.0,74.0,70.0,82.0,74.0,64.0,68.0,78.0,67.0,69.0,78.0,80.0,68.0,74.0,68.0,61.0,72.0,77.0,77.0,71.0,69.0,69.0,71.0,72.0,75.0,81.0,74.0,70.0,9.0,9.0,10.0,13.0,11.0
Croatia,,FW,TSG Hoffenheim,False,False,ea_fc26,456.0,Andrej Kramarić,81,ST,"CAM, CM",Croatia,Bundesliga,TSG Hoffenheim,34.0,177.0,73.0,Right,4.0,4.0,"Finesse Shot, Chip Shot, Incisive Pass, Technical, Flair, First Touch, Trivela",Men's Football,https://www.ea.com/games/ea-sports-fc/ratings/player-ratings/216354,71,83,79,84,33,73,73.0,70.0,86.0,84.0,82.0,79.0,81.0,92.0,81.0,73.0,77.0,83.0,73.0,82.0,84.0,83.0,84.0,84.0,85.0,82.0,29.0,69.0,35.0,25.0,26.0,75.0,82.0,69.0,71.0,8.0,14.0,14.0,7.0,15.0
Croatia,,FW,Osasuna,False,False,ea_fc26,967.0,Ante Budimir,78,ST,,Croatia,LALIGA EA SPORTS,CA Osasuna,34.0,190.0,75.0,Left,4.0,3.0,"Power Header, Aerial",Men's Football,https://www.ea.com/games/ea-sports-fc/ratings/player-ratings/188335,59,79,52,74,35,77,54.0,63.0,82.0,84.0,77.0,71.0,72.0,73.0,39.0,50.0,62.0,66.0,41.0,44.0,79.0,53.0,33.0,75.0,81.0,72.0,24.0,87.0,29.0,35.0,27.0,86.0,63.0,83.0,77.0,11.0,14.0,8.0,16.0,15.0
Croatia,,FW,FC Dallas,False,False,ea_fc26,1520.0,Petar Musa,76,ST,,Croatia,MLS,FC Dallas,28.0,190.0,82.0,Right,3.0,3.0,Aerial,Men's Football,https://www.ea.com/games/ea-sports-fc/ratings/player-ratings/244797,82,75,62,71,41,81,81.0,83.0,74.0,78.0,79.0,66.0,72.0,64.0,65.0,51.0,57.0,69.0,57.0,61.0,70.0,65.0,62.0,77.0,74.0,76.0,38.0,73.0,34.0,41.0,31.0,84.0,76.0,86.0,73.0,15.0,11.0,10.0,10.0,6.0
Croatia,,FW,SC Freiburg,False,False,ea_fc26,4248.0,Igor Matanović,71,ST,,Croatia,Bundesliga,Frankfurt,23.0,194.0,90.0,Right,3.0,2.0,,Men's Football,https://www.ea.com/games/ea-sports-fc/ratings/player-ratings/259750,63,69,53,67,34,77,62.0,64.0,71.0,74.0,73.0,55.0,64.0,59.0,54.0,36.0,39.0,67.0,52.0,45.0,69.0,54.0,47.0,69.0,72.0,62.0,32.0,72.0,34.0,24.0,27.0,81.0,81.0,80.0,62.0,13.0,8.0,8.0,10.0,14.0
Colombia,,GK,Atlético Nacional,False,False,ea_fc26,1214.0,David Ospina,77,GK,,Colombia,Liga Colombia,,37.0,183.0,80.0,Right,3.0,1.0,,Men's Football,https://www.ea.com/games/ea-sports-fc/ratings/player-ratings/176550,77,74,78,80,53,80,55.0,50.0,16.0,10.0,59.0,12.0,12.0,26.0,50.0,11.0,13.0,40.0,45.0,10.0,12.0,59.0,60.0,65.0,32.0,57.0,25.0,15.0,11.0,13.0,12.0,61.0,19.0,49.0,20.0,77.0,74.0,78.0,80.0,80.0
Colombia,,GK,Vélez Sarsfield,False,False,ea_fc26,1520.0,Álvaro Montero,76,GK,,Colombia,Libertadores,,31.0,196.0,85.0,Right,2.0,1.0,Footwork,Men's Football,https://www.ea.com/games/ea-sports-fc/ratings/player-ratings/229541,75,74,69,76,43,79,42.0,44.0,19.0,18.0,52.0,17.0,19.0,31.0,30.0,20.0,14.0,39.0,30.0,22.0,16.0,32.0,48.0,70.0,24.0,41.0,21.0,14.0,20.0,20.0,21.0,69.0,45.0,77.0,26.0,75.0,74.0,69.0,79.0,76.0
Colombia,,DF,Galatasaray,False,False,ea_fc26,575.0,Davinson Sánchez,80,CB,,Colombia,Trendyol Süper Lig,Galatasaray,29.0,187.0,81.0,Right,2.0,2.0,"Slide Tackle, Bruiser, Aerial",Men's Football,https://www.ea.com/games/ea-sports-fc/ratings/player-ratings/220793,77,47,55,65,79,82,69.0,84.0,34.0,44.0,66.0,44.0,32.0,44.0,48.0,36.0,27.0,72.0,68.0,31.0,62.0,61.0,55.0,78.0,70.0,63.0,78.0,78.0,78.0,80.0,82.0,88.0,68.0,88.0,85.0,9.0,7.0,10.0,6.0,15.0
Colombia,,DF,Cagliari,False,False,ea_fc26,1520.0,Yerry Mina,76,CB,,Colombia,Serie A Enilive,Cagliari,31.0,195.0,94.0,Right,3.0,2.0,"Power Header, Jockey, Bruiser",Men's Football,https://www.ea.com/games/ea-sports-fc/ratings/player-ratings/220523,32,50,55,56,77,77,32.0,32.0,45.0,44.0,65.0,45.0,40.0,69.0,49.0,43.0,32.0,67.0,64.0,39.0,57.0,34.0,30.0,69.0,60.0,74.0,72.0,80.0,79.0,78.0,75.0,78.0,45.0,89.0,88.0,10.0,8.0,12.0,9.0,12.0
Colombia,,DF,Crystal Palace,False,False,ea_fc26,575.0,Daniel Muñoz,80,RB,,Colombia,Premier League,Crystal Palace,30.0,181.0,73.0,Right,3.0,2.0,"Long Ball Pass, Intercept, Anticipate, Rapid, Relentless",Men's Football,https://www.ea.com/games/ea-sports-fc/ratings/player-ratings/237646,84,66,72,76,75,82,82.0,85.0,75.0,70.0,70.0,52.0,72.0,58.0,69.0,72.0,34.0,79.0,73.0,65.0,75.0,78.0,78.0,78.0,76.0,75.0,76.0,76.0,71.0,78.0,76.0,88.0,88.0,75.0,88.0,7.0,14.0,12.0,7.0,6.0
Colombia,,DF,Mallorca,False,False,ea_fc26,1214.0,Johan Mojica,77,LB,LM,Colombia,LALIGA EA SPORTS,RCD Mallorca,33.0,185.0,73.0,Left,2.0,3.0,"Rapid, Quick Step",Men's Football,https://www.ea.com/games/ea-sports-fc/ratings/player-ratings/214026,88,65,73,72,72,70,86.0,90.0,69.0,62.0,80.0,61.0,43.0,60.0,65.0,77.0,64.0,77.0,70.0,74.0,72.0,70.0,58.0,69.0,75.0,70.0,74.0,56.0,70.0,77.0,75.0,77.0,65.0,70.0,73.0,13.0,8.0,14.0,9.0,15.0
Colombia,,DF,Bologna,False,False,ea_fc26,1214.0,Jhon Lucumí,77,CB,,Colombia,Serie A Enilive,Bologna,27.0,187.0,82.0,Left,3.0,2.0,"Long Ball Pass, Block",Men's Football,https://www.ea.com/games/ea-sports-fc/ratings/player-ratings/231207,66,37,62,61,78,78,63.0,68.0,33.0,23.0,63.0,45.0,23.0,36.0,44.0,61.0,31.0,74.0,71.0,53.0,58.0,45.0,45.0,75.0,70.0,71.0,76.0,76.0,79.0,80.0,78.0,84.0,70.0,83.0,73.0,6.0,11.0,10.0,8.0,7.0
Colombia,,DF,Nantes,False,False,ea_fc26,1520.0,Deiver Machado,76,LB,LM,Colombia,Ligue 1 McDonald's,RC Lens,32.0,180.0,75.0,Left,3.0,2.0,"Block, Anticipate",Men's Football,https://www.ea.com/games/ea-sports-fc/ratings/player-ratings/220837,84,69,71,76,70,76,83.0,84.0,72.0,66.0,80.0,68.0,61.0,57.0,71.0,75.0,61.0,74.0,63.0,64.0,76.0,76.0,79.0,76.0,75.0,74.0,70.0,66.0,70.0,72.0,72.0,83.0,74.0,76.0,75.0,13.0,12.0,8.0,12.0,11.0
Colombia,,MF,Crystal Palace,False,False,ea_fc26,734.0,Jefferson Lerma,79,CDM,"CM, CB",Colombia,Premier League,Crystal Palace,31.0,179.0,70.0,Right,4.0,3.0,"Anticipate, Slide Tackle, Bruiser, Relentless, Aerial",Men's Football,https://www.ea.com/games/ea-sports-fc/ratings/player-ratings/213991,72,71,71,74,77,81,68.0,75.0,65.0,65.0,83.0,77.0,63.0,58.0,63.0,64.0,67.0,78.0,75.0,67.0,74.0,69.0,75.0,76.0,77.0,70.0,80.0,74.0,76.0,77.0,76.0,87.0,83.0,76.0,89.0,16.0,14.0,11.0,7.0,9.0
Colombia,,MF,River Plate,False,False,ea_fc26,1214.0,Juan Fernando Quintero,77,CAM,RW,Colombia,Sudamericana,Racing Club,33.0,168.0,70.0,Left,3.0,4.0,"Finesse Shot, Dead Ball, Technical, Flair",Men's Football,https://www.ea.com/games/ea-sports-fc/ratings/player-ratings/210513,62,76,79,81,41,54,69.0,56.0,75.0,70.0,84.0,79.0,76.0,78.0,80.0,79.0,84.0,77.0,77.0,87.0,80.0,82.0,91.0,71.0,81.0,84.0,37.0,47.0,52.0,33.0,29.0,57.0,50.0,54.0,60.0,14.0,16.0,10.0,7.0,12.0
Colombia,,MF,Palmeiras,False,False,ea_fc26,5019.0,Jorge Arias,70,CB,LB,Colombia,Libertadores,,33.0,182.0,75.0,Left,3.0,2.0,"Slide Tackle, Bruiser",Men's Football,https://www.ea.com/games/ea-sports-fc/ratings/player-ratings/214195,76,48,61,59,68,78,70.0,80.0,46.0,40.0,56.0,59.0,35.0,59.0,50.0,59.0,70.0,63.0,67.0,65.0,54.0,71.0,63.0,73.0,59.0,63.0,75.0,68.0,63.0,70.0,67.0,79.0,82.0,78.0,72.0,10.0,12.0,11.0,14.0,10.0
Colombia,,MF,Rosario Central,False,False,ea_fc26,1520.0,Jaminton Campaz,76,LM,LW,Colombia,Libertadores,Rosario Central,26.0,168.0,68.0,Left,2.0,3.0,Rapid,Men's Football,https://www.ea.com/games/ea-sports-fc/ratings/player-ratings/238230,85,72,72,77,30,55,86.0,84.0,70.0,74.0,76.0,76.0,53.0,50.0,73.0,72.0,61.0,74.0,71.0,70.0,80.0,77.0,83.0,72.0,75.0,62.0,29.0,39.0,37.0,22.0,28.0,62.0,72.0,55.0,33.0,10.0,12.0,6.0,5.0,7.0
Colombia,,MF,Athletico Paranaense,False,False,ea_fc26,3509.0,Juan Camilo Portilla,72,CDM,CM,Colombia,Libertadores,Talleres,27.0,185.0,80.0,Right,4.0,3.0,,Men's Football,https://www.ea.com/games/ea-sports-fc/ratings/player-ratings/248191,69,66,66,68,66,72,70.0,68.0,72.0,68.0,67.0,63.0,55.0,60.0,70.0,55.0,58.0,75.0,68.0,42.0,68.0,55.0,66.0,65.0,75.0,54.0,74.0,42.0,65.0,72.0,63.0,62.0,83.0,71.0,64.0,15.0,12.0,7.0,10.0,11.0
Colombia,,MF,Racing Santander,False,False,ea_fc26,10049.0,Gustavo Puerta,65,CM,,Colombia,EFL Championship,Hull City,22.0,173.0,70.0,Right,3.0,2.0,,Men's Football,https://www.ea.com/games/ea-sports-fc/ratings/player-ratings/273827,65,58,62,66,59,60,64.0,65.0,57.0,58.0,65.0,55.0,43.0,49.0,69.0,51.0,44.0,66.0,66.0,46.0,61.0,76.0,78.0,65.0,68.0,60.0,60.0,45.0,60.0,62.0,57.0,55.0,66.0,56.0,64.0,15.0,8.0,8.0,10.0,13.0
Colombia,,FW,Bayern Munich,False,False,ea_fc26,148.0,Luis Díaz,84,LW,"RW, LM",Colombia,Premier League,Liverpool,29.0,180.0,73.0,Right,4.0,4.0,"Technical, Flair, Quick Step",Men's Football,https://www.ea.com/games/ea-sports-fc/ratings/player-ratings/241084,90,80,75,87,39,75,91.0,90.0,83.0,80.0,84.0,81.0,81.0,63.0,77.0,76.0,58.0,76.0,71.0,77.0,89.0,88.0,77.0,83.0,87.0,82.0,28.0,64.0,35.0,42.0,34.0,80.0,87.0,69.0,74.0,10.0,13.0,13.0,14.0,14.0
Colombia,,FW,Sporting CP,False,False,ea_fc26,1881.0,Luis Javier Suárez,75,ST,LM,Colombia,LALIGA HYPERMOTION,UD Almería,28.0,185.0,74.0,Right,4.0,3.0,"Chip Shot, Rapid, Quick Step",Men's Football,https://www.ea.com/games/ea-sports-fc/ratings/player-ratings/245158,80,77,65,71,38,75,79.0,80.0,80.0,78.0,81.0,71.0,73.0,69.0,66.0,66.0,60.0,68.0,57.0,68.0,72.0,72.0,75.0,76.0,69.0,63.0,42.0,69.0,26.0,41.0,25.0,81.0,76.0,73.0,76.0,6.0,8.0,13.0,11.0,6.0
Colombia,,FW,Real Betis,False,False,ea_fc26,967.0,Cucho Hernández,78,ST,,Colombia,MLS,Columbus Crew,27.0,176.0,73.0,Right,4.0,4.0,"Quick Step, Acrobatic",Men's Football,https://www.ea.com/games/ea-sports-fc/ratings/player-ratings/237034,83,77,73,78,42,77,86.0,80.0,78.0,80.0,75.0,74.0,70.0,70.0,74.0,65.0,69.0,77.0,75.0,68.0,79.0,79.0,80.0,76.0,78.0,75.0,23.0,74.0,44.0,43.0,40.0,87.0,79.0,75.0,78.0,9.0,11.0,11.0,9.0,6.0
Colombia,,FW,Vasco da Gama,False,False,ea_fc26,5019.0,Andrés Gómez,70,RM,RW,Colombia,Ligue 1 McDonald's,Stade Rennais FC,23.0,172.0,61.0,Right,4.0,4.0,Press Proven,Men's Football,https://www.ea.com/games/ea-sports-fc/ratings/player-ratings/266674,78,66,63,72,32,58,79.0,78.0,68.0,71.0,62.0,64.0,51.0,58.0,68.0,62.0,55.0,64.0,56.0,60.0,73.0,78.0,65.0,72.0,72.0,50.0,35.0,48.0,33.0,26.0,25.0,64.0,65.0,59.0,44.0,8.0,5.0,11.0,14.0,12.0
Senegal,,GK,Al-Ahli,False,False,ea_fc26,575.0,Édouard Mendy,80,GK,,Senegal,ROSHN Saudi League,Al Ahli,34.0,197.0,86.0,Right,2.0,1.0,Cross Claimer,Men's Football,https://www.ea.com/games/ea-sports-fc/ratings/player-ratings/234642,78,77,75,81,34,79,33.0,36.0,6.0,5.0,56.0,9.0,9.0,13.0,50.0,10.0,14.0,54.0,54.0,13.0,18.0,50.0,33.0,80.0,31.0,57.0,13.0,10.0,10.0,11.0,13.0,64.0,36.0,72.0,22.0,78.0,77.0,75.0,79.0,81.0
Senegal,,GK,Le Havre,False,False,ea_fc26,1881.0,Mory Diaw,75,GK,,Senegal,Ligue 2 BKT,Clermont Foot 63,32.0,197.0,98.0,Right,2.0,1.0,"Long Ball Pass, Far Throw, Footwork",Men's Football,https://www.ea.com/games/ea-sports-fc/ratings/player-ratings/220820,77,74,73,78,43,72,44.0,42.0,13.0,19.0,55.0,17.0,16.0,29.0,42.0,17.0,19.0,31.0,25.0,18.0,19.0,33.0,36.0,65.0,24.0,33.0,18.0,22.0,22.0,19.0,18.0,70.0,31.0,72.0,29.0,77.0,74.0,73.0,72.0,78.0
Senegal,,GK,Nice,False,False,ea_fc26,1214.0,Yehvann Diouf,77,GK,,France,Ligue 1 McDonald's,Stade de Reims,26.0,184.0,74.0,Right,3.0,1.0,"Far Throw, Cross Claimer",Men's Football,https://www.ea.com/games/ea-sports-fc/ratings/player-ratings/235633,77,75,73,78,45,75,45.0,44.0,6.0,8.0,55.0,8.0,7.0,11.0,41.0,13.0,13.0,35.0,30.0,12.0,13.0,35.0,38.0,74.0,21.0,46.0,15.0,14.0,13.0,11.0,16.0,64.0,44.0,62.0,26.0,77.0,75.0,73.0,75.0,78.0
Senegal,,DF,Al-Hilal,True,False,ea_fc26,148.0,Kalidou Koulibaly,84,CB,,Senegal,ROSHN Saudi League,Al Hilal,34.0,186.0,93.0,Right,4.0,3.0,"Power Header, Block, Anticipate, Bruiser",Men's Football,https://www.ea.com/games/ea-sports-fc/ratings/player-ratings/201024,76,48,64,67,85,84,66.0,85.0,50.0,43.0,67.0,38.0,48.0,50.0,65.0,50.0,39.0,73.0,69.0,53.0,70.0,43.0,33.0,85.0,72.0,82.0,84.0,82.0,86.0,85.0,83.0,82.0,74.0,90.0,84.0,7.0,11.0,7.0,13.0,5.0
Senegal,,DF,Monaco,False,False,ea_fc26,1881.0,Krépin Diatta,75,RM,RW,Senegal,Ligue 1 McDonald's,AS Monaco,27.0,175.0,69.0,Right,4.0,4.0,"Rapid, Quick Step",Men's Football,https://www.ea.com/games/ea-sports-fc/ratings/player-ratings/238227,89,69,66,78,50,67,90.0,89.0,69.0,68.0,73.0,72.0,68.0,59.0,69.0,66.0,58.0,68.0,64.0,62.0,79.0,89.0,76.0,70.0,75.0,70.0,48.0,62.0,55.0,42.0,50.0,78.0,84.0,61.0,57.0,10.0,8.0,11.0,11.0,12.0
Senegal,,DF,Lyon,False,False,ea_fc26,1520.0,Moussa Niakhaté,76,CB,,Senegal,Ligue 1 McDonald's,OL,30.0,190.0,85.0,Left,3.0,2.0,"Long Ball Pass, Long Throw",Men's Football,https://www.ea.com/games/ea-sports-fc/ratings/player-ratings/225859,68,42,62,63,76,76,55.0,79.0,49.0,37.0,49.0,38.0,39.0,74.0,58.0,63.0,36.0,70.0,65.0,41.0,65.0,50.0,51.0,74.0,64.0,73.0,75.0,75.0,75.0,78.0,76.0,73.0,63.0,83.0,76.0,9.0,14.0,6.0,8.0,7.0
Senegal,,DF,Galatasaray,False,False,ea_fc26,2309.0,Ismail Jakobs,74,LB,LM,Senegal,Trendyol Süper Lig,Galatasaray,26.0,184.0,75.0,Left,3.0,3.0,"Rapid, Long Throw",Men's Football,https://www.ea.com/games/ea-sports-fc/ratings/player-ratings/252293,84,60,64,73,67,69,83.0,84.0,64.0,64.0,65.0,52.0,41.0,55.0,65.0,70.0,30.0,71.0,54.0,59.0,74.0,72.0,68.0,70.0,73.0,68.0,68.0,61.0,66.0,69.0,70.0,77.0,78.0,65.0,66.0,15.0,8.0,10.0,7.0,11.0
Senegal,,DF,West Ham United,False,False,ea_fc26,4248.0,El Hadji Malick Diouf,71,LB,LM,Senegal,Česká Liga,Slavia Praha,21.0,183.0,75.0,Left,2.0,3.0,,Men's Football,https://www.ea.com/games/ea-sports-fc/ratings/player-ratings/274915,78,58,64,69,67,71,76.0,79.0,65.0,55.0,64.0,56.0,67.0,59.0,62.0,70.0,58.0,65.0,65.0,51.0,70.0,62.0,67.0,67.0,70.0,63.0,64.0,79.0,64.0,68.0,68.0,88.0,71.0,73.0,64.0,9.0,9.0,7.0,13.0,14.0
Senegal,,DF,Chelsea,False,False,ea_fc26,10049.0,Mouhamadou Sarr,65,GK,,Senegal,Serie BKT,Spezia,29.0,190.0,77.0,Right,2.0,1.0,Cross Claimer,Men's Football,https://www.ea.com/games/ea-sports-fc/ratings/player-ratings/227966,69,62,60,72,43,58,43.0,44.0,19.0,13.0,45.0,15.0,19.0,21.0,16.0,13.0,20.0,26.0,22.0,16.0,18.0,34.0,48.0,52.0,24.0,25.0,25.0,17.0,17.0,18.0,13.0,63.0,38.0,67.0,18.0,69.0,62.0,60.0,58.0,72.0
Senegal,,DF,Nice,False,False,ea_fc26,7904.0,Arial Mendy,67,LB,,Senegal,Ligue 2 BKT,Grenoble Foot 38,31.0,180.0,75.0,Left,3.0,2.0,"Anticipate, Rapid",Men's Football,https://www.ea.com/games/ea-sports-fc/ratings/player-ratings/244187,76,36,62,62,61,70,75.0,77.0,63.0,36.0,35.0,34.0,26.0,37.0,64.0,69.0,34.0,63.0,57.0,54.0,63.0,72.0,56.0,59.0,61.0,49.0,63.0,60.0,58.0,62.0,64.0,76.0,73.0,71.0,64.0,8.0,10.0,14.0,11.0,14.0
Senegal,,DF,Paris FC,False,False,ea_fc26,7904.0,Moustapha Mbow,67,CB,,Senegal,Ligue 2 BKT,Paris FC,26.0,192.0,82.0,Right,2.0,2.0,,Men's Football,https://www.ea.com/games/ea-sports-fc/ratings/player-ratings/247248,66,36,42,55,67,75,63.0,68.0,24.0,36.0,52.0,24.0,29.0,39.0,32.0,23.0,32.0,56.0,51.0,38.0,52.0,43.0,45.0,62.0,62.0,58.0,66.0,68.0,66.0,68.0,64.0,79.0,72.0,82.0,62.0,6.0,5.0,14.0,14.0,5.0
Senegal,,MF,Everton,False,False,ea_fc26,1520.0,Idrissa Gueye,76,CDM,CM,Senegal,Premier League,Everton,36.0,174.0,66.0,Right,3.0,3.0,"Intercept, Slide Tackle",Men's Football,https://www.ea.com/games/ea-sports-fc/ratings/player-ratings/193474,60,60,66,71,78,68,66.0,55.0,51.0,54.0,77.0,65.0,33.0,55.0,60.0,60.0,66.0,73.0,67.0,60.0,68.0,77.0,76.0,74.0,73.0,72.0,84.0,69.0,76.0,80.0,77.0,68.0,77.0,58.0,82.0,8.0,6.0,8.0,12.0,13.0
Senegal,,MF,Villarreal,False,False,ea_fc26,1881.0,Pape Gueye,75,CM,CDM,Senegal,LALIGA EA SPORTS,Villarreal CF,27.0,189.0,79.0,Left,3.0,2.0,,Men's Football,https://www.ea.com/games/ea-sports-fc/ratings/player-ratings/241707,58,60,70,71,74,76,55.0,61.0,68.0,56.0,73.0,62.0,45.0,42.0,76.0,58.0,39.0,79.0,78.0,46.0,72.0,54.0,52.0,75.0,76.0,72.0,78.0,61.0,73.0,78.0,70.0,71.0,73.0,78.0,75.0,12.0,12.0,12.0,14.0,12.0
Senegal,,MF,Tottenham Hotspur,False,False,ea_fc26,734.0,Pape Matar Sarr,79,CDM,CM,Senegal,Premier League,Spurs,23.0,184.0,70.0,Right,3.0,2.0,,Men's Football,https://www.ea.com/games/ea-sports-fc/ratings/player-ratings/259868,70,65,75,78,76,75,72.0,68.0,74.0,65.0,69.0,67.0,54.0,50.0,77.0,72.0,49.0,81.0,78.0,60.0,79.0,75.0,72.0,79.0,79.0,79.0,80.0,58.0,76.0,79.0,74.0,73.0,83.0,71.0,76.0,14.0,8.0,14.0,8.0,8.0
Senegal,,MF,Monaco,False,False,ea_fc26,2871.0,Lamine Camara,73,CM,CAM,Senegal,Ligue 1 McDonald's,AS Monaco,22.0,173.0,65.0,Right,3.0,3.0,Flair,Men's Football,https://www.ea.com/games/ea-sports-fc/ratings/player-ratings/275138,79,65,73,74,57,59,82.0,76.0,71.0,64.0,72.0,63.0,52.0,55.0,75.0,66.0,68.0,76.0,74.0,69.0,74.0,72.0,80.0,69.0,75.0,72.0,64.0,38.0,55.0,63.0,54.0,57.0,77.0,51.0,59.0,13.0,12.0,15.0,12.0,9.0
Senegal,,MF,Rayo Vallecano,False,False,ea_fc26,2309.0,Pathé Ciss,74,CDM,CM,Senegal,LALIGA EA SPORTS,Rayo Vallecano,32.0,186.0,71.0,Right,3.0,2.0,"Jockey, Bruiser",Men's Football,https://www.ea.com/games/ea-sports-fc/ratings/player-ratings/250858,62,56,61,63,72,84,64.0,60.0,64.0,55.0,71.0,51.0,32.0,40.0,60.0,48.0,30.0,74.0,71.0,33.0,60.0,57.0,58.0,69.0,69.0,61.0,72.0,76.0,67.0,74.0,72.0,86.0,87.0,84.0,80.0,13.0,5.0,11.0,14.0,13.0
Senegal,,MF,Sunderland,False,False,ea_fc26,2871.0,Habib Diarra,73,CM,"CDM, LM",Senegal,Ligue 1 McDonald's,Strasbourg,22.0,179.0,74.0,Right,2.0,2.0,Technical,Men's Football,https://www.ea.com/games/ea-sports-fc/ratings/player-ratings/264293,68,63,69,73,69,70,72.0,65.0,68.0,58.0,78.0,64.0,44.0,56.0,73.0,56.0,52.0,77.0,72.0,60.0,73.0,72.0,68.0,70.0,75.0,71.0,72.0,58.0,66.0,74.0,70.0,71.0,75.0,69.0,68.0,8.0,12.0,7.0,7.0,8.0
Senegal,,FW,Al-Nassr,False,False,ea_fc26,148.0,Sadio Mané,84,LM,"RM, ST, LW",Senegal,ROSHN Saudi League,Al Nassr,34.0,174.0,69.0,Right,4.0,4.0,"Rapid, Flair",Men's Football,https://www.ea.com/games/ea-sports-fc/ratings/player-ratings/208722,83,81,78,86,44,75,82.0,83.0,83.0,82.0,85.0,77.0,75.0,75.0,80.0,78.0,64.0,83.0,71.0,77.0,85.0,86.0,90.0,85.0,86.0,83.0,35.0,78.0,42.0,42.0,38.0,86.0,79.0,72.0,75.0,10.0,10.0,15.0,7.0,14.0
Senegal,,FW,Crystal Palace,False,False,ea_fc26,1520.0,Ismaïla Sarr,76,RW,"RM, LM",Senegal,Premier League,Crystal Palace,28.0,185.0,70.0,Right,2.0,4.0,"Rapid, Quick Step",Men's Football,https://www.ea.com/games/ea-sports-fc/ratings/player-ratings/235353,91,76,66,79,22,68,88.0,93.0,72.0,75.0,82.0,78.0,76.0,63.0,66.0,68.0,60.0,69.0,57.0,78.0,81.0,78.0,74.0,73.0,77.0,76.0,17.0,44.0,25.0,16.0,21.0,71.0,72.0,71.0,57.0,14.0,13.0,7.0,6.0,9.0
Senegal,,FW,Everton,False,False,ea_fc26,1881.0,Iliman Ndiaye,75,ST,,Senegal,Premier League,Everton,26.0,180.0,70.0,Right,3.0,4.0,"Technical, Flair",Men's Football,https://www.ea.com/games/ea-sports-fc/ratings/player-ratings/261188,84,72,63,82,40,62,83.0,85.0,76.0,73.0,74.0,70.0,71.0,66.0,64.0,48.0,55.0,75.0,56.0,68.0,83.0,84.0,77.0,78.0,82.0,78.0,49.0,59.0,44.0,28.0,26.0,75.0,66.0,65.0,47.0,7.0,9.0,7.0,15.0,8.0
Senegal,,FW,Bayern Munich,False,False,ea_fc26,734.0,Nicolas Jackson,79,ST,,Senegal,Premier League,Chelsea,24.0,187.0,78.0,Right,3.0,3.0,"Technical, Flair",Men's Football,https://www.ea.com/games/ea-sports-fc/ratings/player-ratings/259197,83,78,65,80,40,73,82.0,84.0,82.0,80.0,78.0,75.0,76.0,62.0,68.0,55.0,53.0,75.0,55.0,57.0,84.0,75.0,77.0,77.0,79.0,75.0,35.0,77.0,35.0,37.0,33.0,89.0,76.0,76.0,58.0,12.0,7.0,12.0,7.0,7.0
Senegal,,FW,Lorient,False,False,ea_fc26,3509.0,Bamba Dieng,72,ST,,Senegal,Ligue 1 McDonald's,Angers SCO,26.0,178.0,72.0,Right,3.0,3.0,"Rapid, Flair, Acrobatic",Men's Football,https://www.ea.com/games/ea-sports-fc/ratings/player-ratings/261084,79,73,60,70,33,60,80.0,79.0,71.0,71.0,84.0,68.0,74.0,72.0,64.0,62.0,55.0,63.0,47.0,54.0,70.0,67.0,71.0,69.0,71.0,69.0,32.0,70.0,24.0,31.0,27.0,78.0,60.0,66.0,42.0,10.0,14.0,11.0,8.0,15.0
Mexico,,DF,Lokomotiv Moscow,False,False,ea_fc26,2309.0,César Montes,74,CB,,Mexico,LALIGA HYPERMOTION,UD Almería,29.0,191.0,84.0,Right,3.0,2.0,"Power Header, Bruiser, Acrobatic, Aerial",Men's Football,https://www.ea.com/games/ea-sports-fc/ratings/player-ratings/229980,57,46,60,63,73,79,62.0,53.0,56.0,48.0,55.0,35.0,33.0,48.0,65.0,41.0,35.0,68.0,69.0,62.0,60.0,74.0,51.0,72.0,64.0,73.0,73.0,78.0,70.0,74.0,71.0,85.0,76.0,81.0,78.0,9.0,10.0,5.0,5.0,13.0
Mexico,,DF,Genoa,False,False,ea_fc26,2309.0,Johan Vásquez,74,CB,,Mexico,Serie A Enilive,Genoa,27.0,185.0,72.0,Left,2.0,2.0,"Block, Intercept, Slide Tackle",Men's Football,https://www.ea.com/games/ea-sports-fc/ratings/player-ratings/244349,61,32,58,57,74,75,59.0,62.0,40.0,30.0,38.0,25.0,28.0,45.0,47.0,62.0,40.0,65.0,60.0,40.0,51.0,51.0,64.0,75.0,61.0,69.0,74.0,74.0,74.0,75.0,75.0,76.0,74.0,72.0,84.0,9.0,12.0,7.0,12.0,10.0
Mexico,,MF,Fenerbahçe,True,False,ea_fc26,456.0,Edson Álvarez,81,CDM,CM,Mexico,Premier League,West Ham,28.0,187.0,73.0,Right,3.0,2.0,"Power Header, Anticipate, Slide Tackle, Bruiser, Block+",Men's Football,https://www.ea.com/games/ea-sports-fc/ratings/player-ratings/235844,66,58,69,72,83,87,66.0,66.0,56.0,57.0,74.0,40.0,63.0,65.0,69.0,64.0,40.0,78.0,76.0,42.0,72.0,60.0,68.0,77.0,76.0,76.0,83.0,82.0,83.0,83.0,79.0,81.0,90.0,86.0,86.0,7.0,11.0,10.0,7.0,6.0
Mexico,,MF,AEK Athens,False,False,ea_fc26,1214.0,Orbelín Pineda,77,CAM,"LM, CM",Mexico,Hellas Liga,AEK Athens,30.0,169.0,63.0,Right,4.0,4.0,"Technical, Relentless, Trivela",Men's Football,https://www.ea.com/games/ea-sports-fc/ratings/player-ratings/224574,81,74,72,81,65,66,82.0,80.0,74.0,74.0,76.0,75.0,70.0,75.0,73.0,73.0,56.0,73.0,73.0,70.0,81.0,88.0,78.0,78.0,80.0,70.0,66.0,60.0,65.0,65.0,65.0,72.0,81.0,57.0,70.0,15.0,14.0,7.0,10.0,10.0
Mexico,,MF,Guadalajara,False,False,ea_fc26,7904.0,Brian Gutiérrez,67,LM,"CAM, RM, LW",United States,MLS,Chicago Fire FC,22.0,178.0,64.0,Right,4.0,3.0,Flair,Men's Football,https://www.ea.com/games/ea-sports-fc/ratings/player-ratings/260984,67,61,63,69,39,58,68.0,67.0,68.0,62.0,64.0,60.0,43.0,49.0,64.0,57.0,49.0,67.0,65.0,55.0,69.0,71.0,73.0,63.0,69.0,61.0,29.0,39.0,39.0,42.0,45.0,52.0,64.0,57.0,55.0,10.0,13.0,7.0,13.0,7.0
Mexico,,MF,Atlético Madrid,False,False,ea_fc26,11128.0,Obed Vargas,64,CM,"CDM, RM",Mexico,MLS,Sounders FC,20.0,175.0,68.0,Right,3.0,3.0,Technical,Men's Football,https://www.ea.com/games/ea-sports-fc/ratings/player-ratings/263701,74,42,62,71,55,51,76.0,73.0,62.0,35.0,48.0,48.0,44.0,43.0,65.0,54.0,44.0,69.0,63.0,50.0,70.0,79.0,78.0,64.0,69.0,69.0,55.0,48.0,58.0,57.0,48.0,51.0,64.0,40.0,60.0,6.0,9.0,11.0,7.0,8.0
Mexico,,FW,Fulham,False,False,ea_fc26,2309.0,Raúl Jiménez,74,ST,,Mexico,Premier League,Fulham,35.0,188.0,81.0,Right,3.0,3.0,Flair,Men's Football,https://www.ea.com/games/ea-sports-fc/ratings/player-ratings/204838,54,76,73,73,45,78,53.0,54.0,74.0,75.0,82.0,70.0,73.0,87.0,74.0,70.0,51.0,77.0,73.0,74.0,75.0,67.0,66.0,75.0,73.0,76.0,52.0,77.0,43.0,38.0,30.0,81.0,71.0,81.0,79.0,7.0,11.0,13.0,14.0,10.0
Mexico,,FW,Milan,False,False,ea_fc26,734.0,Santiago Giménez,79,ST,,Mexico,Eredivisie,,25.0,182.0,69.0,Left,4.0,3.0,"Chip Shot, Power Header",Men's Football,https://www.ea.com/games/ea-sports-fc/ratings/player-ratings/245152,79,80,70,76,49,75,77.0,80.0,84.0,82.0,83.0,76.0,70.0,81.0,75.0,64.0,52.0,74.0,69.0,72.0,77.0,75.0,70.0,74.0,77.0,78.0,51.0,80.0,55.0,39.0,22.0,81.0,68.0,76.0,78.0,6.0,14.0,12.0,6.0,10.0
Mexico,,FW,Al-Qadsiah,False,False,ea_fc26,967.0,Julian Quiñones,78,ST,LW,Mexico,ROSHN Saudi League,Al Qadsiah,29.0,180.0,78.0,Right,3.0,4.0,"Chip Shot, Rapid, Flair",Men's Football,https://www.ea.com/games/ea-sports-fc/ratings/player-ratings/234579,88,78,70,78,36,83,88.0,88.0,75.0,81.0,80.0,70.0,69.0,78.0,81.0,58.0,66.0,75.0,70.0,51.0,80.0,83.0,68.0,69.0,78.0,65.0,21.0,76.0,25.0,46.0,28.0,95.0,88.0,89.0,60.0,8.0,12.0,11.0,8.0,12.0
USA,1,GK,New England Revolution,False,False,ea_fc26,2309.0,Matt Turner,74,GK,,United States,Premier League,Crystal Palace,31.0,191.0,79.0,Right,2.0,1.0,"Far Throw, Footwork",Men's Football,https://www.ea.com/games/ea-sports-fc/ratings/player-ratings/233267,74,72,67,74,40,73,38.0,42.0,15.0,15.0,50.0,18.0,16.0,14.0,55.0,13.0,14.0,24.0,29.0,13.0,16.0,48.0,42.0,71.0,24.0,59.0,27.0,14.0,11.0,11.0,11.0,62.0,35.0,64.0,25.0,74.0,72.0,67.0,73.0,74.0
USA,2,DF,PSV Eindhoven,False,False,ea_fc26,734.0,Sergiño Dest,79,LB,RB,United States,Eredivisie,,25.0,173.0,68.0,Right,4.0,4.0,"Technical, Flair",Men's Football,https://www.ea.com/games/ea-sports-fc/ratings/player-ratings/251804,91,60,75,82,72,69,90.0,91.0,73.0,59.0,65.0,62.0,46.0,39.0,76.0,76.0,43.0,80.0,71.0,74.0,84.0,88.0,81.0,77.0,80.0,75.0,72.0,59.0,71.0,76.0,75.0,76.0,77.0,62.0,73.0,11.0,10.0,10.0,15.0,15.0
USA,3,DF,Crystal Palace,False,False,ea_fc26,1520.0,Chris Richards,76,CB,CDM,United States,Premier League,Crystal Palace,26.0,188.0,87.0,Right,4.0,2.0,,Men's Football,https://www.ea.com/games/ea-sports-fc/ratings/player-ratings/250954,71,27,59,61,76,74,64.0,77.0,38.0,23.0,36.0,22.0,26.0,37.0,55.0,47.0,24.0,72.0,67.0,45.0,57.0,61.0,58.0,75.0,64.0,63.0,76.0,77.0,75.0,77.0,79.0,82.0,69.0,76.0,72.0,13.0,5.0,13.0,7.0,6.0
USA,4,MF,Bournemouth,False,False,ea_fc26,1214.0,Tyler Adams,77,CDM,CM,United States,Premier League,AFC Bournemouth,27.0,175.0,72.0,Right,3.0,3.0,,Men's Football,https://www.ea.com/games/ea-sports-fc/ratings/player-ratings/232999,77,50,68,72,77,74,85.0,70.0,65.0,48.0,55.0,47.0,33.0,52.0,72.0,55.0,42.0,77.0,72.0,52.0,68.0,77.0,85.0,75.0,72.0,77.0,78.0,65.0,75.0,82.0,77.0,79.0,79.0,68.0,82.0,6.0,13.0,12.0,8.0,7.0
USA,5,DF,Fulham,False,False,ea_fc26,734.0,Antonee Robinson,79,LB,,United States,Premier League,Fulham,28.0,182.0,70.0,Left,3.0,3.0,"Long Ball Pass, Whipped Pass, Jockey, Rapid",Men's Football,https://www.ea.com/games/ea-sports-fc/ratings/player-ratings/229348,88,46,71,77,74,77,87.0,89.0,71.0,44.0,46.0,43.0,45.0,45.0,63.0,79.0,39.0,74.0,73.0,80.0,80.0,79.0,71.0,75.0,74.0,67.0,80.0,63.0,73.0,76.0,74.0,82.0,81.0,73.0,83.0,12.0,9.0,15.0,14.0,9.0
USA,6,DF,Celtic,False,False,ea_fc26,3509.0,Auston Trusty,72,CB,LB,United States,Scottish Prem,Celtic,27.0,191.0,85.0,Left,3.0,2.0,,Men's Football,https://www.ea.com/games/ea-sports-fc/ratings/player-ratings/235755,76,47,56,61,70,80,74.0,78.0,47.0,42.0,56.0,49.0,39.0,52.0,48.0,54.0,29.0,65.0,63.0,48.0,61.0,51.0,53.0,71.0,63.0,68.0,69.0,71.0,71.0,71.0,67.0,87.0,78.0,82.0,78.0,13.0,14.0,11.0,10.0,12.0
USA,7,MF,Borussia Mönchengladbach,False,False,ea_fc26,1881.0,Giovanni Reyna,75,RM,"CAM, LM, RW",United States,Bundesliga,Borussia Dortmund,23.0,185.0,79.0,Right,2.0,4.0,"Finesse Shot, Tiki Taka, Technical, Flair",Men's Football,https://www.ea.com/games/ea-sports-fc/ratings/player-ratings/245541,77,72,71,79,37,67,77.0,77.0,72.0,71.0,78.0,74.0,76.0,50.0,74.0,68.0,64.0,74.0,63.0,78.0,82.0,82.0,77.0,73.0,77.0,75.0,37.0,45.0,35.0,35.0,37.0,69.0,70.0,71.0,55.0,10.0,13.0,14.0,12.0,7.0
USA,8,MF,Juventus,False,False,ea_fc26,967.0,Weston McKennie,78,CM,CDM,United States,Serie A Enilive,Juventus,27.0,180.0,86.0,Right,3.0,3.0,Long Throw,Men's Football,https://www.ea.com/games/ea-sports-fc/ratings/player-ratings/238744,76,73,77,78,79,80,75.0,76.0,78.0,71.0,76.0,73.0,76.0,61.0,76.0,78.0,63.0,78.0,77.0,78.0,80.0,68.0,71.0,78.0,81.0,78.0,77.0,84.0,77.0,80.0,76.0,90.0,81.0,78.0,81.0,7.0,9.0,12.0,9.0,11.0
USA,9,FW,PSV Eindhoven,False,False,ea_fc26,2871.0,Ricardo Pepi,73,ST,,United States,Eredivisie,,23.0,185.0,74.0,Right,3.0,3.0,,Men's Football,https://www.ea.com/games/ea-sports-fc/ratings/player-ratings/251223,70,74,57,70,41,71,71.0,69.0,75.0,80.0,74.0,66.0,67.0,67.0,52.0,43.0,51.0,67.0,59.0,61.0,68.0,66.0,67.0,70.0,74.0,67.0,41.0,69.0,34.0,40.0,34.0,70.0,75.0,72.0,62.0,11.0,14.0,9.0,10.0,10.0
USA,10,FW,Milan,False,False,ea_fc26,220.0,Christian Pulisic,83,RW,"RM, LW",United States,Serie A Enilive,Milano FC,27.0,177.0,69.0,Right,5.0,4.0,"Finesse Shot, Rapid, Flair",Men's Football,https://www.ea.com/games/ea-sports-fc/ratings/player-ratings/227796,88,82,78,86,37,63,91.0,85.0,80.0,84.0,81.0,79.0,74.0,80.0,79.0,78.0,75.0,80.0,70.0,83.0,85.0,90.0,86.0,84.0,86.0,83.0,33.0,50.0,38.0,32.0,48.0,69.0,76.0,54.0,70.0,8.0,12.0,13.0,16.0,14.0
USA,11,FW,Leeds United,False,False,ea_fc26,2871.0,Brenden Aaronson,73,CAM,"RM, CM",United States,EFL Championship,Leeds United,25.0,177.0,69.0,Right,3.0,3.0,"Rapid, Relentless",Men's Football,https://www.ea.com/games/ea-sports-fc/ratings/player-ratings/247361,79,65,69,77,55,59,81.0,77.0,73.0,64.0,67.0,67.0,59.0,63.0,73.0,64.0,67.0,71.0,65.0,67.0,78.0,76.0,81.0,73.0,77.0,69.0,55.0,37.0,59.0,61.0,46.0,56.0,81.0,50.0,54.0,12.0,13.0,7.0,7.0,13.0
USA,12,DF,FC Cincinnati,False,False,ea_fc26,3509.0,Miles Robinson,72,CB,,United States,MLS,FC Cincinnati,29.0,188.0,84.0,Right,4.0,2.0,,Men's Football,https://www.ea.com/games/ea-sports-fc/ratings/player-ratings/237255,82,35,54,67,70,78,83.0,81.0,51.0,29.0,49.0,27.0,36.0,41.0,58.0,26.0,22.0,72.0,66.0,29.0,66.0,74.0,39.0,74.0,68.0,67.0,67.0,64.0,72.0,73.0,70.0,84.0,78.0,79.0,76.0,13.0,7.0,9.0,5.0,5.0
USA,13,DF,Charlotte FC,True,False,ea_fc26,2871.0,Tim Ream,73,CB,,United States,MLS,Charlotte FC,38.0,185.0,80.0,Left,3.0,2.0,,Men's Football,https://www.ea.com/games/ea-sports-fc/ratings/player-ratings/198261,36,44,69,66,76,70,38.0,34.0,41.0,41.0,53.0,41.0,52.0,50.0,71.0,62.0,53.0,75.0,71.0,66.0,68.0,40.0,63.0,70.0,70.0,82.0,78.0,74.0,79.0,75.0,70.0,62.0,67.0,73.0,67.0,15.0,14.0,15.0,8.0,10.0
USA,14,MF,Vancouver Whitecaps FC,False,False,ea_fc26,12144.0,Sebastian Berhalter,63,CM,CDM,United States,MLS,Whitecaps FC,25.0,175.0,70.0,Right,2.0,2.0,,Men's Football,https://www.ea.com/games/ea-sports-fc/ratings/player-ratings/255205,68,45,60,64,59,64,68.0,68.0,60.0,35.0,56.0,49.0,48.0,53.0,65.0,41.0,52.0,69.0,66.0,50.0,60.0,79.0,70.0,67.0,62.0,63.0,54.0,47.0,60.0,66.0,52.0,59.0,63.0,62.0,69.0,10.0,8.0,12.0,9.0,8.0
USA,15,MF,Seattle Sounders FC,False,False,ea_fc26,2871.0,Cristian Roldan,73,RM,"CM, CAM, RW",United States,MLS,Sounders FC,30.0,172.0,75.0,Right,4.0,4.0,"Long Ball Pass, Rapid, Relentless",Men's Football,https://www.ea.com/games/ea-sports-fc/ratings/player-ratings/226807,77,65,68,72,72,79,77.0,77.0,77.0,60.0,71.0,73.0,58.0,56.0,71.0,68.0,48.0,70.0,68.0,70.0,71.0,77.0,84.0,82.0,69.0,63.0,72.0,70.0,74.0,72.0,69.0,81.0,85.0,73.0,86.0,13.0,7.0,12.0,16.0,11.0
USA,16,DF,Villarreal,False,False,ea_fc26,17065.0,Alexander Freeman,52,RB,,United States,MLS,Orlando City,21.0,188.0,78.0,Right,3.0,2.0,,Men's Football,https://www.ea.com/games/ea-sports-fc/ratings/player-ratings/267920,63,41,40,47,47,62,64.0,63.0,40.0,49.0,39.0,31.0,28.0,33.0,36.0,45.0,26.0,42.0,40.0,34.0,48.0,56.0,50.0,55.0,42.0,39.0,44.0,54.0,43.0,49.0,47.0,62.0,71.0,64.0,44.0,12.0,11.0,10.0,10.0,6.0
USA,17,MF,Bayer Leverkusen,False,False,ea_fc26,1214.0,Malik Tillman,77,CAM,"LW, CM",United States,Eredivisie,,24.0,187.0,71.0,Right,3.0,4.0,"Power Shot, Incisive Pass, Technical, Flair, First Touch, Trivela",Men's Football,https://www.ea.com/games/ea-sports-fc/ratings/player-ratings/256853,80,68,72,80,62,72,82.0,78.0,76.0,70.0,72.0,65.0,55.0,58.0,77.0,67.0,43.0,77.0,71.0,69.0,80.0,81.0,88.0,76.0,81.0,76.0,61.0,73.0,56.0,67.0,56.0,87.0,71.0,76.0,59.0,9.0,11.0,11.0,12.0,9.0
USA,18,DF,Columbus Crew,False,False,ea_fc26,12144.0,Maximilian Arfsten,63,RM,"LM, RW",United States,MLS,Columbus Crew,25.0,185.0,78.0,Left,4.0,3.0,,Men's Football,https://www.ea.com/games/ea-sports-fc/ratings/player-ratings/274535,70,58,56,65,51,60,70.0,70.0,60.0,64.0,58.0,47.0,55.0,57.0,54.0,58.0,30.0,61.0,56.0,55.0,67.0,64.0,57.0,53.0,67.0,58.0,51.0,50.0,50.0,55.0,46.0,63.0,62.0,64.0,47.0,13.0,9.0,5.0,7.0,11.0
USA,19,FW,Coventry City,False,False,ea_fc26,2871.0,Haji Wright,73,ST,LM,United States,EFL Championship,Coventry City,28.0,191.0,90.0,Right,4.0,2.0,Rapid,Men's Football,https://www.ea.com/games/ea-sports-fc/ratings/player-ratings/238743,82,73,57,69,33,78,73.0,89.0,76.0,74.0,78.0,65.0,61.0,78.0,63.0,60.0,52.0,59.0,41.0,60.0,72.0,65.0,49.0,70.0,69.0,74.0,34.0,73.0,38.0,20.0,18.0,79.0,73.0,83.0,71.0,5.0,15.0,12.0,8.0,9.0
USA,20,FW,Monaco,False,False,ea_fc26,1214.0,Folarin Balogun,77,ST,,United States,Ligue 1 McDonald's,AS Monaco,24.0,178.0,66.0,Right,4.0,3.0,Flair,Men's Football,https://www.ea.com/games/ea-sports-fc/ratings/player-ratings/247463,84,77,62,77,23,69,82.0,85.0,78.0,79.0,79.0,72.0,77.0,71.0,62.0,58.0,52.0,69.0,57.0,59.0,78.0,76.0,76.0,76.0,77.0,77.0,18.0,75.0,18.0,15.0,16.0,86.0,66.0,73.0,56.0,10.0,12.0,12.0,13.0,10.0
USA,21,FW,Marseille,False,False,ea_fc26,2309.0,Timothy Weah,74,RM,"RB, RW",United States,Serie A Enilive,Juventus,26.0,182.0,66.0,Right,3.0,3.0,"Flair, Quick Step, Trivela",Men's Football,https://www.ea.com/games/ea-sports-fc/ratings/player-ratings/241496,85,70,67,75,63,69,84.0,86.0,69.0,70.0,73.0,69.0,71.0,60.0,69.0,67.0,53.0,71.0,63.0,64.0,75.0,86.0,74.0,72.0,74.0,70.0,64.0,67.0,61.0,64.0,60.0,80.0,71.0,69.0,64.0,7.0,9.0,12.0,15.0,14.0
USA,22,DF,Toulouse,False,False,ea_fc26,2309.0,Mark McKenzie,74,CB,,United States,Ligue 1 McDonald's,Toulouse FC,27.0,184.0,83.0,Right,5.0,2.0,Aerial,Men's Football,https://www.ea.com/games/ea-sports-fc/ratings/player-ratings/242195,81,36,50,64,73,78,79.0,82.0,40.0,37.0,34.0,40.0,28.0,30.0,37.0,25.0,24.0,72.0,68.0,26.0,59.0,70.0,67.0,72.0,66.0,69.0,73.0,69.0,72.0,76.0,75.0,84.0,75.0,80.0,74.0,9.0,11.0,10.0,11.0,10.0
USA,23,DF,Borussia Mönchengladbach,False,False,ea_fc26,2309.0,Joe Scally,74,RB,CB,United States,Bundesliga,M'gladbach,23.0,184.0,80.0,Right,3.0,2.0,Anticipate,Men's Football,https://www.ea.com/games/ea-sports-fc/ratings/player-ratings/243133,74,49,64,71,71,72,79.0,70.0,57.0,49.0,51.0,50.0,29.0,39.0,59.0,73.0,28.0,69.0,58.0,60.0,71.0,77.0,75.0,70.0,69.0,68.0,70.0,64.0,69.0,75.0,74.0,79.0,73.0,71.0,70.0,12.0,7.0,10.0,10.0,10.0
USA,24,GK,New York City FC,False,False,ea_fc26,7904.0,Matt Freese,67,GK,,United States,MLS,New York City FC,27.0,191.0,88.0,Right,2.0,1.0,"Far Throw, 1v1 Close Down",Men's Football,https://www.ea.com/games/ea-sports-fc/ratings/player-ratings/247506,69,67,68,68,29,67,27.0,31.0,4.0,6.0,51.0,9.0,6.0,10.0,41.0,11.0,10.0,27.0,19.0,13.0,7.0,32.0,50.0,55.0,16.0,26.0,11.0,10.0,7.0,11.0,14.0,51.0,18.0,55.0,22.0,69.0,67.0,68.0,67.0,68.0
USA,25,GK,Chicago Fire FC,False,False,ea_fc26,6856.0,Chris Brady,68,GK,,United States,MLS,Chicago Fire FC,22.0,190.0,77.0,Right,2.0,1.0,Footwork,Men's Football,https://www.ea.com/games/ea-sports-fc/ratings/player-ratings/260982,72,64,62,73,29,66,31.0,26.0,5.0,7.0,47.0,6.0,7.0,11.0,40.0,10.0,12.0,18.0,21.0,14.0,9.0,39.0,27.0,58.0,10.0,28.0,10.0,14.0,8.0,11.0,11.0,58.0,21.0,64.0,26.0,72.0,64.0,62.0,66.0,73.0
Uruguay,,GK,Estudiantes,False,False,ea_fc26,456.0,Fernando Muslera,81,GK,,Uruguay,Trendyol Süper Lig,Galatasaray,39.0,190.0,74.0,Right,2.0,1.0,"Long Ball Pass, Far Throw, Cross Claimer, 1v1 Close Down",Men's Football,https://www.ea.com/games/ea-sports-fc/ratings/player-ratings/182494,81,81,71,80,35,82,30.0,42.0,13.0,10.0,53.0,10.0,10.0,24.0,56.0,15.0,10.0,44.0,47.0,14.0,25.0,55.0,62.0,79.0,27.0,60.0,23.0,12.0,12.0,16.0,16.0,62.0,40.0,68.0,32.0,81.0,81.0,71.0,82.0,80.0
Uruguay,,GK,Monterrey,False,False,ea_fc26,2871.0,Santiago Mele,73,GK,,Uruguay,Libertadores,,28.0,184.0,79.0,Right,2.0,1.0,Footwork,Men's Football,https://www.ea.com/games/ea-sports-fc/ratings/player-ratings/259259,75,70,68,76,50,68,53.0,46.0,6.0,5.0,51.0,6.0,9.0,30.0,51.0,13.0,20.0,30.0,25.0,25.0,22.0,58.0,48.0,71.0,30.0,31.0,21.0,11.0,22.0,21.0,20.0,57.0,40.0,47.0,33.0,75.0,70.0,68.0,68.0,76.0
Uruguay,,DF,Atlético Madrid,True,False,ea_fc26,220.0,José María Giménez,83,CB,,Uruguay,LALIGA EA SPORTS,Atlético de Madrid,31.0,185.0,79.0,Right,3.0,2.0,"Power Header, Slide Tackle, Aerial",Men's Football,https://www.ea.com/games/ea-sports-fc/ratings/player-ratings/216460,71,46,58,61,85,82,70.0,71.0,25.0,37.0,73.0,48.0,34.0,40.0,46.0,47.0,44.0,71.0,68.0,37.0,55.0,56.0,57.0,78.0,66.0,75.0,84.0,82.0,87.0,85.0,85.0,88.0,71.0,85.0,87.0,9.0,11.0,7.0,10.0,15.0
Uruguay,,DF,Napoli,False,False,ea_fc26,1214.0,Mathías Olivera,77,LB,,Uruguay,Serie A Enilive,SSC Napoli,28.0,184.0,78.0,Left,3.0,3.0,,Men's Football,https://www.ea.com/games/ea-sports-fc/ratings/player-ratings/240716,71,50,68,71,75,73,69.0,72.0,64.0,49.0,56.0,48.0,38.0,42.0,62.0,76.0,41.0,72.0,66.0,67.0,72.0,65.0,36.0,78.0,76.0,68.0,78.0,68.0,76.0,75.0,74.0,73.0,76.0,69.0,80.0,14.0,14.0,12.0,13.0,15.0
Uruguay,,DF,Barcelona,False,False,ea_fc26,101.0,Ronald Araujo,85,CB,RB,Uruguay,LALIGA EA SPORTS,FC Barcelona,27.0,188.0,79.0,Right,3.0,2.0,"Power Header, Jockey, Anticipate, Slide Tackle, Acrobatic, Block+",Men's Football,https://www.ea.com/games/ea-sports-fc/ratings/player-ratings/253163,82,53,64,62,85,84,76.0,86.0,56.0,56.0,68.0,35.0,38.0,43.0,59.0,58.0,45.0,75.0,66.0,47.0,55.0,56.0,55.0,84.0,68.0,76.0,85.0,85.0,84.0,85.0,85.0,92.0,72.0,87.0,87.0,11.0,14.0,9.0,11.0,8.0
Uruguay,,DF,Wolverhampton Wanderers,False,False,ea_fc26,1214.0,Santiago Bueno,77,CB,,Uruguay,Premier League,Wolves,27.0,190.0,76.0,Right,3.0,2.0,Long Ball Pass,Men's Football,https://www.ea.com/games/ea-sports-fc/ratings/player-ratings/237658,50,31,56,56,78,78,52.0,49.0,30.0,20.0,56.0,30.0,20.0,40.0,53.0,30.0,35.0,73.0,68.0,36.0,47.0,44.0,49.0,77.0,69.0,69.0,79.0,76.0,78.0,78.0,75.0,79.0,73.0,80.0,77.0,5.0,8.0,9.0,13.0,10.0
Uruguay,,MF,Tottenham Hotspur,False,False,ea_fc26,456.0,Rodrigo Bentancur,81,CM,CDM,Uruguay,Premier League,Spurs,28.0,187.0,73.0,Right,4.0,4.0,"First Touch, Relentless",Men's Football,https://www.ea.com/games/ea-sports-fc/ratings/player-ratings/227535,67,68,80,82,79,76,68.0,66.0,73.0,68.0,71.0,65.0,71.0,67.0,82.0,76.0,68.0,84.0,83.0,71.0,84.0,68.0,76.0,79.0,85.0,86.0,81.0,65.0,79.0,82.0,78.0,74.0,81.0,72.0,78.0,8.0,7.0,14.0,14.0,12.0
Uruguay,,MF,Real Madrid,False,False,ea_fc26,32.0,Federico Valverde,88,CM,RM,Uruguay,LALIGA EA SPORTS,Real Madrid,27.0,182.0,78.0,Right,4.0,3.0,"Long Ball Pass, Rapid, Relentless, Trivela, Power Shot+",Men's Football,https://www.ea.com/games/ea-sports-fc/ratings/player-ratings/239053,88,82,84,84,80,84,84.0,91.0,86.0,78.0,91.0,87.0,74.0,59.0,86.0,78.0,69.0,87.0,88.0,74.0,83.0,77.0,68.0,89.0,88.0,84.0,83.0,63.0,79.0,85.0,80.0,83.0,92.0,82.0,81.0,6.0,10.0,6.0,15.0,8.0
Uruguay,,MF,Panathinaikos,False,False,ea_fc26,3509.0,Facundo Pellistri,72,RM,RW,Uruguay,Hellas Liga,Panathinaikos,24.0,175.0,65.0,Right,2.0,3.0,Technical,Men's Football,https://www.ea.com/games/ea-sports-fc/ratings/player-ratings/253283,80,62,66,75,38,63,83.0,77.0,71.0,60.0,68.0,58.0,57.0,66.0,64.0,70.0,62.0,69.0,55.0,70.0,75.0,84.0,90.0,73.0,72.0,70.0,34.0,56.0,39.0,38.0,28.0,71.0,74.0,56.0,67.0,9.0,12.0,7.0,8.0,7.0
Uruguay,,MF,Manchester United,False,False,ea_fc26,456.0,Manuel Ugarte,81,CDM,CM,Uruguay,Premier League,Man Utd,25.0,182.0,77.0,Right,3.0,3.0,"Intercept, Slide Tackle, Bruiser",Men's Football,https://www.ea.com/games/ea-sports-fc/ratings/player-ratings/253306,69,65,73,77,78,80,70.0,69.0,75.0,65.0,67.0,65.0,45.0,62.0,75.0,62.0,58.0,79.0,78.0,62.0,78.0,69.0,72.0,78.0,77.0,82.0,83.0,55.0,79.0,82.0,78.0,73.0,83.0,77.0,87.0,6.0,10.0,16.0,8.0,13.0
Uruguay,,MF,Palmeiras,False,False,ea_fc26,2871.0,Emiliano Martínez,73,CDM,CM,Uruguay,3F Superliga,FC Midtjylland,26.0,184.0,64.0,Right,3.0,2.0,"Jockey, Anticipate",Men's Football,https://www.ea.com/games/ea-sports-fc/ratings/player-ratings/255340,73,56,63,71,71,70,69.0,77.0,65.0,56.0,55.0,60.0,38.0,61.0,68.0,43.0,44.0,74.0,72.0,32.0,68.0,72.0,76.0,68.0,73.0,72.0,75.0,60.0,72.0,73.0,68.0,70.0,78.0,66.0,68.0,7.0,8.0,14.0,10.0,10.0
Uruguay,,MF,Braga,False,False,ea_fc26,1520.0,Rodrigo Zalazar,76,CM,"CAM, CDM",Uruguay,Liga Portugal,SC Braga,26.0,178.0,78.0,Right,3.0,3.0,"Power Shot, Incisive Pass, Whipped Pass, Technical, Flair, Trivela",Men's Football,https://www.ea.com/games/ea-sports-fc/ratings/player-ratings/251377,78,77,73,78,66,72,77.0,78.0,74.0,76.0,84.0,80.0,68.0,67.0,74.0,67.0,73.0,76.0,74.0,72.0,77.0,85.0,81.0,76.0,78.0,72.0,69.0,54.0,67.0,68.0,62.0,70.0,84.0,65.0,77.0,7.0,7.0,9.0,5.0,12.0
Uruguay,,FW,Al-Hilal,False,False,ea_fc26,320.0,Darwin Núñez,82,ST,,Uruguay,Premier League,Liverpool,26.0,187.0,81.0,Right,3.0,3.0,"Rapid, Quick Step, Relentless",Men's Football,https://www.ea.com/games/ea-sports-fc/ratings/player-ratings/253072,90,80,72,78,46,86,88.0,92.0,86.0,79.0,86.0,77.0,78.0,78.0,78.0,69.0,61.0,74.0,68.0,75.0,79.0,74.0,66.0,82.0,79.0,76.0,44.0,80.0,39.0,47.0,36.0,94.0,88.0,85.0,84.0,14.0,10.0,12.0,10.0,13.0
Japan,1,GK,Parma,False,False,ea_fc26,4248.0,Zion Suzuki,71,GK,,Japan,Serie A Enilive,Parma,23.0,190.0,91.0,Right,3.0,1.0,Cross Claimer,Men's Football,https://www.ea.com/games/ea-sports-fc/ratings/player-ratings/255981,71,68,71,76,56,67,55.0,58.0,7.0,6.0,53.0,8.0,7.0,18.0,31.0,12.0,11.0,21.0,23.0,13.0,14.0,59.0,33.0,65.0,11.0,29.0,7.0,12.0,8.0,12.0,11.0,73.0,23.0,78.0,26.0,71.0,68.0,71.0,67.0,76.0
Japan,2,DF,Werder Bremen,False,False,ea_fc26,1214.0,Yukinari Sugawara,77,RB,,Japan,Premier League,Southampton,25.0,178.0,68.0,Right,3.0,3.0,"Dead Ball, Whipped Pass, Long Throw",Men's Football,https://www.ea.com/games/ea-sports-fc/ratings/player-ratings/242916,82,54,76,73,71,71,80.0,83.0,72.0,48.0,65.0,54.0,50.0,49.0,73.0,79.0,76.0,75.0,78.0,79.0,71.0,80.0,75.0,75.0,72.0,71.0,71.0,54.0,72.0,76.0,73.0,79.0,79.0,67.0,68.0,8.0,12.0,9.0,8.0,12.0
Japan,3,DF,Sint-Truiden,False,False,ea_fc26,3509.0,Shogo Taniguchi,72,CB,,Japan,1A Pro League,STVV,34.0,183.0,75.0,Right,3.0,2.0,Long Ball Pass,Men's Football,https://www.ea.com/games/ea-sports-fc/ratings/player-ratings/233225,62,45,60,60,75,73,53.0,70.0,55.0,35.0,63.0,49.0,39.0,45.0,51.0,50.0,32.0,74.0,70.0,35.0,56.0,56.0,59.0,70.0,66.0,66.0,75.0,73.0,77.0,74.0,69.0,74.0,82.0,72.0,63.0,8.0,13.0,11.0,14.0,14.0
Japan,4,DF,Ajax,False,False,ea_fc26,1520.0,Ko Itakura,76,CB,CDM,Japan,Bundesliga,M'gladbach,29.0,188.0,80.0,Right,4.0,3.0,Block,Men's Football,https://www.ea.com/games/ea-sports-fc/ratings/player-ratings/233152,73,45,59,70,77,73,77.0,70.0,48.0,41.0,67.0,36.0,34.0,38.0,59.0,34.0,40.0,74.0,69.0,41.0,68.0,70.0,69.0,74.0,70.0,76.0,79.0,70.0,76.0,78.0,80.0,81.0,68.0,75.0,72.0,13.0,6.0,9.0,10.0,12.0
Japan,6,MF,Liverpool,True,False,ea_fc26,575.0,Wataru Endo,80,CDM,CM,Japan,Premier League,Liverpool,33.0,178.0,77.0,Right,4.0,3.0,"Press Proven, Relentless",Men's Football,https://www.ea.com/games/ea-sports-fc/ratings/player-ratings/232487,60,68,71,78,79,76,70.0,52.0,69.0,67.0,76.0,73.0,36.0,62.0,77.0,58.0,49.0,80.0,78.0,45.0,78.0,72.0,81.0,78.0,80.0,79.0,78.0,79.0,80.0,80.0,75.0,79.0,87.0,67.0,82.0,9.0,13.0,7.0,11.0,5.0
Japan,7,MF,Leeds United,False,False,ea_fc26,2871.0,Ao Tanaka,73,CDM,CM,Japan,EFL Championship,Leeds United,27.0,177.0,69.0,Right,3.0,3.0,"Incisive Pass, Long Ball Pass, Press Proven",Men's Football,https://www.ea.com/games/ea-sports-fc/ratings/player-ratings/236764,68,67,69,72,70,70,72.0,64.0,64.0,66.0,73.0,70.0,56.0,56.0,68.0,61.0,65.0,75.0,72.0,63.0,69.0,82.0,78.0,70.0,73.0,68.0,69.0,52.0,72.0,75.0,68.0,67.0,81.0,65.0,70.0,10.0,14.0,12.0,12.0,6.0
Japan,8,MF,Real Sociedad,False,False,ea_fc26,456.0,Takefusa Kubo,81,RW,"ST, RM",Japan,LALIGA EA SPORTS,Real Sociedad,24.0,173.0,64.0,Left,4.0,4.0,"Finesse Shot, Technical, Flair, First Touch",Men's Football,https://www.ea.com/games/ea-sports-fc/ratings/player-ratings/237681,84,76,76,83,40,60,89.0,79.0,79.0,81.0,73.0,74.0,67.0,63.0,76.0,77.0,74.0,78.0,74.0,75.0,84.0,86.0,83.0,79.0,84.0,72.0,28.0,49.0,40.0,43.0,46.0,69.0,74.0,58.0,43.0,6.0,7.0,15.0,10.0,10.0
Japan,10,MF,Eintracht Frankfurt,False,False,ea_fc26,967.0,Ritsu Doan,78,RM,"CAM, ST, RW",Japan,Bundesliga,SC Freiburg,27.0,172.0,74.0,Left,3.0,4.0,"Technical, First Touch, Trivela",Men's Football,https://www.ea.com/games/ea-sports-fc/ratings/player-ratings/232639,78,64,74,83,40,60,84.0,73.0,73.0,65.0,62.0,66.0,59.0,58.0,76.0,76.0,68.0,75.0,68.0,75.0,83.0,89.0,93.0,74.0,82.0,74.0,44.0,49.0,39.0,36.0,42.0,67.0,77.0,59.0,41.0,8.0,5.0,6.0,13.0,14.0
Japan,11,FW,Celtic,False,False,ea_fc26,2309.0,Daizen Maeda,74,LW,"RW, LM",Japan,Scottish Prem,Celtic,28.0,173.0,68.0,Right,4.0,2.0,"Rapid, Quick Step, Relentless, Acrobatic",Men's Football,https://www.ea.com/games/ea-sports-fc/ratings/player-ratings/246321,93,71,65,75,60,74,92.0,93.0,76.0,71.0,76.0,67.0,72.0,60.0,66.0,63.0,57.0,72.0,53.0,63.0,74.0,90.0,86.0,77.0,70.0,67.0,55.0,73.0,62.0,59.0,55.0,85.0,94.0,62.0,77.0,5.0,9.0,5.0,9.0,12.0
Japan,13,MF,Reims,False,False,ea_fc26,2309.0,Keito Nakamura,74,LM,LW,Japan,Ligue 1 McDonald's,Stade de Reims,25.0,180.0,75.0,Right,3.0,4.0,"Finesse Shot, Technical, First Touch",Men's Football,https://www.ea.com/games/ea-sports-fc/ratings/player-ratings/242914,77,72,70,76,41,69,79.0,76.0,73.0,71.0,77.0,74.0,69.0,59.0,73.0,68.0,70.0,71.0,66.0,78.0,77.0,78.0,70.0,67.0,76.0,74.0,41.0,52.0,38.0,41.0,35.0,70.0,81.0,66.0,61.0,7.0,13.0,15.0,8.0,7.0
Japan,14,MF,Genk,False,False,ea_fc26,967.0,Junya Ito,78,RM,"RW, ST",Japan,Ligue 1 McDonald's,Stade de Reims,33.0,176.0,66.0,Right,4.0,4.0,"Incisive Pass, Whipped Pass, Rapid, Quick Step, Trivela",Men's Football,https://www.ea.com/games/ea-sports-fc/ratings/player-ratings/232905,87,69,74,79,58,68,90.0,84.0,75.0,70.0,68.0,71.0,69.0,57.0,78.0,76.0,66.0,75.0,65.0,73.0,79.0,85.0,77.0,73.0,77.0,78.0,67.0,44.0,54.0,61.0,56.0,67.0,87.0,60.0,64.0,13.0,12.0,15.0,5.0,7.0
Japan,15,MF,Crystal Palace,False,False,ea_fc26,456.0,Daichi Kamada,81,CAM,CM,Japan,Premier League,Crystal Palace,29.0,184.0,72.0,Right,4.0,3.0,"Incisive Pass, Technical, Flair",Men's Football,https://www.ea.com/games/ea-sports-fc/ratings/player-ratings/232730,79,73,80,83,54,63,81.0,78.0,81.0,75.0,65.0,73.0,66.0,80.0,82.0,75.0,74.0,84.0,80.0,78.0,83.0,81.0,82.0,80.0,83.0,81.0,52.0,53.0,53.0,57.0,54.0,68.0,82.0,57.0,54.0,6.0,10.0,11.0,6.0,11.0
Japan,16,DF,Feyenoord,False,False,ea_fc26,2309.0,Tsuyoshi Watanabe,74,CB,,Japan,1A Pro League,KAA Gent,29.0,184.0,76.0,Right,3.0,2.0,"Power Header, Jockey, Block, Aerial",Men's Football,https://www.ea.com/games/ea-sports-fc/ratings/player-ratings/246826,77,29,47,55,75,76,76.0,77.0,31.0,23.0,45.0,26.0,22.0,40.0,31.0,25.0,37.0,64.0,67.0,20.0,48.0,61.0,39.0,65.0,62.0,62.0,73.0,74.0,76.0,75.0,73.0,88.0,71.0,81.0,68.0,10.0,14.0,7.0,15.0,12.0
Japan,17,FW,SC Freiburg,False,False,ea_fc26,6856.0,Yuito Suzuki,68,CAM,ST,Japan,3F Superliga,Brøndby IF,24.0,175.0,66.0,Right,3.0,3.0,,Men's Football,https://www.ea.com/games/ea-sports-fc/ratings/player-ratings/255185,73,68,63,72,48,52,70.0,76.0,66.0,70.0,72.0,68.0,55.0,52.0,66.0,60.0,54.0,65.0,62.0,61.0,72.0,75.0,77.0,62.0,71.0,68.0,49.0,46.0,45.0,50.0,48.0,51.0,63.0,45.0,55.0,15.0,12.0,8.0,13.0,6.0
Japan,18,FW,Feyenoord,False,False,ea_fc26,2309.0,Ayase Ueda,74,ST,CAM,Japan,Eredivisie,,27.0,182.0,76.0,Right,4.0,3.0,"Finesse Shot, Aerial",Men's Football,https://www.ea.com/games/ea-sports-fc/ratings/player-ratings/252162,75,75,57,68,28,70,78.0,72.0,78.0,78.0,73.0,68.0,73.0,76.0,64.0,47.0,64.0,63.0,43.0,63.0,64.0,76.0,64.0,76.0,69.0,79.0,23.0,77.0,22.0,22.0,22.0,93.0,75.0,70.0,58.0,7.0,12.0,14.0,15.0,6.0
Japan,19,FW,NEC,False,False,ea_fc26,5881.0,Koki Ogawa,69,ST,,Japan,Eredivisie,,28.0,183.0,77.0,Right,3.0,2.0,Power Header,Men's Football,https://www.ea.com/games/ea-sports-fc/ratings/player-ratings/232829,48,70,57,65,29,70,50.0,46.0,75.0,73.0,72.0,64.0,67.0,60.0,63.0,49.0,40.0,63.0,48.0,58.0,64.0,67.0,56.0,68.0,67.0,73.0,12.0,75.0,25.0,32.0,19.0,67.0,73.0,74.0,55.0,9.0,10.0,14.0,9.0,14.0
Japan,20,DF,Le Havre,False,False,ea_fc26,8960.0,Ayumu Seko,66,CB,"CDM, CM",Japan,CSSL,GC Zürich,25.0,185.0,78.0,Right,2.0,2.0,Long Ball Pass,Men's Football,https://www.ea.com/games/ea-sports-fc/ratings/player-ratings/247264,56,36,52,56,67,71,56.0,56.0,39.0,30.0,53.0,34.0,26.0,37.0,42.0,42.0,23.0,66.0,62.0,23.0,49.0,60.0,61.0,68.0,61.0,56.0,69.0,66.0,69.0,66.0,63.0,70.0,81.0,71.0,58.0,12.0,7.0,10.0,14.0,6.0
Japan,21,DF,Bayern Munich,False,False,ea_fc26,734.0,Hiroki Ito,79,CB,LB,Japan,Bundesliga,FC Bayern München,27.0,188.0,84.0,Left,3.0,2.0,"Jockey, Block",Men's Football,https://www.ea.com/games/ea-sports-fc/ratings/player-ratings/234205,77,57,71,72,80,75,78.0,76.0,56.0,48.0,78.0,64.0,45.0,47.0,66.0,68.0,45.0,77.0,80.0,52.0,69.0,67.0,70.0,83.0,77.0,76.0,81.0,74.0,83.0,78.0,77.0,86.0,69.0,78.0,72.0,13.0,10.0,10.0,10.0,10.0
Japan,22,DF,Ajax,False,False,ea_fc26,967.0,Takehiro Tomiyasu,78,RB,LB,Japan,Premier League,Arsenal,27.0,188.0,84.0,Right,5.0,2.0,Anticipate,Men's Football,https://www.ea.com/games/ea-sports-fc/ratings/player-ratings/232938,69,33,67,72,80,80,70.0,69.0,58.0,29.0,42.0,28.0,30.0,37.0,63.0,65.0,37.0,75.0,71.0,48.0,71.0,69.0,67.0,78.0,74.0,72.0,78.0,74.0,81.0,82.0,81.0,84.0,77.0,82.0,78.0,9.0,14.0,6.0,5.0,11.0
Japan,24,MF,Mainz 05,False,False,ea_fc26,6856.0,Kaishū Sano,68,CM,CDM,Japan,Bundesliga,1. FSV Mainz 05,25.0,176.0,67.0,Right,3.0,2.0,,Men's Football,https://www.ea.com/games/ea-sports-fc/ratings/player-ratings/73078,71,50,63,71,67,60,76.0,67.0,68.0,43.0,65.0,48.0,46.0,49.0,68.0,53.0,45.0,71.0,63.0,45.0,72.0,75.0,75.0,70.0,70.0,65.0,72.0,62.0,69.0,66.0,54.0,67.0,74.0,50.0,65.0,7.0,11.0,7.0,8.0,8.0
Switzerland,1,GK,Borussia Dortmund,False,False,ea_fc26,43.0,Gregor Kobel,88,GK,,Switzerland,Bundesliga,Borussia Dortmund,28.0,195.0,88.0,Right,3.0,1.0,"Far Throw, Deflector, 1v1 Close Down+",Men's Football,https://www.ea.com/games/ea-sports-fc/ratings/player-ratings/235073,87,86,73,89,44,87,38.0,52.0,10.0,10.0,55.0,10.0,10.0,12.0,59.0,13.0,12.0,39.0,33.0,13.0,24.0,37.0,29.0,86.0,34.0,66.0,14.0,13.0,15.0,15.0,15.0,71.0,30.0,81.0,24.0,87.0,86.0,73.0,87.0,89.0
Switzerland,2,DF,Hamburger SV,False,False,ea_fc26,3509.0,Miro Muheim,72,LB,,Switzerland,Bundesliga 2,Hamburger SV,28.0,182.0,77.0,Left,3.0,2.0,Power Shot,Men's Football,https://www.ea.com/games/ea-sports-fc/ratings/player-ratings/232839,74,64,70,69,68,72,77.0,72.0,68.0,60.0,71.0,70.0,47.0,51.0,68.0,72.0,69.0,72.0,69.0,69.0,69.0,71.0,71.0,68.0,68.0,65.0,65.0,58.0,71.0,69.0,67.0,73.0,83.0,68.0,66.0,11.0,14.0,10.0,8.0,7.0
Switzerland,3,DF,Mainz 05,False,False,ea_fc26,2309.0,Silvan Widmer,74,RB,RM,Switzerland,Bundesliga,1. FSV Mainz 05,33.0,183.0,80.0,Right,3.0,3.0,Long Throw,Men's Football,https://www.ea.com/games/ea-sports-fc/ratings/player-ratings/216158,72,62,70,72,71,77,75.0,70.0,70.0,59.0,73.0,62.0,48.0,56.0,69.0,75.0,56.0,70.0,70.0,70.0,71.0,75.0,68.0,75.0,73.0,76.0,72.0,68.0,72.0,71.0,65.0,81.0,86.0,77.0,67.0,10.0,8.0,7.0,5.0,14.0
Switzerland,4,DF,Borussia Mönchengladbach,False,False,ea_fc26,1520.0,Nico Elvedi,76,CB,,Switzerland,Bundesliga,M'gladbach,29.0,189.0,84.0,Right,3.0,2.0,Slide Tackle,Men's Football,https://www.ea.com/games/ea-sports-fc/ratings/player-ratings/221491,73,39,63,65,77,74,68.0,77.0,53.0,30.0,50.0,45.0,30.0,37.0,60.0,65.0,29.0,71.0,61.0,45.0,62.0,64.0,55.0,73.0,68.0,70.0,77.0,75.0,77.0,77.0,75.0,82.0,65.0,79.0,70.0,9.0,15.0,10.0,12.0,9.0
Switzerland,5,DF,Inter Milan,False,False,ea_fc26,148.0,Manuel Akanji,84,CB,,Switzerland,Premier League,Manchester City,30.0,187.0,91.0,Right,4.0,2.0,,Men's Football,https://www.ea.com/games/ea-sports-fc/ratings/player-ratings/229237,78,48,71,75,85,82,76.0,80.0,37.0,38.0,75.0,48.0,42.0,40.0,65.0,55.0,59.0,83.0,80.0,54.0,76.0,66.0,54.0,86.0,78.0,83.0,84.0,79.0,86.0,86.0,84.0,90.0,71.0,86.0,82.0,10.0,9.0,13.0,6.0,9.0
Switzerland,6,MF,Monaco,False,False,ea_fc26,734.0,Denis Zakaria,79,CDM,CM,Switzerland,Ligue 1 McDonald's,AS Monaco,29.0,190.0,81.0,Right,3.0,3.0,Anticipate,Men's Football,https://www.ea.com/games/ea-sports-fc/ratings/player-ratings/229261,80,67,72,76,78,84,72.0,86.0,65.0,64.0,80.0,69.0,46.0,48.0,72.0,68.0,46.0,79.0,74.0,63.0,78.0,67.0,62.0,78.0,77.0,82.0,77.0,67.0,80.0,81.0,78.0,83.0,76.0,87.0,87.0,12.0,12.0,7.0,13.0,11.0
Switzerland,7,FW,Rennes,False,False,ea_fc26,1214.0,Breel Embolo,77,ST,,Switzerland,Ligue 1 McDonald's,AS Monaco,29.0,187.0,88.0,Right,4.0,3.0,"Rapid, Flair",Men's Football,https://www.ea.com/games/ea-sports-fc/ratings/player-ratings/222357,78,77,70,74,51,80,73.0,82.0,80.0,77.0,84.0,71.0,76.0,66.0,72.0,63.0,58.0,75.0,70.0,68.0,76.0,67.0,66.0,75.0,75.0,74.0,44.0,73.0,40.0,63.0,38.0,87.0,68.0,85.0,79.0,13.0,6.0,7.0,7.0,12.0
Switzerland,8,MF,Bologna,False,False,ea_fc26,456.0,Remo Freuler,81,CDM,CM,Switzerland,Serie A Enilive,Bologna,34.0,181.0,80.0,Right,3.0,4.0,Intercept,Men's Football,https://www.ea.com/games/ea-sports-fc/ratings/player-ratings/202024,60,72,76,77,77,74,63.0,58.0,78.0,70.0,75.0,74.0,68.0,61.0,78.0,65.0,70.0,83.0,78.0,61.0,76.0,67.0,65.0,82.0,83.0,83.0,79.0,48.0,80.0,81.0,76.0,62.0,91.0,67.0,71.0,12.0,8.0,9.0,14.0,13.0
Switzerland,9,MF,SC Freiburg,False,False,ea_fc26,15606.0,Johan Manzambi,58,CM,CAM,Switzerland,Bundesliga,SC Freiburg,20.0,183.0,75.0,Right,3.0,2.0,,Men's Football,https://www.ea.com/games/ea-sports-fc/ratings/player-ratings/276694,69,45,56,62,55,61,67.0,70.0,49.0,46.0,54.0,33.0,42.0,42.0,58.0,49.0,37.0,63.0,59.0,44.0,61.0,71.0,70.0,61.0,61.0,55.0,49.0,53.0,59.0,56.0,52.0,63.0,60.0,64.0,55.0,8.0,10.0,8.0,13.0,9.0
Switzerland,10,MF,Sunderland,True,False,ea_fc26,69.0,Granit Xhaka,86,CDM,CM,Switzerland,Bundesliga,Leverkusen,33.0,186.0,80.0,Left,3.0,3.0,"Finesse Shot, Power Shot, Incisive Pass, Slide Tackle, Bruiser, Long Ball Pass+",Men's Football,https://www.ea.com/games/ea-sports-fc/ratings/player-ratings/199503,50,75,85,74,79,82,48.0,52.0,76.0,67.0,90.0,84.0,55.0,65.0,84.0,77.0,78.0,89.0,90.0,80.0,73.0,51.0,61.0,86.0,83.0,81.0,79.0,68.0,82.0,79.0,78.0,70.0,83.0,78.0,93.0,7.0,8.0,11.0,7.0,13.0
Switzerland,11,FW,Nottingham Forest,False,False,ea_fc26,1881.0,Dan Ndoye,75,RM,"LM, RW",Switzerland,Serie A Enilive,Bologna,25.0,184.0,79.0,Right,3.0,3.0,Rapid,Men's Football,https://www.ea.com/games/ea-sports-fc/ratings/player-ratings/257980,81,67,67,78,64,68,82.0,81.0,72.0,64.0,75.0,68.0,64.0,60.0,65.0,74.0,57.0,69.0,56.0,66.0,80.0,82.0,73.0,70.0,77.0,66.0,64.0,53.0,64.0,68.0,67.0,72.0,81.0,66.0,58.0,10.0,14.0,10.0,15.0,12.0
Switzerland,12,GK,Lorient,False,False,ea_fc26,1214.0,Yvon Mvogo,77,GK,,Switzerland,Ligue 2 BKT,FC Lorient,31.0,189.0,93.0,Right,3.0,1.0,Far Reach,Men's Football,https://www.ea.com/games/ea-sports-fc/ratings/player-ratings/206003,78,77,74,77,42,76,43.0,41.0,13.0,10.0,56.0,14.0,19.0,20.0,52.0,13.0,20.0,24.0,22.0,14.0,18.0,58.0,57.0,71.0,27.0,30.0,13.0,24.0,28.0,18.0,12.0,71.0,28.0,74.0,37.0,78.0,77.0,74.0,76.0,77.0
Switzerland,13,DF,Real Betis,False,False,ea_fc26,1214.0,Ricardo Rodríguez,77,CB,"LM, LB",Switzerland,LALIGA EA SPORTS,Real Betis,33.0,182.0,83.0,Left,3.0,3.0,Long Throw,Men's Football,https://www.ea.com/games/ea-sports-fc/ratings/player-ratings/193352,70,69,79,76,79,74,69.0,70.0,70.0,58.0,82.0,77.0,66.0,80.0,75.0,80.0,82.0,81.0,78.0,80.0,76.0,64.0,70.0,75.0,79.0,80.0,80.0,64.0,81.0,80.0,79.0,74.0,75.0,72.0,78.0,14.0,13.0,14.0,14.0,11.0
Switzerland,14,MF,Milan,False,False,ea_fc26,2871.0,Ardon Jashari,73,CDM,CM,Switzerland,1A Pro League,Club Brugge,23.0,181.0,82.0,Left,3.0,2.0,"Long Ball Pass, Relentless",Men's Football,https://www.ea.com/games/ea-sports-fc/ratings/player-ratings/257186,68,64,71,72,68,80,70.0,66.0,64.0,64.0,64.0,66.0,63.0,60.0,72.0,68.0,62.0,73.0,75.0,64.0,70.0,74.0,78.0,74.0,73.0,69.0,65.0,62.0,71.0,69.0,63.0,76.0,90.0,76.0,76.0,8.0,7.0,14.0,13.0,5.0
Switzerland,15,MF,Sevilla,False,False,ea_fc26,967.0,Djibril Sow,78,CM,CDM,Switzerland,LALIGA EA SPORTS,Sevilla FC,29.0,184.0,76.0,Right,4.0,3.0,Relentless,Men's Football,https://www.ea.com/games/ea-sports-fc/ratings/player-ratings/229752,79,69,75,77,75,78,76.0,82.0,74.0,69.0,71.0,70.0,66.0,58.0,75.0,70.0,62.0,79.0,80.0,68.0,74.0,75.0,73.0,78.0,81.0,80.0,79.0,62.0,75.0,77.0,74.0,71.0,87.0,75.0,77.0,6.0,12.0,9.0,7.0,8.0
Switzerland,16,MF,Young Boys,False,False,ea_fc26,4248.0,Christian Fassnacht,71,RM,RW,Switzerland,EFL Championship,Norwich,32.0,185.0,77.0,Right,3.0,3.0,"Power Header, Flair",Men's Football,https://www.ea.com/games/ea-sports-fc/ratings/player-ratings/234913,76,66,67,72,36,69,76.0,76.0,66.0,66.0,68.0,66.0,67.0,58.0,66.0,68.0,68.0,69.0,68.0,50.0,73.0,73.0,68.0,65.0,72.0,67.0,35.0,72.0,32.0,32.0,25.0,86.0,72.0,76.0,43.0,12.0,13.0,13.0,12.0,6.0
Switzerland,17,FW,Sevilla,False,False,ea_fc26,1881.0,Ruben Vargas,75,LM,"CAM, RM, LW",Switzerland,Bundesliga,FC Augsburg,27.0,177.0,70.0,Right,4.0,4.0,Technical,Men's Football,https://www.ea.com/games/ea-sports-fc/ratings/player-ratings/238581,82,70,69,79,54,65,86.0,78.0,73.0,69.0,72.0,75.0,62.0,60.0,69.0,66.0,62.0,73.0,68.0,59.0,78.0,91.0,90.0,74.0,77.0,63.0,48.0,66.0,59.0,51.0,45.0,78.0,81.0,62.0,49.0,12.0,7.0,5.0,6.0,11.0
Switzerland,18,DF,Valencia,False,False,ea_fc26,2871.0,Eray Cömert,73,CB,,Switzerland,LALIGA EA SPORTS,R. Valladolid CF,28.0,183.0,80.0,Right,4.0,2.0,"Jockey, Intercept",Men's Football,https://www.ea.com/games/ea-sports-fc/ratings/player-ratings/233885,71,49,62,56,73,77,69.0,72.0,33.0,30.0,76.0,67.0,41.0,55.0,59.0,49.0,59.0,71.0,67.0,48.0,41.0,68.0,67.0,71.0,69.0,62.0,70.0,74.0,73.0,75.0,70.0,82.0,75.0,78.0,75.0,6.0,8.0,5.0,7.0,6.0
Switzerland,19,FW,Leeds United,False,False,ea_fc26,967.0,Noah Okafor,78,ST,"LW, CAM",Switzerland,Serie A Enilive,Milano FC,26.0,185.0,85.0,Right,4.0,4.0,"Rapid, First Touch, Quick Step",Men's Football,https://www.ea.com/games/ea-sports-fc/ratings/player-ratings/242530,88,77,72,83,31,73,89.0,87.0,79.0,80.0,75.0,73.0,81.0,70.0,75.0,75.0,63.0,72.0,64.0,78.0,84.0,87.0,71.0,76.0,83.0,78.0,20.0,63.0,38.0,25.0,20.0,86.0,68.0,82.0,53.0,14.0,14.0,11.0,6.0,5.0
Switzerland,20,MF,Pisa,False,False,ea_fc26,1520.0,Michel Aebischer,76,CM,"CDM, RM",Switzerland,Serie A Enilive,Bologna,29.0,183.0,76.0,Right,4.0,3.0,,Men's Football,https://www.ea.com/games/ea-sports-fc/ratings/player-ratings/236898,66,67,74,75,74,74,73.0,61.0,68.0,66.0,73.0,69.0,57.0,51.0,74.0,68.0,65.0,80.0,75.0,67.0,73.0,75.0,72.0,73.0,78.0,72.0,77.0,62.0,74.0,76.0,75.0,76.0,83.0,72.0,67.0,10.0,9.0,15.0,9.0,15.0
Switzerland,21,GK,Young Boys,False,False,ea_fc26,5019.0,Marvin Keller,70,GK,,Switzerland,CSSL,BSC Young Boys,23.0,189.0,87.0,Right,3.0,1.0,,Men's Football,https://www.ea.com/games/ea-sports-fc/ratings/player-ratings/256726,71,68,67,71,38,72,38.0,39.0,8.0,7.0,50.0,8.0,6.0,11.0,31.0,16.0,12.0,28.0,24.0,15.0,14.0,28.0,36.0,62.0,11.0,24.0,8.0,15.0,14.0,15.0,14.0,60.0,26.0,61.0,22.0,71.0,68.0,67.0,72.0,71.0
Switzerland,22,MF,FC Augsburg,False,False,ea_fc26,2309.0,Fabian Rieder,74,CAM,CM,Switzerland,Bundesliga,VfB Stuttgart,24.0,179.0,74.0,Left,3.0,3.0,"Dead Ball, Incisive Pass, Long Ball Pass, Whipped Pass, First Touch",Men's Football,https://www.ea.com/games/ea-sports-fc/ratings/player-ratings/259306,73,69,71,75,51,63,75.0,72.0,69.0,70.0,73.0,73.0,42.0,64.0,79.0,54.0,74.0,75.0,74.0,75.0,74.0,80.0,82.0,67.0,75.0,74.0,54.0,38.0,45.0,59.0,53.0,58.0,80.0,59.0,53.0,13.0,9.0,12.0,13.0,11.0
Switzerland,23,FW,Burnley,False,False,ea_fc26,2871.0,Zeki Amdouni,73,ST,CAM,Switzerland,Liga Portugal,SL Benfica,25.0,185.0,79.0,Right,4.0,3.0,"Incisive Pass, Technical",Men's Football,https://www.ea.com/games/ea-sports-fc/ratings/player-ratings/262642,69,74,69,75,46,70,68.0,70.0,75.0,75.0,74.0,75.0,65.0,65.0,76.0,58.0,60.0,74.0,67.0,62.0,76.0,73.0,68.0,73.0,77.0,71.0,47.0,65.0,43.0,42.0,45.0,74.0,72.0,73.0,59.0,6.0,9.0,8.0,14.0,14.0
Switzerland,24,DF,Eintracht Frankfurt,False,False,ea_fc26,5019.0,Aurèle Amenda,70,CB,,Switzerland,Bundesliga,Frankfurt,22.0,194.0,90.0,Right,3.0,2.0,"Long Ball Pass, Bruiser, Aerial",Men's Football,https://www.ea.com/games/ea-sports-fc/ratings/player-ratings/270846,72,27,51,47,67,82,71.0,72.0,38.0,23.0,42.0,18.0,27.0,36.0,35.0,40.0,23.0,67.0,65.0,26.0,42.0,34.0,37.0,66.0,56.0,62.0,66.0,60.0,69.0,69.0,68.0,83.0,70.0,90.0,78.0,12.0,6.0,10.0,13.0,6.0
Switzerland,25,DF,VfB Stuttgart,False,False,ea_fc26,10049.0,Luca Jaquez,65,CB,,Switzerland,CSSL,FC Luzern,22.0,187.0,80.0,Right,3.0,2.0,,Men's Football,https://www.ea.com/games/ea-sports-fc/ratings/player-ratings/266685,57,41,52,58,63,75,60.0,55.0,50.0,43.0,45.0,34.0,31.0,45.0,43.0,38.0,33.0,65.0,63.0,32.0,58.0,57.0,55.0,60.0,59.0,59.0,61.0,63.0,62.0,65.0,63.0,76.0,70.0,81.0,64.0,14.0,15.0,11.0,10.0,12.0
Switzerland,26,FW,Fortuna Düsseldorf,False,False,ea_fc26,2871.0,Cedric Itten,73,ST,,Switzerland,CSSL,BSC Young Boys,29.0,190.0,84.0,Right,3.0,3.0,Power Header,Men's Football,https://www.ea.com/games/ea-sports-fc/ratings/player-ratings/233139,69,73,62,67,36,80,68.0,70.0,74.0,73.0,78.0,71.0,68.0,68.0,63.0,62.0,48.0,66.0,59.0,50.0,66.0,64.0,63.0,74.0,68.0,70.0,29.0,77.0,28.0,35.0,36.0,88.0,72.0,85.0,73.0,9.0,9.0,9.0,7.0,7.0
Iran,,FW,Olympiacos,False,False,ea_fc26,575.0,Mehdi Taremi,80,ST,,Iran,Serie A Enilive,Lombardia FC,33.0,185.0,83.0,Right,4.0,4.0,"Flair, First Touch, Press Proven",Men's Football,https://www.ea.com/games/ea-sports-fc/ratings/player-ratings/241788,78,79,75,81,38,73,79.0,77.0,84.0,84.0,75.0,72.0,75.0,85.0,81.0,70.0,49.0,81.0,67.0,74.0,81.0,74.0,65.0,82.0,84.0,84.0,23.0,75.0,38.0,41.0,25.0,80.0,80.0,80.0,46.0,9.0,11.0,9.0,15.0,8.0
Turkey,,GK,Galatasaray,False,False,ea_fc26,1214.0,Uğurcan Çakır,77,GK,,Turkey,Trendyol Süper Lig,Trabzonspor,30.0,191.0,82.0,Right,3.0,1.0,"Far Throw, Footwork",Men's Football,https://www.ea.com/games/ea-sports-fc/ratings/player-ratings/226300,78,76,74,73,54,80,53.0,56.0,14.0,13.0,56.0,19.0,20.0,23.0,60.0,15.0,20.0,32.0,27.0,18.0,14.0,49.0,58.0,73.0,24.0,60.0,25.0,14.0,17.0,18.0,16.0,68.0,40.0,67.0,34.0,78.0,76.0,74.0,80.0,73.0
Turkey,,GK,Fenerbahçe,False,False,ea_fc26,1214.0,Mert Günok,77,GK,,Turkey,Trendyol Süper Lig,Beşiktaş,37.0,196.0,92.0,Right,3.0,1.0,"Long Ball Pass, Far Throw, Cross Claimer",Men's Football,https://www.ea.com/games/ea-sports-fc/ratings/player-ratings/190113,74,76,75,77,56,78,55.0,57.0,15.0,15.0,56.0,15.0,16.0,16.0,55.0,15.0,16.0,40.0,47.0,16.0,15.0,53.0,50.0,74.0,25.0,56.0,25.0,14.0,22.0,13.0,12.0,69.0,39.0,68.0,31.0,74.0,76.0,75.0,78.0,77.0
Turkey,,GK,Manchester United,False,False,ea_fc26,1520.0,Altay Bayındır,76,GK,,Turkey,Premier League,Man Utd,28.0,198.0,88.0,Right,2.0,1.0,,Men's Football,https://www.ea.com/games/ea-sports-fc/ratings/player-ratings/243647,78,73,72,79,30,76,30.0,31.0,14.0,10.0,54.0,11.0,15.0,16.0,55.0,11.0,14.0,40.0,45.0,10.0,10.0,51.0,24.0,69.0,16.0,60.0,14.0,14.0,14.0,13.0,10.0,61.0,31.0,68.0,29.0,78.0,73.0,72.0,76.0,79.0
Turkey,,GK,Beşiktaş,False,False,ea_fc26,2871.0,Ersin Destanoğlu,73,GK,,Turkey,Trendyol Süper Lig,Beşiktaş,25.0,195.0,88.0,Right,2.0,1.0,Cross Claimer,Men's Football,https://www.ea.com/games/ea-sports-fc/ratings/player-ratings/245370,73,74,68,73,38,74,40.0,36.0,5.0,9.0,51.0,7.0,5.0,15.0,54.0,14.0,11.0,15.0,15.0,10.0,9.0,23.0,25.0,66.0,17.0,26.0,9.0,10.0,6.0,13.0,12.0,62.0,24.0,68.0,18.0,73.0,74.0,68.0,74.0,73.0
Turkey,,GK,İstanbul Başakşehir,False,False,ea_fc26,7904.0,Muhammed Şengezer,67,GK,,Turkey,Trendyol Süper Lig,Başakşehir,29.0,192.0,80.0,Right,2.0,1.0,Cross Claimer,Men's Football,https://www.ea.com/games/ea-sports-fc/ratings/player-ratings/235931,67,64,61,70,35,66,34.0,36.0,9.0,9.0,46.0,6.0,8.0,19.0,32.0,11.0,12.0,35.0,30.0,12.0,10.0,42.0,32.0,60.0,21.0,39.0,12.0,13.0,10.0,13.0,10.0,55.0,22.0,58.0,19.0,67.0,64.0,61.0,66.0,70.0
Turkey,,DF,Al-Ahli,False,False,ea_fc26,1520.0,Merih Demiral,76,CB,,Turkey,ROSHN Saudi League,Al Ahli,28.0,190.0,86.0,Right,2.0,2.0,"Power Header, Jockey, Slide Tackle, Aerial",Men's Football,https://www.ea.com/games/ea-sports-fc/ratings/player-ratings/238160,72,39,47,60,77,80,65.0,77.0,26.0,32.0,60.0,38.0,42.0,41.0,38.0,31.0,23.0,59.0,59.0,48.0,57.0,63.0,63.0,67.0,59.0,74.0,76.0,75.0,76.0,80.0,78.0,84.0,68.0,84.0,83.0,15.0,7.0,13.0,6.0,11.0
Turkey,,DF,Roma,False,False,ea_fc26,1881.0,Zeki Çelik,75,RB,RM,Turkey,Serie A Enilive,AS Roma,29.0,180.0,78.0,Right,3.0,3.0,,Men's Football,https://www.ea.com/games/ea-sports-fc/ratings/player-ratings/224490,71,59,69,70,73,76,69.0,72.0,70.0,57.0,63.0,62.0,55.0,46.0,68.0,72.0,49.0,72.0,67.0,72.0,69.0,67.0,66.0,72.0,73.0,74.0,74.0,65.0,73.0,74.0,74.0,75.0,82.0,73.0,74.0,13.0,14.0,9.0,10.0,7.0
Turkey,,DF,Fenerbahçe,False,False,ea_fc26,967.0,Çağlar Söyüncü,78,CB,,Turkey,Trendyol Süper Lig,Fenerbahçe,30.0,185.0,82.0,Right,4.0,2.0,,Men's Football,https://www.ea.com/games/ea-sports-fc/ratings/player-ratings/232119,69,47,59,65,77,78,61.0,75.0,44.0,39.0,65.0,44.0,48.0,52.0,52.0,46.0,39.0,74.0,64.0,39.0,62.0,61.0,55.0,77.0,68.0,76.0,77.0,76.0,77.0,78.0,75.0,83.0,63.0,82.0,86.0,6.0,7.0,7.0,7.0,7.0
Turkey,,DF,Fenerbahçe,False,False,ea_fc26,2309.0,Mert Müldür,74,RB,,Turkey,Trendyol Süper Lig,Fenerbahçe,27.0,188.0,74.0,Right,4.0,2.0,,Men's Football,https://www.ea.com/games/ea-sports-fc/ratings/player-ratings/243526,74,53,65,74,71,74,73.0,75.0,50.0,46.0,64.0,61.0,46.0,58.0,63.0,68.0,37.0,71.0,60.0,62.0,72.0,82.0,71.0,68.0,76.0,70.0,69.0,72.0,72.0,71.0,72.0,82.0,78.0,73.0,69.0,6.0,6.0,12.0,6.0,7.0
Turkey,,DF,Brighton & Hove Albion,False,False,ea_fc26,456.0,Ferdi Kadıoğlu,81,LB,RB,Turkey,Premier League,Brighton,26.0,174.0,73.0,Right,4.0,4.0,"Whipped Pass, Jockey, Rapid, First Touch, Quick Step, Relentless",Men's Football,https://www.ea.com/games/ea-sports-fc/ratings/player-ratings/235152,88,65,75,85,75,76,90.0,87.0,73.0,63.0,69.0,69.0,64.0,52.0,75.0,72.0,64.0,79.0,71.0,74.0,86.0,90.0,88.0,78.0,83.0,78.0,73.0,62.0,77.0,77.0,78.0,75.0,91.0,73.0,64.0,10.0,13.0,11.0,11.0,5.0
Turkey,,DF,TSG Hoffenheim,False,False,ea_fc26,1520.0,Ozan Kabak,76,CB,,Turkey,Bundesliga,TSG Hoffenheim,26.0,186.0,86.0,Right,3.0,2.0,"Power Header, Intercept, Slide Tackle, Bruiser",Men's Football,https://www.ea.com/games/ea-sports-fc/ratings/player-ratings/239890,63,37,59,66,74,81,52.0,72.0,30.0,35.0,48.0,30.0,28.0,51.0,65.0,26.0,31.0,75.0,74.0,32.0,64.0,65.0,64.0,66.0,71.0,67.0,68.0,76.0,72.0,78.0,82.0,88.0,67.0,84.0,87.0,10.0,13.0,10.0,6.0,5.0
Turkey,,DF,Galatasaray,False,False,ea_fc26,734.0,Abdülkerim Bardakcı,79,CB,LB,Turkey,Trendyol Süper Lig,Galatasaray,31.0,185.0,80.0,Left,2.0,2.0,"Power Header, Long Ball Pass, Block, Anticipate, Slide Tackle, Bruiser",Men's Football,https://www.ea.com/games/ea-sports-fc/ratings/player-ratings/229905,61,45,71,69,79,86,60.0,62.0,67.0,38.0,66.0,34.0,38.0,48.0,69.0,68.0,35.0,78.0,79.0,58.0,68.0,62.0,64.0,75.0,72.0,76.0,77.0,81.0,80.0,77.0,80.0,87.0,82.0,89.0,83.0,13.0,7.0,12.0,7.0,15.0
Turkey,,DF,Galatasaray,False,False,ea_fc26,4248.0,Eren Elmalı,71,LB,CB,Turkey,Trendyol Süper Lig,Trabzonspor,25.0,183.0,76.0,Left,2.0,2.0,"Jockey, Intercept, Rapid",Men's Football,https://www.ea.com/games/ea-sports-fc/ratings/player-ratings/259754,80,40,62,69,66,75,76.0,84.0,66.0,30.0,58.0,40.0,29.0,43.0,56.0,70.0,47.0,66.0,54.0,68.0,70.0,74.0,68.0,68.0,65.0,67.0,65.0,62.0,67.0,69.0,64.0,79.0,81.0,74.0,68.0,9.0,7.0,10.0,6.0,11.0
Turkey,,DF,Trabzonspor,False,False,ea_fc26,7904.0,Mustafa Eskihellaç,67,RM,"RB, LM, RW",Turkey,Trendyol Süper Lig,Gaziantep,29.0,175.0,72.0,Right,1.0,3.0,"Intercept, Rapid",Men's Football,https://www.ea.com/games/ea-sports-fc/ratings/player-ratings/244486,86,55,59,68,53,59,87.0,86.0,61.0,54.0,67.0,46.0,47.0,53.0,53.0,63.0,41.0,62.0,60.0,61.0,70.0,82.0,73.0,60.0,64.0,58.0,50.0,46.0,52.0,58.0,53.0,66.0,73.0,56.0,48.0,7.0,11.0,12.0,13.0,5.0
Turkey,,DF,NEC,False,False,ea_fc26,4248.0,Ahmetcan Kaplan,71,CB,,Turkey,Eredivisie,,23.0,189.0,75.0,Left,2.0,2.0,,Men's Football,https://www.ea.com/games/ea-sports-fc/ratings/player-ratings/264728,64,30,57,57,71,70,62.0,65.0,27.0,25.0,44.0,23.0,27.0,48.0,67.0,26.0,28.0,71.0,70.0,35.0,49.0,54.0,43.0,70.0,67.0,69.0,71.0,68.0,73.0,72.0,68.0,76.0,61.0,76.0,66.0,14.0,14.0,12.0,8.0,13.0
Turkey,,MF,Inter Milan,True,False,ea_fc26,99.0,Hakan Çalhanoğlu,86,CDM,CM,Turkey,Serie A Enilive,Lombardia FC,32.0,178.0,69.0,Right,5.0,4.0,"Anticipate, Technical, First Touch, Incisive Pass+",Men's Football,https://www.ea.com/games/ea-sports-fc/ratings/player-ratings/208128,71,80,87,85,79,76,74.0,68.0,74.0,75.0,86.0,87.0,74.0,90.0,89.0,78.0,85.0,89.0,89.0,88.0,84.0,83.0,80.0,86.0,88.0,85.0,82.0,65.0,80.0,81.0,78.0,76.0,81.0,72.0,80.0,9.0,14.0,11.0,6.0,10.0
Turkey,,MF,Galatasaray,False,False,ea_fc26,1881.0,Kaan Ayhan,75,RB,"CB, CDM",Turkey,Trendyol Süper Lig,Galatasaray,31.0,184.0,84.0,Right,3.0,3.0,"Power Header, Pinged Pass, Long Ball Pass, First Touch",Men's Football,https://www.ea.com/games/ea-sports-fc/ratings/player-ratings/207790,59,53,73,69,77,77,58.0,60.0,61.0,35.0,79.0,71.0,40.0,45.0,69.0,71.0,70.0,76.0,75.0,79.0,63.0,67.0,67.0,75.0,78.0,75.0,77.0,73.0,78.0,78.0,74.0,79.0,71.0,80.0,77.0,16.0,10.0,8.0,14.0,10.0
Turkey,,MF,Beşiktaş,False,False,ea_fc26,456.0,Orkun Kökçü,81,CM,"CAM, CDM",Turkey,Liga Portugal,SL Benfica,25.0,175.0,69.0,Right,5.0,3.0,"Finesse Shot, Power Shot, Dead Ball, Incisive Pass, Trivela",Men's Football,https://www.ea.com/games/ea-sports-fc/ratings/player-ratings/243245,72,76,83,80,68,79,75.0,69.0,77.0,72.0,78.0,84.0,72.0,78.0,84.0,78.0,82.0,84.0,85.0,82.0,78.0,78.0,80.0,74.0,85.0,78.0,74.0,41.0,70.0,71.0,69.0,66.0,88.0,73.0,85.0,9.0,6.0,10.0,6.0,12.0
Turkey,,MF,Fenerbahçe,False,False,ea_fc26,1214.0,İsmail Yüksek,77,CDM,CM,Turkey,Trendyol Süper Lig,Fenerbahçe,27.0,183.0,77.0,Right,3.0,3.0,"Jockey, Intercept, Slide Tackle",Men's Football,https://www.ea.com/games/ea-sports-fc/ratings/player-ratings/260466,74,60,71,72,74,77,76.0,72.0,62.0,53.0,75.0,66.0,45.0,48.0,69.0,63.0,58.0,76.0,75.0,69.0,69.0,76.0,69.0,74.0,77.0,64.0,77.0,68.0,75.0,74.0,72.0,80.0,83.0,74.0,77.0,13.0,15.0,8.0,14.0,13.0
Turkey,,MF,Borussia Dortmund,False,False,ea_fc26,1520.0,Salih Özcan,76,CDM,CM,Turkey,Bundesliga,VfL Wolfsburg,28.0,182.0,79.0,Right,3.0,2.0,Bruiser,Men's Football,https://www.ea.com/games/ea-sports-fc/ratings/player-ratings/235407,71,59,68,74,76,79,76.0,66.0,64.0,59.0,65.0,53.0,51.0,57.0,67.0,62.0,53.0,74.0,72.0,59.0,73.0,77.0,84.0,72.0,73.0,70.0,80.0,73.0,74.0,77.0,74.0,86.0,76.0,79.0,83.0,13.0,7.0,9.0,9.0,11.0
Turkey,,MF,VfB Stuttgart,False,False,ea_fc26,1881.0,Atakan Karazor,75,CDM,CM,Germany,Bundesliga,VfB Stuttgart,29.0,191.0,76.0,Right,3.0,2.0,Anticipate,Men's Football,https://www.ea.com/games/ea-sports-fc/ratings/player-ratings/239096,48,36,62,66,77,73,41.0,54.0,34.0,35.0,47.0,29.0,27.0,38.0,67.0,39.0,31.0,76.0,68.0,42.0,64.0,61.0,43.0,69.0,72.0,70.0,78.0,78.0,78.0,76.0,75.0,71.0,78.0,69.0,75.0,12.0,10.0,6.0,11.0,5.0
Turkey,,MF,Braga,False,False,ea_fc26,13032.0,Demir Ege Tıknaz,62,CDM,CM,Turkey,Liga Portugal,Rio Ave FC,21.0,193.0,76.0,Right,3.0,2.0,,Men's Football,https://www.ea.com/games/ea-sports-fc/ratings/player-ratings/277871,66,48,63,67,53,61,63.0,69.0,59.0,39.0,63.0,50.0,48.0,45.0,71.0,44.0,43.0,72.0,72.0,45.0,70.0,60.0,46.0,57.0,70.0,63.0,54.0,57.0,53.0,50.0,53.0,64.0,64.0,61.0,57.0,9.0,15.0,7.0,10.0,9.0
Turkey,,FW,Fenerbahçe,False,False,ea_fc26,1214.0,Kerem Aktürkoğlu,77,LM,"CAM, LW",Turkey,Liga Portugal,SL Benfica,27.0,173.0,71.0,Right,3.0,4.0,"Finesse Shot, Incisive Pass, Rapid, Flair, Quick Step, Relentless",Men's Football,https://www.ea.com/games/ea-sports-fc/ratings/player-ratings/258580,86,72,71,78,35,56,88.0,84.0,82.0,72.0,72.0,77.0,55.0,64.0,74.0,68.0,78.0,71.0,66.0,77.0,80.0,88.0,80.0,77.0,72.0,68.0,24.0,52.0,25.0,43.0,41.0,62.0,86.0,44.0,46.0,11.0,7.0,12.0,9.0,8.0
Turkey,,FW,Kasımpaşa,False,False,ea_fc26,734.0,İrfan Can Kahveci,79,RW,"CAM, CM, RM",Turkey,Trendyol Süper Lig,Fenerbahçe,30.0,176.0,75.0,Left,3.0,3.0,"Finesse Shot, Power Shot, Incisive Pass, Whipped Pass, Technical, First Touch",Men's Football,https://www.ea.com/games/ea-sports-fc/ratings/player-ratings/225403,73,79,79,80,58,66,74.0,73.0,75.0,78.0,81.0,86.0,69.0,58.0,79.0,79.0,78.0,80.0,76.0,84.0,82.0,77.0,82.0,74.0,81.0,75.0,62.0,52.0,56.0,61.0,56.0,60.0,68.0,64.0,71.0,13.0,14.0,15.0,15.0,10.0
Turkey,,FW,Galatasaray,False,False,ea_fc26,575.0,Barış Alper Yılmaz,80,RM,"LM, LB, RW",Turkey,Trendyol Süper Lig,Galatasaray,26.0,186.0,80.0,Right,3.0,4.0,"Bruiser, Rapid, Quick Step, Relentless",Men's Football,https://www.ea.com/games/ea-sports-fc/ratings/player-ratings/263205,91,75,71,82,67,84,89.0,93.0,79.0,75.0,85.0,72.0,58.0,58.0,74.0,67.0,47.0,76.0,72.0,69.0,83.0,84.0,84.0,78.0,83.0,71.0,65.0,69.0,69.0,67.0,63.0,88.0,86.0,84.0,80.0,13.0,9.0,11.0,13.0,8.0
Turkey,,FW,Real Madrid,False,False,ea_fc26,967.0,Arda Güler,78,CAM,RM,Turkey,LALIGA EA SPORTS,Real Madrid,21.0,175.0,70.0,Left,3.0,4.0,"Finesse Shot, Incisive Pass, Long Ball Pass, Whipped Pass, Technical, Flair",Men's Football,https://www.ea.com/games/ea-sports-fc/ratings/player-ratings/264309,72,73,80,82,52,50,75.0,69.0,71.0,72.0,75.0,76.0,70.0,71.0,80.0,80.0,76.0,81.0,79.0,84.0,83.0,82.0,85.0,74.0,82.0,77.0,55.0,41.0,52.0,57.0,46.0,51.0,70.0,43.0,42.0,13.0,10.0,11.0,14.0,10.0
Turkey,,FW,Juventus,False,False,ea_fc26,5019.0,Kenan Yıldız,70,LW,"ST, LM",Turkey,Serie A Enilive,Juventus,21.0,185.0,75.0,Right,4.0,3.0,,Men's Football,https://www.ea.com/games/ea-sports-fc/ratings/player-ratings/277954,75,61,66,73,28,61,75.0,75.0,66.0,62.0,60.0,64.0,50.0,58.0,70.0,65.0,52.0,70.0,61.0,64.0,75.0,75.0,70.0,58.0,75.0,60.0,30.0,60.0,28.0,20.0,16.0,73.0,60.0,66.0,49.0,14.0,14.0,6.0,8.0,14.0
Turkey,,FW,Galatasaray,False,False,ea_fc26,3509.0,Yunus Akgün,72,RM,"CAM, RW",Turkey,Trendyol Süper Lig,Galatasaray,25.0,173.0,65.0,Left,3.0,3.0,Rapid,Men's Football,https://www.ea.com/games/ea-sports-fc/ratings/player-ratings/239892,88,65,64,76,30,59,91.0,86.0,65.0,62.0,72.0,65.0,58.0,67.0,64.0,59.0,59.0,68.0,61.0,69.0,78.0,87.0,88.0,65.0,73.0,62.0,30.0,52.0,32.0,24.0,22.0,63.0,72.0,55.0,52.0,6.0,9.0,8.0,7.0,7.0
Turkey,,FW,Fenerbahçe,False,False,ea_fc26,2871.0,Oğuz Aydın,73,RM,"LM, RW",Turkey,Trendyol Süper Lig,Fenerbahçe,25.0,177.0,76.0,Right,4.0,3.0,"Finesse Shot, Incisive Pass, Whipped Pass, Technical, Relentless",Men's Football,https://www.ea.com/games/ea-sports-fc/ratings/player-ratings/264001,81,68,70,73,40,56,81.0,81.0,73.0,68.0,67.0,67.0,62.0,68.0,73.0,71.0,45.0,71.0,70.0,63.0,75.0,76.0,66.0,64.0,73.0,66.0,33.0,47.0,44.0,42.0,33.0,65.0,65.0,58.0,36.0,10.0,10.0,5.0,6.0,8.0
Turkey,,FW,Porto,False,False,ea_fc26,13032.0,Deniz Gül,62,ST,,Sweden,Liga Portugal,FC Porto,21.0,190.0,82.0,Right,3.0,2.0,,Men's Football,https://www.ea.com/games/ea-sports-fc/ratings/player-ratings/278587,65,61,48,60,25,64,64.0,65.0,60.0,63.0,62.0,59.0,55.0,56.0,55.0,30.0,36.0,57.0,49.0,32.0,61.0,61.0,54.0,59.0,60.0,56.0,31.0,62.0,26.0,12.0,10.0,72.0,58.0,71.0,51.0,5.0,11.0,14.0,15.0,6.0
Turkey,,FW,İstanbul Başakşehir,False,False,ea_fc26,1881.0,Yusuf Sarı,75,RM,RW,Turkey,Trendyol Süper Lig,Adana Demirspor,27.0,168.0,55.0,Left,2.0,3.0,"Finesse Shot, Rapid, Quick Step",Men's Football,https://www.ea.com/games/ea-sports-fc/ratings/player-ratings/241389,85,70,70,79,33,59,91.0,80.0,66.0,68.0,77.0,72.0,59.0,67.0,69.0,72.0,64.0,70.0,68.0,76.0,79.0,91.0,92.0,70.0,75.0,67.0,30.0,42.0,34.0,29.0,35.0,66.0,72.0,59.0,42.0,11.0,9.0,6.0,10.0,11.0
Turkey,,FW,Eintracht Frankfurt,False,False,ea_fc26,3509.0,Can Uzun,72,CAM,"ST, CM",Turkey,Bundesliga,Frankfurt,20.0,186.0,70.0,Right,3.0,4.0,"Finesse Shot, Technical, First Touch",Men's Football,https://www.ea.com/games/ea-sports-fc/ratings/player-ratings/275328,70,72,65,75,24,63,76.0,65.0,71.0,74.0,72.0,69.0,65.0,66.0,68.0,53.0,59.0,70.0,63.0,75.0,76.0,79.0,77.0,70.0,75.0,69.0,25.0,53.0,19.0,21.0,20.0,69.0,75.0,65.0,43.0,5.0,7.0,15.0,10.0,9.0
Turkey,,FW,Midtjylland,False,False,ea_fc26,5019.0,Aral Şimşir,70,LM,LW,Turkey,3F Superliga,FC Midtjylland,23.0,177.0,71.0,Right,4.0,4.0,"Finesse Shot, Technical, Flair, Trickster",Men's Football,https://www.ea.com/games/ea-sports-fc/ratings/player-ratings/256933,76,62,65,72,36,60,79.0,74.0,68.0,65.0,63.0,57.0,56.0,53.0,68.0,65.0,57.0,67.0,63.0,61.0,72.0,83.0,83.0,64.0,68.0,66.0,35.0,38.0,35.0,37.0,34.0,61.0,70.0,61.0,47.0,11.0,11.0,11.0,13.0,8.0
Ecuador,1,GK,Huracán,False,False,ea_fc26,2309.0,Hernán Galíndez,74,GK,,Ecuador,Primera División,Huracán,39.0,189.0,90.0,Right,2.0,1.0,Footwork,Men's Football,https://www.ea.com/games/ea-sports-fc/ratings/player-ratings/253354,74,73,70,74,32,76,33.0,30.0,18.0,15.0,53.0,13.0,10.0,20.0,44.0,11.0,13.0,22.0,33.0,14.0,13.0,38.0,28.0,65.0,21.0,51.0,26.0,11.0,14.0,11.0,14.0,66.0,28.0,77.0,23.0,74.0,73.0,70.0,76.0,74.0
Ecuador,3,DF,Arsenal,False,False,ea_fc26,456.0,Piero Hincapié,81,CB,LB,Ecuador,Bundesliga,Leverkusen,24.0,184.0,77.0,Left,2.0,3.0,"Jockey, Block",Men's Football,https://www.ea.com/games/ea-sports-fc/ratings/player-ratings/256197,78,40,64,72,81,80,79.0,78.0,55.0,40.0,50.0,31.0,33.0,33.0,53.0,55.0,32.0,78.0,74.0,56.0,70.0,74.0,68.0,79.0,74.0,76.0,78.0,78.0,80.0,83.0,86.0,88.0,80.0,77.0,85.0,9.0,15.0,10.0,6.0,9.0
Ecuador,4,DF,Club Brugge,False,False,ea_fc26,5881.0,Joel Ordoñez,69,CB,,Ecuador,1A Pro League,Club Brugge,22.0,185.0,70.0,Right,3.0,2.0,,Men's Football,https://www.ea.com/games/ea-sports-fc/ratings/player-ratings/268611,67,26,51,54,68,74,64.0,70.0,40.0,23.0,35.0,18.0,27.0,39.0,47.0,40.0,28.0,66.0,55.0,22.0,46.0,57.0,62.0,64.0,60.0,56.0,68.0,66.0,69.0,68.0,65.0,77.0,64.0,79.0,71.0,13.0,15.0,5.0,12.0,12.0
Ecuador,6,DF,Paris Saint-Germain,False,False,ea_fc26,967.0,Willian Pacho,78,CB,,Ecuador,Ligue 1 McDonald's,Paris SG,24.0,186.0,81.0,Left,3.0,2.0,"Jockey, Block, Anticipate, Bruiser",Men's Football,https://www.ea.com/games/ea-sports-fc/ratings/player-ratings/256196,79,32,58,61,79,79,78.0,79.0,36.0,30.0,41.0,29.0,26.0,36.0,47.0,46.0,38.0,73.0,69.0,31.0,52.0,63.0,60.0,79.0,68.0,81.0,78.0,71.0,79.0,82.0,76.0,88.0,69.0,84.0,77.0,9.0,12.0,12.0,13.0,10.0
Ecuador,7,DF,Milan,False,False,ea_fc26,575.0,Pervis Estupiñán,80,LB,,Ecuador,Premier League,Brighton,28.0,175.0,79.0,Left,3.0,3.0,Rapid,Men's Football,https://www.ea.com/games/ea-sports-fc/ratings/player-ratings/237942,78,57,75,79,77,75,78.0,78.0,70.0,48.0,67.0,65.0,38.0,65.0,72.0,83.0,40.0,80.0,72.0,73.0,80.0,74.0,73.0,77.0,82.0,75.0,77.0,70.0,75.0,81.0,76.0,80.0,81.0,73.0,73.0,14.0,7.0,14.0,7.0,7.0
Ecuador,8,MF,Midtjylland,False,False,ea_fc26,12144.0,Denil Castillo,63,CDM,,Ecuador,3F Superliga,FC Midtjylland,22.0,189.0,78.0,Right,3.0,2.0,,Men's Football,https://www.ea.com/games/ea-sports-fc/ratings/player-ratings/277197,62,34,57,50,60,69,64.0,60.0,39.0,34.0,44.0,25.0,28.0,37.0,62.0,41.0,38.0,65.0,63.0,39.0,46.0,50.0,51.0,64.0,55.0,43.0,59.0,47.0,70.0,55.0,59.0,63.0,68.0,73.0,63.0,8.0,5.0,9.0,12.0,14.0
Ecuador,9,MF,Venezia,False,False,ea_fc26,5881.0,John Yeboah,69,RW,"CAM, RM",Ecuador,Serie A Enilive,Venezia,25.0,170.0,69.0,Left,3.0,3.0,"Technical, Quick Step",Men's Football,https://www.ea.com/games/ea-sports-fc/ratings/player-ratings/242755,92,62,57,71,26,61,91.0,92.0,67.0,65.0,62.0,61.0,50.0,42.0,60.0,58.0,36.0,62.0,49.0,54.0,69.0,92.0,88.0,70.0,67.0,58.0,19.0,59.0,24.0,23.0,20.0,74.0,84.0,56.0,40.0,7.0,9.0,12.0,13.0,11.0
Ecuador,10,MF,River Plate,False,False,ea_fc26,3509.0,Kendry Páez,72,CAM,"RW, CM",Ecuador,Libertadores,,19.0,177.0,71.0,Left,3.0,4.0,"Pinged Pass, Technical, First Touch, Trickster",Men's Football,https://www.ea.com/games/ea-sports-fc/ratings/player-ratings/274559,79,67,69,72,43,52,77.0,81.0,72.0,69.0,68.0,71.0,44.0,51.0,71.0,61.0,60.0,74.0,66.0,73.0,73.0,82.0,75.0,66.0,72.0,52.0,56.0,48.0,34.0,42.0,41.0,58.0,65.0,49.0,44.0,10.0,11.0,9.0,15.0,6.0
Ecuador,11,FW,Union Saint-Gilloise,False,False,ea_fc26,6856.0,Kevin Rodríguez,68,ST,LW,Ecuador,1A Pro League,R. Union St.-G.,26.0,190.0,72.0,Right,3.0,4.0,"Flair, Trickster",Men's Football,https://www.ea.com/games/ea-sports-fc/ratings/player-ratings/272569,80,66,57,69,25,67,77.0,82.0,67.0,67.0,70.0,66.0,62.0,52.0,58.0,55.0,41.0,60.0,57.0,53.0,70.0,74.0,64.0,67.0,67.0,63.0,34.0,63.0,20.0,15.0,17.0,80.0,70.0,74.0,43.0,15.0,9.0,11.0,7.0,11.0
Ecuador,12,GK,Kifisia,False,False,ea_fc26,2309.0,Moisés Ramírez,74,GK,,Ecuador,Libertadores,,25.0,185.0,68.0,Right,2.0,1.0,,Men's Football,https://www.ea.com/games/ea-sports-fc/ratings/player-ratings/256161,74,71,68,75,33,72,35.0,29.0,8.0,8.0,51.0,7.0,6.0,13.0,35.0,13.0,12.0,35.0,16.0,11.0,9.0,41.0,44.0,72.0,18.0,35.0,14.0,14.0,11.0,12.0,12.0,58.0,29.0,57.0,20.0,74.0,71.0,68.0,72.0,75.0
Ecuador,14,MF,Atlético Mineiro,False,False,ea_fc26,5019.0,Alan Minda,70,RM,"ST, RW",Ecuador,1A Pro League,Cercle Brugge,23.0,171.0,67.0,Right,3.0,4.0,Whipped Pass,Men's Football,https://www.ea.com/games/ea-sports-fc/ratings/player-ratings/263397,84,66,63,72,51,55,82.0,85.0,69.0,70.0,64.0,62.0,59.0,50.0,63.0,65.0,37.0,68.0,60.0,57.0,73.0,80.0,75.0,63.0,69.0,65.0,60.0,49.0,43.0,55.0,50.0,62.0,58.0,50.0,60.0,7.0,12.0,11.0,10.0,13.0
Ecuador,15,MF,UNAM,False,False,ea_fc26,7904.0,Pedro Vite,67,CM,CAM,Ecuador,MLS,Whitecaps FC,24.0,168.0,60.0,Left,3.0,3.0,Flair,Men's Football,https://www.ea.com/games/ea-sports-fc/ratings/player-ratings/261222,72,59,63,68,55,52,79.0,66.0,62.0,63.0,51.0,61.0,61.0,39.0,66.0,40.0,64.0,73.0,66.0,63.0,66.0,74.0,86.0,68.0,67.0,61.0,59.0,49.0,43.0,68.0,48.0,54.0,72.0,43.0,49.0,11.0,14.0,7.0,8.0,9.0
Ecuador,16,FW,Antwerp,False,False,ea_fc26,8960.0,Anthony Valencia,66,RM,"LM, RW",Ecuador,1A Pro League,Royal Antwerp FC,22.0,174.0,61.0,Left,1.0,4.0,Flair,Men's Football,https://www.ea.com/games/ea-sports-fc/ratings/player-ratings/256199,84,59,59,73,44,44,87.0,81.0,59.0,56.0,64.0,64.0,48.0,59.0,57.0,59.0,57.0,62.0,56.0,63.0,74.0,89.0,83.0,51.0,71.0,62.0,47.0,48.0,35.0,47.0,49.0,53.0,56.0,33.0,55.0,13.0,13.0,8.0,14.0,12.0
Ecuador,17,DF,Atlético Mineiro,False,False,ea_fc26,1881.0,Ángelo Preciado,75,RB,RM,Ecuador,Česká Liga,Sparta Praha,28.0,173.0,74.0,Right,3.0,3.0,"Rapid, Flair",Men's Football,https://www.ea.com/games/ea-sports-fc/ratings/player-ratings/246055,84,63,70,76,66,72,85.0,84.0,70.0,62.0,62.0,69.0,48.0,58.0,70.0,75.0,51.0,74.0,64.0,50.0,77.0,79.0,72.0,73.0,75.0,74.0,69.0,51.0,67.0,68.0,69.0,73.0,82.0,68.0,68.0,14.0,12.0,11.0,13.0,7.0
Ecuador,18,FW,Huracán,False,False,ea_fc26,5881.0,Jordy Caicedo,69,ST,,Ecuador,LALIGA HYPERMOTION,R. Sporting,28.0,187.0,82.0,Right,2.0,2.0,,Men's Football,https://www.ea.com/games/ea-sports-fc/ratings/player-ratings/268508,73,66,44,64,34,79,67.0,77.0,70.0,67.0,72.0,60.0,60.0,66.0,54.0,22.0,39.0,57.0,35.0,40.0,63.0,65.0,54.0,67.0,66.0,66.0,28.0,73.0,29.0,34.0,26.0,87.0,68.0,88.0,69.0,6.0,11.0,7.0,10.0,6.0
Ecuador,20,FW,Sunderland,False,False,ea_fc26,7904.0,Nilson Angulo,67,LW,"RW, LM",Ecuador,1A Pro League,RSC Anderlecht,22.0,184.0,65.0,Right,4.0,4.0,Rapid,Men's Football,https://www.ea.com/games/ea-sports-fc/ratings/player-ratings/264205,80,60,60,70,34,50,78.0,81.0,63.0,67.0,55.0,54.0,42.0,60.0,62.0,57.0,34.0,67.0,59.0,45.0,73.0,70.0,64.0,58.0,69.0,57.0,38.0,46.0,28.0,32.0,37.0,57.0,55.0,49.0,46.0,11.0,14.0,12.0,15.0,11.0
Ecuador,22,GK,LDU Quito,False,False,ea_fc26,8960.0,Gonzalo Valle,66,GK,,Ecuador,Libertadores,,30.0,185.0,85.0,Right,2.0,1.0,,Men's Football,https://www.ea.com/games/ea-sports-fc/ratings/player-ratings/259904,66,65,60,70,26,60,20.0,36.0,6.0,7.0,45.0,8.0,7.0,20.0,40.0,11.0,12.0,27.0,25.0,10.0,9.0,25.0,40.0,63.0,11.0,39.0,8.0,11.0,8.0,11.0,9.0,54.0,22.0,66.0,27.0,66.0,65.0,60.0,60.0,70.0
Ecuador,23,MF,Chelsea,False,False,ea_fc26,320.0,Moisés Caicedo,82,CDM,CM,Ecuador,Premier League,Chelsea,24.0,178.0,73.0,Right,3.0,3.0,"Pinged Pass, Tiki Taka, Intercept, Anticipate, Slide Tackle, Press Proven, Relentless",Men's Football,https://www.ea.com/games/ea-sports-fc/ratings/player-ratings/256079,75,63,75,78,79,78,77.0,73.0,62.0,57.0,71.0,71.0,55.0,55.0,77.0,58.0,55.0,84.0,82.0,65.0,76.0,76.0,79.0,80.0,82.0,80.0,82.0,60.0,80.0,82.0,80.0,76.0,84.0,72.0,84.0,15.0,6.0,13.0,9.0,13.0
Ecuador,24,MF,Genk,False,False,ea_fc26,8960.0,Yaimar Medina,66,LB,"LW, LM",Ecuador,Libertadores,,21.0,175.0,70.0,Left,2.0,3.0,"Rapid, Quick Step",Men's Football,https://www.ea.com/games/ea-sports-fc/ratings/player-ratings/271417,91,55,60,63,56,58,91.0,91.0,60.0,60.0,58.0,46.0,41.0,48.0,59.0,64.0,61.0,61.0,58.0,55.0,61.0,77.0,75.0,68.0,59.0,52.0,57.0,41.0,59.0,58.0,57.0,61.0,68.0,53.0,55.0,14.0,8.0,13.0,11.0,15.0
Ecuador,25,DF,Tijuana,False,False,ea_fc26,4248.0,Jackson Porozo,71,CB,,Ecuador,LALIGA EA SPORTS,CD Leganés,25.0,192.0,84.0,Right,2.0,2.0,Bruiser,Men's Football,https://www.ea.com/games/ea-sports-fc/ratings/player-ratings/260740,70,31,42,45,71,74,59.0,79.0,31.0,29.0,40.0,26.0,26.0,42.0,28.0,31.0,35.0,59.0,42.0,35.0,37.0,37.0,41.0,65.0,54.0,62.0,72.0,72.0,68.0,73.0,69.0,80.0,63.0,80.0,69.0,8.0,13.0,8.0,15.0,8.0
Austria,1,GK,Red Bull Salzburg,False,False,ea_fc26,2309.0,Alexander Schlager,74,GK,,Austria,Ö. Bundesliga,RB Salzburg,30.0,184.0,77.0,Right,3.0,1.0,Far Reach,Men's Football,https://www.ea.com/games/ea-sports-fc/ratings/player-ratings/215522,73,72,66,76,46,73,46.0,47.0,6.0,14.0,50.0,18.0,13.0,22.0,34.0,20.0,16.0,25.0,18.0,14.0,13.0,34.0,45.0,69.0,23.0,33.0,13.0,17.0,24.0,18.0,16.0,61.0,24.0,55.0,26.0,73.0,72.0,66.0,73.0,76.0
Austria,3,DF,Tottenham Hotspur,False,False,ea_fc26,575.0,Kevin Danso,80,CB,,Austria,Ligue 1 McDonald's,RC Lens,27.0,190.0,85.0,Right,3.0,2.0,"Long Ball Pass, Bruiser, Aerial",Men's Football,https://www.ea.com/games/ea-sports-fc/ratings/player-ratings/237985,75,32,57,62,80,85,65.0,83.0,43.0,26.0,49.0,25.0,31.0,42.0,52.0,44.0,31.0,70.0,62.0,46.0,59.0,55.0,46.0,79.0,68.0,74.0,78.0,82.0,78.0,82.0,77.0,89.0,75.0,90.0,85.0,12.0,13.0,6.0,11.0,15.0
Austria,4,MF,RB Leipzig,False,False,ea_fc26,456.0,Xaver Schlager,81,CDM,CM,Austria,Bundesliga,RB Leipzig,28.0,174.0,76.0,Left,3.0,3.0,"Incisive Pass, Long Ball Pass, Jockey, Bruiser, Relentless",Men's Football,https://www.ea.com/games/ea-sports-fc/ratings/player-ratings/233195,72,70,74,78,75,79,74.0,70.0,75.0,66.0,78.0,76.0,60.0,56.0,78.0,59.0,60.0,80.0,80.0,73.0,78.0,75.0,78.0,81.0,78.0,74.0,83.0,44.0,77.0,78.0,73.0,68.0,82.0,76.0,85.0,6.0,8.0,8.0,12.0,7.0
Austria,5,DF,Mainz 05,False,False,ea_fc26,967.0,Stefan Posch,78,RB,,Austria,Serie A Enilive,Bologna,29.0,190.0,82.0,Right,3.0,2.0,"Long Ball Pass, Block",Men's Football,https://www.ea.com/games/ea-sports-fc/ratings/player-ratings/223671,75,55,68,65,79,75,71.0,78.0,71.0,52.0,63.0,54.0,51.0,38.0,55.0,73.0,45.0,74.0,70.0,65.0,65.0,36.0,60.0,75.0,72.0,70.0,77.0,80.0,79.0,80.0,79.0,86.0,70.0,77.0,73.0,6.0,8.0,7.0,6.0,8.0
Austria,6,MF,RB Leipzig,False,False,ea_fc26,1214.0,Nicolas Seiwald,77,CDM,CM,Austria,Bundesliga,RB Leipzig,25.0,179.0,79.0,Right,3.0,2.0,"Long Ball Pass, Anticipate, Press Proven",Men's Football,https://www.ea.com/games/ea-sports-fc/ratings/player-ratings/257876,73,62,73,74,74,75,74.0,72.0,68.0,58.0,70.0,66.0,58.0,54.0,74.0,70.0,60.0,75.0,76.0,69.0,72.0,77.0,76.0,78.0,75.0,70.0,79.0,63.0,71.0,77.0,72.0,74.0,87.0,68.0,78.0,5.0,8.0,7.0,14.0,7.0
Austria,7,FW,Red Star Belgrade,False,False,ea_fc26,575.0,Marko Arnautović,80,ST,,Austria,Serie A Enilive,Lombardia FC,37.0,192.0,83.0,Right,4.0,4.0,"Tiki Taka, Technical, Flair",Men's Football,https://www.ea.com/games/ea-sports-fc/ratings/player-ratings/184200,70,79,78,79,44,78,70.0,70.0,78.0,79.0,80.0,80.0,77.0,77.0,79.0,77.0,72.0,81.0,74.0,78.0,78.0,69.0,78.0,77.0,84.0,80.0,38.0,79.0,40.0,42.0,39.0,86.0,71.0,82.0,77.0,14.0,15.0,10.0,10.0,15.0
Austria,8,DF,Real Madrid,True,False,ea_fc26,101.0,David Alaba,85,CB,LB,Austria,LALIGA EA SPORTS,Real Madrid,33.0,180.0,78.0,Left,4.0,3.0,"Dead Ball, Long Ball Pass, Anticipate",Men's Football,https://www.ea.com/games/ea-sports-fc/ratings/player-ratings/197445,79,71,83,80,85,77,78.0,79.0,73.0,62.0,82.0,78.0,67.0,79.0,78.0,83.0,85.0,88.0,80.0,76.0,77.0,76.0,78.0,88.0,83.0,84.0,87.0,77.0,89.0,84.0,83.0,86.0,73.0,78.0,77.0,5.0,7.0,14.0,15.0,9.0
Austria,9,MF,Borussia Dortmund,False,False,ea_fc26,148.0,Marcel Sabitzer,84,CM,"CAM, CDM",Austria,Bundesliga,Borussia Dortmund,32.0,178.0,76.0,Right,4.0,3.0,"Finesse Shot, Power Shot, Pinged Pass, Trivela",Men's Football,https://www.ea.com/games/ea-sports-fc/ratings/player-ratings/204923,76,84,81,82,75,79,78.0,74.0,86.0,81.0,88.0,87.0,84.0,80.0,82.0,77.0,78.0,84.0,82.0,77.0,81.0,78.0,78.0,86.0,84.0,84.0,81.0,60.0,76.0,78.0,70.0,72.0,85.0,76.0,79.0,11.0,13.0,14.0,15.0,13.0
Austria,10,MF,Braga,False,False,ea_fc26,2309.0,Florian Grillitsch,74,CB,CDM,Austria,Bundesliga,TSG Hoffenheim,30.0,187.0,77.0,Right,3.0,3.0,"Long Ball Pass, Intercept",Men's Football,https://www.ea.com/games/ea-sports-fc/ratings/player-ratings/228336,66,60,76,75,76,68,61.0,70.0,70.0,58.0,64.0,60.0,53.0,50.0,80.0,66.0,66.0,81.0,83.0,47.0,74.0,68.0,65.0,79.0,79.0,78.0,86.0,69.0,78.0,73.0,68.0,73.0,68.0,73.0,54.0,13.0,12.0,7.0,14.0,7.0
Austria,11,FW,FC Augsburg,False,False,ea_fc26,967.0,Michael Gregoritsch,78,ST,,Austria,Bundesliga,SC Freiburg,32.0,193.0,91.0,Left,3.0,3.0,"Finesse Shot, Power Header",Men's Football,https://www.ea.com/games/ea-sports-fc/ratings/player-ratings/199439,53,79,70,70,42,76,54.0,53.0,82.0,79.0,84.0,74.0,82.0,64.0,70.0,64.0,75.0,74.0,60.0,81.0,69.0,53.0,52.0,81.0,78.0,73.0,33.0,85.0,36.0,40.0,38.0,85.0,71.0,85.0,58.0,10.0,6.0,9.0,16.0,6.0
Austria,13,GK,Brøndby,False,False,ea_fc26,2309.0,Patrick Pentz,74,GK,,Austria,3F Superliga,Brøndby IF,29.0,182.0,81.0,Left,4.0,1.0,"Footwork, Deflector",Men's Football,https://www.ea.com/games/ea-sports-fc/ratings/player-ratings/228505,73,71,71,76,53,72,52.0,55.0,20.0,13.0,53.0,14.0,15.0,24.0,52.0,19.0,13.0,31.0,20.0,15.0,15.0,62.0,54.0,70.0,25.0,37.0,19.0,16.0,17.0,19.0,18.0,67.0,42.0,63.0,26.0,73.0,71.0,71.0,72.0,76.0
Austria,14,FW,LASK,False,False,ea_fc26,1214.0,Saša Kalajdžić,77,ST,,Austria,Premier League,Wolves,28.0,200.0,90.0,Right,3.0,3.0,,Men's Football,https://www.ea.com/games/ea-sports-fc/ratings/player-ratings/239901,51,75,68,71,46,68,53.0,49.0,81.0,82.0,74.0,62.0,73.0,57.0,75.0,59.0,47.0,77.0,64.0,50.0,74.0,47.0,45.0,78.0,78.0,74.0,34.0,87.0,39.0,46.0,47.0,86.0,53.0,83.0,44.0,7.0,6.0,13.0,14.0,15.0
Austria,15,DF,SC Freiburg,False,False,ea_fc26,734.0,Philipp Lienhart,79,CB,,Austria,Bundesliga,SC Freiburg,29.0,189.0,85.0,Right,3.0,2.0,Power Header,Men's Football,https://www.ea.com/games/ea-sports-fc/ratings/player-ratings/231366,69,28,59,64,81,75,62.0,74.0,35.0,24.0,29.0,34.0,21.0,41.0,53.0,41.0,40.0,74.0,70.0,28.0,59.0,63.0,62.0,78.0,69.0,75.0,80.0,84.0,83.0,80.0,77.0,85.0,66.0,78.0,77.0,14.0,8.0,11.0,12.0,14.0
Austria,16,DF,Mainz 05,False,False,ea_fc26,2309.0,Phillipp Mwene,74,LB,"LM, RB",Austria,Bundesliga,1. FSV Mainz 05,32.0,172.0,68.0,Right,4.0,3.0,,Men's Football,https://www.ea.com/games/ea-sports-fc/ratings/player-ratings/216275,80,54,66,75,68,69,83.0,78.0,66.0,52.0,62.0,52.0,38.0,42.0,63.0,73.0,46.0,70.0,62.0,61.0,74.0,82.0,86.0,73.0,73.0,68.0,73.0,44.0,69.0,69.0,71.0,67.0,83.0,66.0,59.0,12.0,9.0,11.0,9.0,7.0
Austria,17,MF,Borussia Dortmund,False,False,ea_fc26,3509.0,Carney Chukwuemeka,72,CAM,CM,England,Premier League,Chelsea,22.0,187.0,77.0,Right,4.0,4.0,"Technical, Flair, First Touch",Men's Football,https://www.ea.com/games/ea-sports-fc/ratings/player-ratings/259356,65,65,68,76,50,63,65.0,65.0,70.0,67.0,65.0,62.0,55.0,58.0,72.0,60.0,52.0,73.0,70.0,63.0,79.0,69.0,70.0,72.0,77.0,73.0,50.0,47.0,48.0,53.0,50.0,61.0,63.0,65.0,57.0,12.0,12.0,9.0,11.0,10.0
Austria,18,MF,Werder Bremen,False,False,ea_fc26,1881.0,Romano Schmid,75,CAM,"CM, ST",Austria,Bundesliga,SV Werder Bremen,26.0,168.0,73.0,Right,3.0,3.0,Incisive Pass,Men's Football,https://www.ea.com/games/ea-sports-fc/ratings/player-ratings/239701,77,63,70,81,53,58,78.0,76.0,72.0,57.0,75.0,68.0,55.0,52.0,72.0,69.0,46.0,76.0,63.0,70.0,83.0,87.0,85.0,77.0,79.0,68.0,64.0,39.0,57.0,50.0,39.0,56.0,81.0,51.0,45.0,7.0,9.0,7.0,9.0,6.0
Austria,19,MF,RB Leipzig,False,False,ea_fc26,575.0,Christoph Baumgartner,80,CAM,ST,Austria,Bundesliga,RB Leipzig,26.0,180.0,73.0,Right,3.0,4.0,"Technical, Flair, First Touch",Men's Football,https://www.ea.com/games/ea-sports-fc/ratings/player-ratings/242187,77,74,74,82,47,60,84.0,71.0,79.0,78.0,75.0,67.0,74.0,65.0,81.0,63.0,52.0,80.0,78.0,66.0,83.0,82.0,79.0,78.0,81.0,77.0,38.0,71.0,34.0,56.0,51.0,73.0,74.0,49.0,65.0,10.0,11.0,9.0,14.0,11.0
Austria,20,MF,Bayern Munich,False,False,ea_fc26,220.0,Konrad Laimer,83,CDM,"CM, RB",Austria,Bundesliga,FC Bayern München,29.0,180.0,72.0,Right,3.0,3.0,"Bruiser, Relentless, Block+",Men's Football,https://www.ea.com/games/ea-sports-fc/ratings/player-ratings/225375,80,69,77,77,82,78,82.0,79.0,73.0,69.0,74.0,68.0,60.0,54.0,76.0,78.0,47.0,81.0,78.0,70.0,75.0,76.0,77.0,84.0,78.0,79.0,87.0,67.0,86.0,81.0,79.0,80.0,81.0,71.0,89.0,9.0,12.0,12.0,13.0,12.0
Austria,21,MF,VfL Wolfsburg,False,False,ea_fc26,1214.0,Patrick Wimmer,77,RM,"ST, RW",Austria,Bundesliga,VfL Wolfsburg,25.0,182.0,77.0,Right,4.0,4.0,"Rapid, Flair, First Touch, Relentless, Trivela, Acrobatic",Men's Football,https://www.ea.com/games/ea-sports-fc/ratings/player-ratings/254566,80,69,71,81,49,70,83.0,78.0,76.0,69.0,77.0,67.0,57.0,52.0,78.0,71.0,50.0,75.0,61.0,64.0,83.0,85.0,82.0,75.0,78.0,68.0,48.0,44.0,53.0,47.0,45.0,70.0,76.0,71.0,60.0,12.0,13.0,9.0,14.0,13.0
Austria,22,DF,TSG Hoffenheim,False,False,ea_fc26,2309.0,Alexander Prass,74,CM,"LB, LM",Austria,Bundesliga,TSG Hoffenheim,25.0,180.0,72.0,Left,3.0,3.0,"Power Shot, Incisive Pass, Technical, Flair",Men's Football,https://www.ea.com/games/ea-sports-fc/ratings/player-ratings/263041,82,65,73,75,69,76,80.0,83.0,69.0,59.0,72.0,71.0,64.0,57.0,75.0,73.0,66.0,74.0,73.0,68.0,74.0,78.0,77.0,74.0,74.0,74.0,72.0,56.0,73.0,69.0,66.0,77.0,85.0,74.0,68.0,7.0,15.0,12.0,8.0,13.0
Austria,23,DF,Werder Bremen,False,False,ea_fc26,1881.0,Marco Friedl,75,CB,,Austria,Bundesliga,SV Werder Bremen,28.0,187.0,82.0,Left,2.0,2.0,"Long Ball Pass, Jockey, Slide Tackle",Men's Football,https://www.ea.com/games/ea-sports-fc/ratings/player-ratings/237595,71,42,61,67,76,75,67.0,74.0,56.0,37.0,48.0,44.0,47.0,45.0,50.0,63.0,42.0,65.0,74.0,45.0,64.0,65.0,62.0,75.0,70.0,71.0,77.0,66.0,76.0,78.0,80.0,76.0,69.0,77.0,79.0,11.0,15.0,6.0,6.0,7.0
Austria,24,MF,PSV Eindhoven,False,False,ea_fc26,6856.0,Paul Wanner,68,CAM,RM,Germany,Bundesliga,Heidenheim,20.0,185.0,75.0,Left,3.0,4.0,Finesse Shot,Men's Football,https://www.ea.com/games/ea-sports-fc/ratings/player-ratings/266237,69,55,66,73,44,49,76.0,63.0,64.0,53.0,63.0,51.0,49.0,50.0,67.0,58.0,45.0,73.0,68.0,60.0,73.0,74.0,76.0,66.0,75.0,61.0,49.0,51.0,42.0,41.0,43.0,53.0,74.0,36.0,50.0,7.0,12.0,13.0,11.0,13.0
Austria,25,DF,Venezia,False,False,ea_fc26,5881.0,Michael Svoboda,69,CB,,Austria,Serie A Enilive,Venezia,27.0,195.0,85.0,Right,3.0,2.0,"Block, Slide Tackle",Men's Football,https://www.ea.com/games/ea-sports-fc/ratings/player-ratings/250779,59,44,52,56,67,81,48.0,68.0,45.0,36.0,67.0,41.0,38.0,36.0,55.0,40.0,26.0,63.0,57.0,29.0,58.0,32.0,33.0,63.0,61.0,62.0,65.0,65.0,66.0,69.0,65.0,75.0,75.0,88.0,71.0,5.0,9.0,6.0,14.0,11.0
Austria,26,MF,Wolfsberger AC,False,False,ea_fc26,6856.0,Alessandro Schöpf,68,CM,"CDM, CAM",Austria,MLS,Whitecaps FC,32.0,178.0,74.0,Right,4.0,3.0,,Men's Football,https://www.ea.com/games/ea-sports-fc/ratings/player-ratings/220925,69,65,67,69,61,69,73.0,66.0,68.0,63.0,67.0,68.0,64.0,63.0,65.0,62.0,60.0,71.0,67.0,68.0,68.0,73.0,74.0,68.0,68.0,67.0,64.0,43.0,65.0,58.0,68.0,60.0,86.0,64.0,63.0,13.0,6.0,13.0,11.0,10.0
South Korea,,GK,FC Tokyo,False,False,ea_fc26,2871.0,Kim Seung Gyu,73,GK,,Korea Republic,ROSHN Saudi League,Al Shabab,35.0,187.0,78.0,Right,2.0,1.0,"Far Throw, Cross Claimer",Men's Football,https://www.ea.com/games/ea-sports-fc/ratings/player-ratings/191655,75,65,70,76,36,71,36.0,36.0,16.0,12.0,53.0,20.0,14.0,12.0,62.0,14.0,12.0,45.0,25.0,16.0,13.0,38.0,58.0,72.0,25.0,60.0,25.0,11.0,15.0,18.0,12.0,59.0,35.0,47.0,27.0,75.0,65.0,70.0,71.0,76.0
South Korea,,GK,Ulsan HD,False,False,ea_fc26,1881.0,Jo Hyeon Woo,75,GK,,Korea Republic,K League 1,Ulsan HD FC,34.0,189.0,75.0,Right,3.0,1.0,"Footwork, Far Reach",Men's Football,https://www.ea.com/games/ea-sports-fc/ratings/player-ratings/212432,77,72,62,78,51,73,52.0,50.0,12.0,18.0,47.0,14.0,18.0,19.0,61.0,11.0,15.0,28.0,23.0,19.0,12.0,31.0,53.0,73.0,18.0,63.0,17.0,16.0,29.0,18.0,16.0,52.0,29.0,33.0,19.0,77.0,72.0,62.0,73.0,78.0
South Korea,,DF,Bayern Munich,False,False,ea_fc26,220.0,Kim Min Jae,83,CB,,Korea Republic,Bundesliga,FC Bayern München,29.0,190.0,81.0,Right,3.0,2.0,"Power Header, Block, Intercept, Slide Tackle, Aerial",Men's Football,https://www.ea.com/games/ea-sports-fc/ratings/player-ratings/237086,76,33,57,63,85,83,74.0,78.0,48.0,23.0,51.0,37.0,24.0,30.0,57.0,35.0,23.0,75.0,64.0,36.0,57.0,65.0,65.0,82.0,68.0,66.0,85.0,81.0,84.0,87.0,85.0,84.0,76.0,86.0,84.0,13.0,7.0,11.0,14.0,11.0
South Korea,,DF,Daejeon Hana Citizen,False,False,ea_fc26,6856.0,Kim Moon Hwan,68,RB,,Korea Republic,K League 1,Daejeon Hana,30.0,173.0,64.0,Right,3.0,3.0,"Whipped Pass, Jockey, Relentless",Men's Football,https://www.ea.com/games/ea-sports-fc/ratings/player-ratings/244800,83,53,59,68,60,68,86.0,81.0,62.0,51.0,57.0,57.0,43.0,45.0,55.0,59.0,58.0,61.0,57.0,63.0,65.0,87.0,83.0,66.0,66.0,62.0,63.0,48.0,63.0,60.0,57.0,69.0,88.0,60.0,63.0,8.0,8.0,8.0,7.0,9.0
South Korea,,DF,Red Star Belgrade,False,False,ea_fc26,6856.0,Seo Min Woo,68,CM,CDM,Korea Republic,K League 1,Gimcheon Sangmu,28.0,184.0,75.0,Right,3.0,2.0,"Incisive Pass, Long Ball Pass, Intercept",Men's Football,https://www.ea.com/games/ea-sports-fc/ratings/player-ratings/255500,60,54,62,66,65,78,60.0,60.0,57.0,53.0,58.0,56.0,48.0,49.0,68.0,42.0,50.0,68.0,71.0,51.0,63.0,57.0,64.0,68.0,72.0,65.0,69.0,60.0,63.0,66.0,61.0,74.0,85.0,79.0,69.0,13.0,14.0,11.0,10.0,12.0
South Korea,,DF,Austria Wien,False,False,ea_fc26,16749.0,Lim Yoo Seok,54,CB,,Korea Republic,K League 1,Daejeon Hana,25.0,190.0,83.0,Left,3.0,2.0,,Men's Football,https://www.ea.com/games/ea-sports-fc/ratings/player-ratings/274428,55,21,36,34,53,64,49.0,59.0,26.0,16.0,32.0,19.0,22.0,33.0,26.0,26.0,26.0,50.0,38.0,27.0,30.0,46.0,45.0,46.0,32.0,43.0,48.0,52.0,54.0,56.0,52.0,57.0,60.0,70.0,56.0,13.0,15.0,8.0,10.0,15.0
South Korea,,DF,Zhejiang,False,False,ea_fc26,3509.0,Park Jin Seob,72,CB,"CDM, CM",Korea Republic,K League 1,Jeonbuk Hyundai,30.0,184.0,80.0,Right,3.0,2.0,"Long Ball Pass, Anticipate, Slide Tackle, Bruiser, Aerial",Men's Football,https://www.ea.com/games/ea-sports-fc/ratings/player-ratings/243673,69,54,59,63,71,83,67.0,70.0,57.0,47.0,66.0,58.0,45.0,49.0,60.0,48.0,43.0,64.0,70.0,42.0,61.0,57.0,56.0,64.0,69.0,56.0,68.0,72.0,72.0,72.0,66.0,85.0,84.0,86.0,74.0,8.0,10.0,6.0,5.0,15.0
South Korea,,DF,Kashima Antlers,False,False,ea_fc26,5881.0,Ko Jae Hyeon,69,RW,"RM, CM",Korea Republic,K League 1,Daegu FC,27.0,180.0,67.0,Right,3.0,4.0,Rapid,Men's Football,https://www.ea.com/games/ea-sports-fc/ratings/player-ratings/242924,86,66,56,71,35,70,85.0,86.0,72.0,68.0,66.0,61.0,66.0,57.0,63.0,57.0,56.0,56.0,47.0,60.0,72.0,82.0,74.0,68.0,66.0,64.0,41.0,42.0,37.0,31.0,23.0,66.0,84.0,65.0,67.0,13.0,6.0,15.0,14.0,8.0
South Korea,,DF,Midtjylland,False,False,ea_fc26,5881.0,Lee Han Beom,69,CB,,Korea Republic,3F Superliga,FC Midtjylland,23.0,190.0,84.0,Right,3.0,2.0,"Power Header, Block, Anticipate, Aerial",Men's Football,https://www.ea.com/games/ea-sports-fc/ratings/player-ratings/261062,61,28,50,57,69,73,60.0,62.0,33.0,30.0,31.0,19.0,24.0,39.0,52.0,26.0,24.0,64.0,62.0,27.0,55.0,50.0,55.0,62.0,63.0,55.0,65.0,71.0,71.0,70.0,67.0,88.0,59.0,80.0,67.0,7.0,14.0,5.0,6.0,15.0
South Korea,,DF,Borussia Mönchengladbach,False,False,ea_fc26,5019.0,Jens Castrop,70,CM,"RM, RB",Germany,Bundesliga 2,1. FC Nürnberg,22.0,178.0,76.0,Right,3.0,3.0,Rapid,Men's Football,https://www.ea.com/games/ea-sports-fc/ratings/player-ratings/264194,81,53,66,74,62,69,84.0,79.0,63.0,57.0,50.0,51.0,49.0,40.0,69.0,57.0,45.0,73.0,69.0,61.0,72.0,87.0,79.0,71.0,73.0,60.0,66.0,49.0,59.0,65.0,67.0,66.0,79.0,57.0,86.0,11.0,14.0,14.0,8.0,12.0
South Korea,,MF,Mainz 05,False,False,ea_fc26,1520.0,Lee Jae Sung,76,CAM,CM,Korea Republic,Bundesliga,1. FSV Mainz 05,33.0,181.0,74.0,Left,3.0,3.0,"Finesse Shot, Technical, Relentless",Men's Football,https://www.ea.com/games/ea-sports-fc/ratings/player-ratings/221671,69,71,72,81,59,61,74.0,64.0,77.0,71.0,71.0,73.0,72.0,50.0,75.0,68.0,54.0,76.0,70.0,71.0,80.0,85.0,82.0,77.0,81.0,78.0,65.0,74.0,53.0,59.0,52.0,70.0,85.0,48.0,62.0,14.0,7.0,15.0,6.0,8.0
South Korea,,MF,Wolverhampton Wanderers,False,False,ea_fc26,967.0,Hwang Hee Chan,78,ST,"LW, RW",Korea Republic,Premier League,Wolves,30.0,177.0,77.0,Right,4.0,4.0,,Men's Football,https://www.ea.com/games/ea-sports-fc/ratings/player-ratings/226380,84,77,70,78,39,74,88.0,81.0,81.0,79.0,78.0,73.0,79.0,72.0,76.0,68.0,52.0,73.0,67.0,63.0,78.0,87.0,76.0,80.0,76.0,81.0,37.0,68.0,39.0,36.0,25.0,84.0,77.0,74.0,68.0,11.0,7.0,10.0,11.0,15.0
South Korea,,MF,Paris Saint-Germain,False,False,ea_fc26,734.0,Lee Kang In,79,CAM,"CM, RW",Korea Republic,Ligue 1 McDonald's,Paris SG,25.0,173.0,66.0,Left,3.0,4.0,"Whipped Pass, Technical, Trivela",Men's Football,https://www.ea.com/games/ea-sports-fc/ratings/player-ratings/243780,74,74,80,82,50,66,75.0,74.0,78.0,75.0,78.0,69.0,75.0,70.0,80.0,79.0,77.0,80.0,79.0,82.0,82.0,85.0,87.0,76.0,82.0,81.0,53.0,65.0,45.0,51.0,42.0,71.0,73.0,59.0,72.0,11.0,12.0,12.0,8.0,14.0
South Korea,,MF,Birmingham City,False,False,ea_fc26,3509.0,Paik Seung Ho,72,CM,CDM,Korea Republic,EFL League One,Birmingham City,29.0,180.0,78.0,Right,5.0,3.0,"Tiki Taka, Press Proven",Men's Football,https://www.ea.com/games/ea-sports-fc/ratings/player-ratings/237424,68,67,70,73,64,75,72.0,64.0,65.0,63.0,74.0,72.0,65.0,68.0,72.0,61.0,72.0,73.0,70.0,66.0,73.0,77.0,81.0,67.0,72.0,70.0,67.0,53.0,65.0,67.0,58.0,71.0,89.0,73.0,63.0,5.0,12.0,6.0,15.0,10.0
South Korea,,MF,Stoke City,False,False,ea_fc26,4248.0,Bae Jun Ho,71,LM,"CAM, LW",Korea Republic,EFL Championship,Stoke City,22.0,178.0,70.0,Right,4.0,3.0,Technical,Men's Football,https://www.ea.com/games/ea-sports-fc/ratings/player-ratings/266774,71,61,68,73,36,55,70.0,71.0,67.0,61.0,63.0,60.0,50.0,54.0,72.0,67.0,46.0,71.0,66.0,58.0,74.0,72.0,77.0,69.0,72.0,69.0,25.0,38.0,34.0,41.0,43.0,48.0,72.0,48.0,54.0,8.0,6.0,8.0,7.0,10.0
South Korea,,MF,Swansea City,False,False,ea_fc26,3509.0,Eom Ji Sung,72,LM,LW,Korea Republic,EFL Championship,Swansea City,24.0,178.0,70.0,Right,3.0,3.0,"Finesse Shot, Rapid, Quick Step",Men's Football,https://www.ea.com/games/ea-sports-fc/ratings/player-ratings/260492,85,64,64,74,36,65,83.0,87.0,73.0,63.0,64.0,67.0,56.0,61.0,69.0,64.0,63.0,64.0,55.0,64.0,75.0,90.0,76.0,73.0,69.0,61.0,33.0,34.0,38.0,37.0,30.0,61.0,79.0,60.0,59.0,13.0,6.0,12.0,14.0,13.0
South Korea,,MF,Celtic,False,False,ea_fc26,5881.0,Yang Hyun Jun,69,RW,"LW, RM",Korea Republic,Scottish Prem,Celtic,24.0,176.0,69.0,Right,4.0,4.0,Technical,Men's Football,https://www.ea.com/games/ea-sports-fc/ratings/player-ratings/260397,73,64,66,74,35,66,71.0,75.0,62.0,62.0,70.0,62.0,60.0,62.0,69.0,67.0,59.0,68.0,57.0,66.0,74.0,87.0,79.0,70.0,72.0,62.0,24.0,49.0,35.0,35.0,40.0,63.0,74.0,61.0,67.0,6.0,9.0,12.0,15.0,11.0
South Korea,,FW,Los Angeles FC,True,False,ea_fc26,10049.0,Sim Sang Min,65,LB,,Korea Republic,K League 1,Ulsan HD FC,33.0,172.0,70.0,Left,3.0,3.0,,Men's Football,https://www.ea.com/games/ea-sports-fc/ratings/player-ratings/221567,76,46,60,62,57,71,77.0,75.0,57.0,47.0,45.0,46.0,34.0,42.0,58.0,65.0,39.0,62.0,58.0,58.0,59.0,77.0,74.0,58.0,61.0,60.0,57.0,43.0,60.0,58.0,60.0,63.0,84.0,66.0,67.0,9.0,13.0,13.0,7.0,13.0
South Korea,,FW,Midtjylland,False,False,ea_fc26,3509.0,Cho Gue Sung,72,ST,,Korea Republic,3F Superliga,FC Midtjylland,28.0,188.0,82.0,Right,5.0,3.0,"Power Shot, Power Header, Aerial",Men's Football,https://www.ea.com/games/ea-sports-fc/ratings/player-ratings/247686,78,71,52,68,30,79,75.0,80.0,72.0,74.0,71.0,64.0,66.0,70.0,53.0,42.0,44.0,63.0,42.0,58.0,67.0,80.0,58.0,73.0,69.0,58.0,23.0,72.0,30.0,23.0,20.0,87.0,79.0,83.0,69.0,13.0,9.0,10.0,11.0,5.0
South Korea,,FW,Beşiktaş,False,False,ea_fc26,5881.0,Oh Hyeon Gyu,69,ST,,Korea Republic,1A Pro League,KRC Genk,25.0,185.0,83.0,Right,3.0,3.0,,Men's Football,https://www.ea.com/games/ea-sports-fc/ratings/player-ratings/248712,76,68,53,65,43,80,72.0,80.0,69.0,69.0,75.0,62.0,62.0,64.0,55.0,48.0,41.0,60.0,45.0,53.0,62.0,71.0,74.0,66.0,66.0,55.0,29.0,72.0,38.0,47.0,43.0,80.0,71.0,84.0,80.0,10.0,6.0,10.0,10.0,11.0
Australia,1,GK,Levante,True,False,ea_fc26,967.0,Mathew Ryan,78,GK,,Australia,Serie A Enilive,AS Roma,34.0,182.0,82.0,Right,4.0,1.0,Far Throw,Men's Football,https://www.ea.com/games/ea-sports-fc/ratings/player-ratings/199005,76,78,80,79,52,77,52.0,52.0,15.0,14.0,60.0,18.0,17.0,26.0,68.0,25.0,15.0,48.0,48.0,28.0,18.0,55.0,51.0,69.0,32.0,64.0,20.0,12.0,14.0,21.0,22.0,74.0,35.0,64.0,34.0,76.0,78.0,80.0,77.0,79.0
Australia,3,DF,Parma,False,False,ea_fc26,2871.0,Alessandro Circati,73,CB,,Australia,Serie A Enilive,Parma,22.0,190.0,84.0,Right,3.0,2.0,Aerial,Men's Football,https://www.ea.com/games/ea-sports-fc/ratings/player-ratings/268913,61,35,53,49,74,74,59.0,63.0,25.0,24.0,52.0,41.0,45.0,36.0,45.0,42.0,39.0,63.0,65.0,41.0,42.0,36.0,55.0,72.0,58.0,55.0,75.0,72.0,73.0,76.0,73.0,79.0,64.0,80.0,72.0,11.0,12.0,7.0,5.0,13.0
Australia,4,DF,GAK,False,False,ea_fc26,13836.0,Jacob Italiano,61,LM,"RM, LB, LW",Australia,Ö. Bundesliga,Grazer AK,24.0,177.0,71.0,Right,2.0,3.0,,Men's Football,https://www.ea.com/games/ea-sports-fc/ratings/player-ratings/241552,75,55,56,67,46,45,79.0,71.0,51.0,53.0,68.0,51.0,50.0,50.0,49.0,55.0,48.0,60.0,56.0,63.0,68.0,79.0,77.0,50.0,66.0,56.0,41.0,36.0,39.0,57.0,49.0,45.0,55.0,42.0,40.0,7.0,7.0,9.0,10.0,5.0
Australia,5,DF,Feyenoord,False,False,ea_fc26,5881.0,Jordan Bos,69,LB,LM,Australia,1A Pro League,KVC Westerlo,23.0,180.0,70.0,Left,3.0,3.0,Rapid,Men's Football,https://www.ea.com/games/ea-sports-fc/ratings/player-ratings/260521,87,58,60,69,61,79,83.0,90.0,59.0,55.0,66.0,62.0,48.0,48.0,63.0,58.0,50.0,62.0,57.0,65.0,69.0,78.0,82.0,66.0,65.0,64.0,63.0,58.0,60.0,62.0,61.0,83.0,83.0,80.0,68.0,5.0,5.0,6.0,5.0,8.0
Australia,6,DF,Albirex Niigata,False,False,ea_fc26,8960.0,Jason Geria,66,RB,LB,Australia,A-League,Melb. Victory,33.0,184.0,75.0,Right,3.0,2.0,Long Throw,Men's Football,https://www.ea.com/games/ea-sports-fc/ratings/player-ratings/212511,72,37,54,59,62,80,73.0,72.0,49.0,32.0,48.0,34.0,39.0,34.0,50.0,55.0,26.0,60.0,57.0,38.0,56.0,62.0,49.0,59.0,65.0,57.0,61.0,61.0,60.0,63.0,65.0,82.0,82.0,83.0,68.0,9.0,10.0,13.0,11.0,11.0
Australia,7,FW,Melbourne City,False,False,ea_fc26,2871.0,Mathew Leckie,73,LM,"RM, CM, LW",Australia,A-League,Melbourne City,35.0,181.0,78.0,Right,4.0,3.0,"Incisive Pass, Technical, First Touch, Trivela",Men's Football,https://www.ea.com/games/ea-sports-fc/ratings/player-ratings/195033,82,68,68,75,63,78,79.0,84.0,71.0,68.0,73.0,65.0,68.0,64.0,70.0,65.0,59.0,70.0,66.0,69.0,74.0,76.0,81.0,73.0,75.0,71.0,63.0,69.0,59.0,66.0,63.0,85.0,75.0,81.0,74.0,8.0,10.0,8.0,6.0,10.0
Australia,8,MF,FC St. Pauli,False,False,ea_fc26,5881.0,Connor Metcalfe,69,CM,"CDM, RW",Australia,Bundesliga,FC St. Pauli,26.0,183.0,70.0,Left,4.0,3.0,,Men's Football,https://www.ea.com/games/ea-sports-fc/ratings/player-ratings/240648,76,60,66,70,62,76,75.0,77.0,65.0,61.0,63.0,58.0,49.0,50.0,68.0,61.0,50.0,71.0,68.0,54.0,69.0,73.0,76.0,71.0,70.0,69.0,67.0,55.0,61.0,62.0,58.0,76.0,78.0,76.0,72.0,6.0,14.0,12.0,12.0,11.0
Australia,9,FW,Norwich City,False,False,ea_fc26,11128.0,Mohamed Touré,64,ST,,Australia,3F Superliga,Randers FC,22.0,186.0,89.0,Right,3.0,4.0,"Rapid, Flair",Men's Football,https://www.ea.com/games/ea-sports-fc/ratings/player-ratings/255767,85,60,52,65,31,66,85.0,85.0,61.0,61.0,65.0,54.0,52.0,55.0,50.0,54.0,49.0,55.0,45.0,54.0,65.0,79.0,67.0,59.0,62.0,61.0,28.0,59.0,27.0,28.0,26.0,86.0,33.0,83.0,60.0,11.0,5.0,8.0,10.0,11.0
Australia,10,MF,Heracles Almelo,False,False,ea_fc26,5881.0,Ajdin Hrustić,69,CM,"CDM, RM",Australia,Serie BKT,Salernitana,29.0,180.0,78.0,Left,2.0,3.0,,Men's Football,https://www.ea.com/games/ea-sports-fc/ratings/player-ratings/237647,50,68,72,71,56,66,66.0,36.0,67.0,62.0,74.0,77.0,65.0,65.0,72.0,70.0,75.0,73.0,72.0,78.0,70.0,75.0,73.0,66.0,73.0,69.0,58.0,51.0,57.0,56.0,50.0,63.0,65.0,65.0,69.0,9.0,7.0,8.0,7.0,6.0
Australia,11,FW,Castellón,False,False,ea_fc26,6856.0,Awer Mabil,68,LM,"RM, LW",Australia,CSSL,GC Zürich,30.0,178.0,73.0,Right,3.0,3.0,Rapid,Men's Football,https://www.ea.com/games/ea-sports-fc/ratings/player-ratings/212830,86,63,62,69,34,61,88.0,84.0,64.0,59.0,70.0,62.0,63.0,72.0,65.0,66.0,60.0,61.0,54.0,72.0,69.0,82.0,69.0,57.0,68.0,61.0,35.0,50.0,34.0,33.0,20.0,69.0,69.0,56.0,59.0,16.0,12.0,18.0,13.0,12.0
Australia,12,GK,Randers,False,False,ea_fc26,5881.0,Paul Izzo,69,GK,,Australia,3F Superliga,Randers FC,31.0,185.0,81.0,Right,3.0,1.0,"Cross Claimer, Far Reach",Men's Football,https://www.ea.com/games/ea-sports-fc/ratings/player-ratings/204424,70,67,65,71,55,68,55.0,56.0,14.0,14.0,49.0,16.0,10.0,12.0,47.0,11.0,15.0,34.0,32.0,14.0,22.0,53.0,59.0,60.0,23.0,58.0,24.0,15.0,15.0,19.0,20.0,68.0,33.0,67.0,28.0,70.0,67.0,65.0,68.0,71.0
Australia,13,MF,New York City FC,False,False,ea_fc26,5019.0,Aiden O'Neill,70,CDM,CM,Australia,1A Pro League,Standard Liège,27.0,178.0,70.0,Right,3.0,3.0,Rapid,Men's Football,https://www.ea.com/games/ea-sports-fc/ratings/player-ratings/230888,76,61,65,69,66,78,74.0,78.0,59.0,59.0,67.0,65.0,58.0,53.0,65.0,54.0,53.0,71.0,69.0,60.0,66.0,79.0,80.0,68.0,67.0,69.0,66.0,58.0,64.0,69.0,67.0,77.0,82.0,77.0,75.0,10.0,15.0,7.0,12.0,9.0
Australia,14,MF,Heart of Midlothian,False,False,ea_fc26,3509.0,Cameron Devlin,72,CDM,CM,Australia,Scottish Prem,Hearts,27.0,171.0,78.0,Right,3.0,2.0,"Jockey, Slide Tackle, Press Proven, Relentless",Men's Football,https://www.ea.com/games/ea-sports-fc/ratings/player-ratings/246006,68,55,63,72,68,73,73.0,64.0,67.0,58.0,52.0,52.0,48.0,46.0,60.0,56.0,53.0,72.0,66.0,50.0,70.0,78.0,89.0,70.0,70.0,73.0,70.0,50.0,69.0,73.0,66.0,65.0,91.0,61.0,80.0,14.0,7.0,6.0,12.0,6.0
Australia,15,DF,New York City FC,False,False,ea_fc26,10049.0,Kai Trewin,65,CB,"LB, CDM",Australia,A-League,Melbourne City,25.0,178.0,72.0,Right,4.0,2.0,"Jockey, Block, Intercept, Slide Tackle",Men's Football,https://www.ea.com/games/ea-sports-fc/ratings/player-ratings/252700,66,43,56,58,64,77,64.0,68.0,46.0,39.0,52.0,45.0,37.0,44.0,57.0,43.0,41.0,62.0,62.0,53.0,55.0,67.0,67.0,64.0,56.0,62.0,64.0,58.0,64.0,65.0,64.0,73.0,85.0,78.0,64.0,14.0,15.0,8.0,12.0,13.0
Australia,16,DF,Melbourne City,False,False,ea_fc26,7904.0,Aziz Behich,67,LB,,Australia,A-League,Melbourne City,35.0,170.0,63.0,Left,4.0,3.0,Long Throw,Men's Football,https://www.ea.com/games/ea-sports-fc/ratings/player-ratings/202157,76,60,65,69,61,68,80.0,73.0,59.0,58.0,67.0,59.0,57.0,49.0,64.0,65.0,54.0,67.0,64.0,69.0,68.0,82.0,82.0,63.0,66.0,68.0,61.0,53.0,60.0,63.0,62.0,67.0,76.0,59.0,80.0,14.0,11.0,11.0,14.0,15.0
Australia,17,FW,Watford,False,False,ea_fc26,6856.0,Nestory Irankunda,68,RM,"LM, RW",Australia,Bundesliga,FC Bayern München,20.0,175.0,74.0,Right,3.0,3.0,"Power Shot, Rapid, Quick Step+",Men's Football,https://www.ea.com/games/ea-sports-fc/ratings/player-ratings/266245,94,70,61,70,43,73,95.0,94.0,58.0,67.0,88.0,70.0,56.0,59.0,64.0,62.0,70.0,58.0,57.0,65.0,68.0,92.0,93.0,68.0,63.0,63.0,42.0,58.0,33.0,47.0,49.0,86.0,58.0,78.0,78.0,8.0,10.0,12.0,7.0,8.0
Australia,18,GK,Melbourne City,False,False,ea_fc26,16290.0,Patrick Beach,56,GK,,Australia,A-League,Melbourne City,22.0,183.0,75.0,Right,2.0,1.0,,Men's Football,https://www.ea.com/games/ea-sports-fc/ratings/player-ratings/267599,57,53,54,59,31,53,29.0,33.0,4.0,5.0,41.0,7.0,8.0,11.0,22.0,11.0,14.0,16.0,28.0,14.0,12.0,34.0,45.0,48.0,19.0,39.0,7.0,14.0,7.0,10.0,13.0,38.0,23.0,41.0,22.0,57.0,53.0,54.0,53.0,59.0
Australia,19,DF,Leicester City,False,False,ea_fc26,4248.0,Harry Souttar,71,CB,,Australia,EFL Championship,Sheffield Utd,27.0,198.0,79.0,Right,3.0,2.0,Power Header,Men's Football,https://www.ea.com/games/ea-sports-fc/ratings/player-ratings/229901,46,28,51,55,70,78,40.0,51.0,26.0,25.0,33.0,26.0,23.0,40.0,49.0,24.0,31.0,68.0,66.0,26.0,52.0,52.0,30.0,66.0,62.0,64.0,71.0,73.0,69.0,71.0,69.0,77.0,64.0,89.0,70.0,12.0,12.0,12.0,15.0,13.0
Australia,20,FW,Sassuolo,False,False,ea_fc26,6856.0,Cristian Volpato,68,CAM,RW,Italy,Serie BKT,Sassuolo,22.0,187.0,78.0,Left,3.0,3.0,Flair,Men's Football,https://www.ea.com/games/ea-sports-fc/ratings/player-ratings/265761,61,64,67,70,39,60,61.0,61.0,67.0,60.0,76.0,65.0,54.0,57.0,71.0,62.0,56.0,68.0,68.0,65.0,74.0,54.0,55.0,65.0,75.0,64.0,28.0,49.0,45.0,36.0,42.0,59.0,65.0,63.0,47.0,11.0,8.0,8.0,13.0,8.0
Australia,21,DF,Swansea City,False,False,ea_fc26,3509.0,Cameron Burgess,72,CB,,Australia,Premier League,Ipswich,30.0,194.0,81.0,Left,3.0,2.0,"Long Ball Pass, Bruiser, Aerial",Men's Football,https://www.ea.com/games/ea-sports-fc/ratings/player-ratings/216744,51,37,56,54,72,80,50.0,52.0,55.0,38.0,45.0,26.0,23.0,43.0,54.0,40.0,30.0,69.0,67.0,37.0,45.0,45.0,55.0,67.0,65.0,69.0,70.0,72.0,72.0,73.0,71.0,79.0,74.0,86.0,72.0,9.0,13.0,14.0,15.0,7.0
Australia,22,MF,FC St. Pauli,False,False,ea_fc26,2309.0,Jackson Irvine,74,CM,CDM,Australia,Bundesliga,FC St. Pauli,33.0,189.0,70.0,Right,3.0,3.0,"Power Header, Pinged Pass, Relentless, Aerial",Men's Football,https://www.ea.com/games/ea-sports-fc/ratings/player-ratings/211378,64,68,70,70,72,79,64.0,64.0,73.0,67.0,73.0,68.0,58.0,55.0,74.0,64.0,58.0,73.0,70.0,63.0,69.0,64.0,59.0,75.0,74.0,72.0,73.0,80.0,66.0,74.0,72.0,83.0,90.0,75.0,76.0,7.0,13.0,11.0,9.0,11.0
Australia,23,FW,Melbourne Victory,False,False,ea_fc26,11128.0,Nishan Velupillay,64,LM,"RM, LW",Australia,A-League,Melb. Victory,25.0,181.0,77.0,Right,3.0,3.0,Quick Step,Men's Football,https://www.ea.com/games/ea-sports-fc/ratings/player-ratings/262039,92,54,55,68,34,56,93.0,92.0,53.0,59.0,60.0,45.0,41.0,44.0,53.0,58.0,34.0,61.0,48.0,45.0,68.0,93.0,67.0,47.0,66.0,51.0,35.0,39.0,32.0,35.0,29.0,68.0,45.0,67.0,38.0,8.0,10.0,5.0,11.0,15.0
Algeria,,GK,Granada,False,False,ea_fc26,5019.0,Luca Zidane,70,GK,,France,LALIGA HYPERMOTION,Granada CF,28.0,183.0,78.0,Right,3.0,1.0,"Far Throw, Footwork",Men's Football,https://www.ea.com/games/ea-sports-fc/ratings/player-ratings/240311,72,67,66,70,37,71,29.0,50.0,5.0,8.0,50.0,5.0,6.0,19.0,52.0,12.0,11.0,40.0,20.0,14.0,12.0,40.0,49.0,65.0,22.0,33.0,14.0,12.0,13.0,11.0,13.0,50.0,38.0,50.0,16.0,72.0,67.0,66.0,71.0,70.0
Algeria,,DF,Lille,False,False,ea_fc26,1520.0,Aïssa Mandi,76,CB,RB,Algeria,Ligue 1 McDonald's,LOSC Lille,34.0,184.0,78.0,Right,3.0,2.0,"Power Header, Slide Tackle",Men's Football,https://www.ea.com/games/ea-sports-fc/ratings/player-ratings/201143,59,46,71,67,77,72,64.0,55.0,65.0,41.0,52.0,49.0,49.0,35.0,68.0,69.0,49.0,76.0,75.0,67.0,64.0,67.0,64.0,75.0,71.0,74.0,75.0,78.0,75.0,79.0,78.0,83.0,60.0,76.0,76.0,15.0,16.0,9.0,10.0,14.0
Algeria,,DF,Borussia Dortmund,False,False,ea_fc26,967.0,Ramy Bensebaini,78,LB,CB,Algeria,Bundesliga,Borussia Dortmund,31.0,187.0,82.0,Left,4.0,3.0,"Slide Tackle, Bruiser",Men's Football,https://www.ea.com/games/ea-sports-fc/ratings/player-ratings/224196,75,70,70,75,78,77,71.0,79.0,66.0,72.0,70.0,65.0,57.0,85.0,63.0,73.0,62.0,75.0,68.0,67.0,78.0,67.0,67.0,76.0,75.0,75.0,75.0,77.0,72.0,85.0,80.0,86.0,71.0,78.0,80.0,6.0,13.0,14.0,7.0,14.0
Algeria,,DF,Manchester City,False,False,ea_fc26,734.0,Rayan Aït-Nouri,79,LB,LM,Algeria,Premier League,Wolves,24.0,180.0,70.0,Left,3.0,4.0,"Jockey, Technical, Flair",Men's Football,https://www.ea.com/games/ea-sports-fc/ratings/player-ratings/242641,84,52,73,82,73,70,85.0,84.0,72.0,50.0,61.0,48.0,48.0,42.0,70.0,75.0,58.0,76.0,72.0,72.0,84.0,81.0,77.0,78.0,82.0,74.0,74.0,63.0,73.0,76.0,75.0,77.0,79.0,65.0,69.0,15.0,11.0,8.0,14.0,12.0
Algeria,,DF,Young Boys,False,False,ea_fc26,6856.0,Jaouen Hadjam,68,LB,LM,Algeria,CSSL,BSC Young Boys,23.0,185.0,83.0,Left,3.0,3.0,,Men's Football,https://www.ea.com/games/ea-sports-fc/ratings/player-ratings/258230,75,52,59,68,65,71,72.0,77.0,58.0,47.0,61.0,52.0,48.0,52.0,60.0,63.0,45.0,63.0,52.0,51.0,69.0,71.0,65.0,61.0,67.0,62.0,64.0,52.0,66.0,68.0,66.0,71.0,71.0,74.0,65.0,6.0,13.0,8.0,13.0,6.0
Algeria,,DF,Hellas Verona,False,False,ea_fc26,10049.0,Rafik Belghali,65,RB,,Algeria,1A Pro League,KV Mechelen,23.0,186.0,73.0,Right,2.0,3.0,,Men's Football,https://www.ea.com/games/ea-sports-fc/ratings/player-ratings/276314,82,60,61,66,60,59,80.0,83.0,62.0,60.0,64.0,59.0,55.0,55.0,61.0,63.0,56.0,63.0,58.0,60.0,67.0,71.0,61.0,58.0,64.0,64.0,59.0,51.0,58.0,64.0,61.0,66.0,57.0,58.0,61.0,11.0,8.0,13.0,12.0,6.0
Algeria,,DF,JS Kabylie,False,False,ea_fc26,7904.0,Zineddine Belaïd,67,CB,,Algeria,1A Pro League,STVV,27.0,187.0,78.0,Right,3.0,2.0,,Men's Football,https://www.ea.com/games/ea-sports-fc/ratings/player-ratings/73455,63,28,56,54,68,67,62.0,64.0,30.0,25.0,36.0,24.0,24.0,42.0,45.0,55.0,28.0,66.0,65.0,38.0,50.0,50.0,56.0,64.0,58.0,64.0,66.0,72.0,66.0,70.0,66.0,75.0,62.0,68.0,67.0,8.0,11.0,5.0,10.0,9.0
Algeria,,DF,Paris FC,False,False,ea_fc26,7904.0,Samir Chergui,67,CB,CDM,France,Ligue 2 BKT,Paris FC,27.0,185.0,78.0,Right,2.0,2.0,,Men's Football,https://www.ea.com/games/ea-sports-fc/ratings/player-ratings/248477,52,43,62,63,68,63,57.0,47.0,52.0,42.0,47.0,44.0,30.0,40.0,60.0,58.0,43.0,68.0,66.0,41.0,61.0,68.0,66.0,66.0,63.0,64.0,66.0,63.0,67.0,70.0,69.0,70.0,37.0,73.0,67.0,7.0,9.0,11.0,10.0,12.0
Algeria,,MF,Lille,False,False,ea_fc26,967.0,Nabil Bentaleb,78,CDM,CM,Algeria,Ligue 1 McDonald's,LOSC Lille,31.0,187.0,78.0,Left,2.0,4.0,"Power Shot, Dead Ball, Pinged Pass, Long Ball Pass, Technical, Flair, Trivela",Men's Football,https://www.ea.com/games/ea-sports-fc/ratings/player-ratings/213296,52,72,77,79,71,75,55.0,50.0,65.0,65.0,83.0,78.0,68.0,83.0,81.0,65.0,71.0,83.0,79.0,70.0,80.0,70.0,69.0,76.0,82.0,80.0,73.0,57.0,72.0,74.0,67.0,69.0,74.0,76.0,77.0,9.0,10.0,16.0,9.0,15.0
Algeria,,MF,Twente,False,False,ea_fc26,1881.0,Ramiz Zerrouki,75,CDM,CM,Algeria,Eredivisie,,28.0,183.0,72.0,Right,2.0,3.0,"Long Ball Pass, Intercept",Men's Football,https://www.ea.com/games/ea-sports-fc/ratings/player-ratings/252383,61,65,72,73,68,80,69.0,54.0,65.0,58.0,76.0,74.0,58.0,57.0,71.0,59.0,67.0,78.0,78.0,64.0,73.0,73.0,72.0,68.0,73.0,73.0,71.0,52.0,70.0,69.0,68.0,71.0,83.0,79.0,82.0,6.0,11.0,14.0,12.0,6.0
Algeria,,MF,Nice,False,False,ea_fc26,1520.0,Hicham Boudaoui,76,CM,CDM,Algeria,Ligue 1 McDonald's,OGC Nice,26.0,175.0,61.0,Right,3.0,3.0,Technical,Men's Football,https://www.ea.com/games/ea-sports-fc/ratings/player-ratings/253157,75,65,73,77,74,74,74.0,75.0,73.0,68.0,65.0,64.0,51.0,54.0,73.0,68.0,58.0,77.0,74.0,77.0,77.0,79.0,77.0,77.0,78.0,73.0,72.0,73.0,72.0,76.0,75.0,79.0,86.0,67.0,75.0,7.0,6.0,7.0,13.0,8.0
Algeria,,MF,Eintracht Frankfurt,False,False,ea_fc26,1214.0,Farès Chaïbi,77,CAM,"LW, ST",Algeria,Bundesliga,Frankfurt,23.0,183.0,79.0,Right,3.0,4.0,"Finesse Shot, Technical",Men's Football,https://www.ea.com/games/ea-sports-fc/ratings/player-ratings/270670,75,70,77,77,68,73,74.0,75.0,75.0,76.0,70.0,64.0,52.0,61.0,78.0,77.0,68.0,79.0,76.0,77.0,79.0,72.0,71.0,76.0,78.0,73.0,69.0,65.0,67.0,69.0,68.0,76.0,80.0,71.0,68.0,10.0,13.0,12.0,12.0,11.0
Algeria,,MF,Al-Ittihad,False,False,ea_fc26,1881.0,Houssem Aouar,75,CM,CAM,Algeria,ROSHN Saudi League,Al Ittihad,27.0,175.0,70.0,Right,3.0,4.0,Technical,Men's Football,https://www.ea.com/games/ea-sports-fc/ratings/player-ratings/234906,64,68,75,79,64,63,65.0,64.0,72.0,66.0,69.0,71.0,68.0,74.0,78.0,65.0,70.0,79.0,76.0,80.0,80.0,78.0,81.0,75.0,80.0,75.0,68.0,59.0,66.0,64.0,58.0,65.0,66.0,60.0,68.0,14.0,6.0,11.0,7.0,10.0
Algeria,,MF,Bayer Leverkusen,False,False,ea_fc26,7904.0,Ibrahim Maza,67,CAM,CM,Germany,Bundesliga 2,Hertha BSC,20.0,180.0,70.0,Right,2.0,4.0,"Technical, Flair",Men's Football,https://www.ea.com/games/ea-sports-fc/ratings/player-ratings/275029,72,61,64,74,38,58,73.0,72.0,59.0,61.0,64.0,59.0,55.0,58.0,65.0,61.0,54.0,67.0,62.0,62.0,75.0,81.0,79.0,63.0,72.0,65.0,41.0,52.0,35.0,35.0,34.0,66.0,60.0,62.0,43.0,11.0,11.0,6.0,12.0,15.0
Algeria,,MF,Charleroi,False,False,ea_fc26,10049.0,Yacine Titraoui,65,CM,,Algeria,1A Pro League,Sp. Charleroi,22.0,170.0,65.0,Right,3.0,2.0,,Men's Football,https://www.ea.com/games/ea-sports-fc/ratings/player-ratings/73348,67,53,63,69,54,53,70.0,65.0,70.0,55.0,50.0,50.0,41.0,50.0,68.0,55.0,40.0,69.0,65.0,40.0,70.0,65.0,85.0,60.0,71.0,50.0,55.0,40.0,60.0,50.0,60.0,49.0,60.0,50.0,55.0,11.0,12.0,8.0,14.0,14.0
Algeria,,FW,Al-Ahli,True,False,ea_fc26,101.0,Riyad Mahrez,85,RM,RW,Algeria,ROSHN Saudi League,Al Ahli,35.0,179.0,67.0,Left,4.0,5.0,"Finesse Shot, Technical, Flair, First Touch",Men's Football,https://www.ea.com/games/ea-sports-fc/ratings/player-ratings/204485,79,81,81,88,39,62,83.0,76.0,83.0,81.0,82.0,82.0,76.0,73.0,83.0,81.0,80.0,83.0,75.0,85.0,88.0,91.0,90.0,82.0,90.0,81.0,39.0,56.0,45.0,34.0,22.0,71.0,79.0,58.0,48.0,15.0,9.0,13.0,11.0,6.0
Algeria,,FW,VfL Wolfsburg,False,False,ea_fc26,1881.0,Mohamed Amoura,75,ST,RM,Algeria,Bundesliga,VfL Wolfsburg,26.0,170.0,61.0,Right,3.0,3.0,"Chip Shot, Rapid, Quick Step",Men's Football,https://www.ea.com/games/ea-sports-fc/ratings/player-ratings/264697,93,77,62,77,46,55,94.0,92.0,77.0,80.0,79.0,74.0,73.0,66.0,60.0,61.0,50.0,65.0,64.0,68.0,74.0,92.0,93.0,76.0,74.0,75.0,34.0,63.0,45.0,48.0,53.0,75.0,71.0,41.0,66.0,9.0,7.0,11.0,9.0,9.0
Algeria,,FW,Marseille,False,False,ea_fc26,967.0,Amine Gouiri,78,LM,"ST, LW",Algeria,Ligue 1 McDonald's,Stade Rennais FC,26.0,181.0,80.0,Right,3.0,4.0,"Finesse Shot, Technical, Flair, Trivela",Men's Football,https://www.ea.com/games/ea-sports-fc/ratings/player-ratings/240753,77,80,75,79,45,71,80.0,74.0,81.0,79.0,81.0,81.0,77.0,78.0,76.0,74.0,76.0,78.0,69.0,78.0,81.0,76.0,72.0,76.0,80.0,78.0,44.0,68.0,45.0,41.0,32.0,80.0,72.0,73.0,61.0,6.0,12.0,8.0,9.0,7.0
Algeria,,FW,Feyenoord,False,False,ea_fc26,7904.0,Anis Hadj-Moussa,67,RW,"CAM, RM",Algeria,Eredivisie,,24.0,172.0,68.0,Left,3.0,4.0,,Men's Football,https://www.ea.com/games/ea-sports-fc/ratings/player-ratings/70726,75,50,61,77,29,54,76.0,74.0,57.0,51.0,58.0,41.0,44.0,48.0,60.0,59.0,62.0,63.0,55.0,66.0,80.0,86.0,80.0,67.0,74.0,58.0,21.0,35.0,29.0,29.0,36.0,56.0,66.0,55.0,35.0,7.0,5.0,15.0,12.0,6.0
Egypt,,FW,Liverpool,True,False,ea_fc26,22.0,Mohamed Salah,89,RW,RM,Egypt,Premier League,Liverpool,33.0,175.0,72.0,Left,3.0,4.0,"Chip Shot, Rapid, Trivela, Finesse Shot+",Men's Football,https://www.ea.com/games/ea-sports-fc/ratings/player-ratings/209331,89,87,82,88,45,75,89.0,89.0,92.0,90.0,82.0,84.0,83.0,81.0,85.0,80.0,69.0,86.0,77.0,84.0,88.0,89.0,91.0,93.0,86.0,88.0,55.0,59.0,38.0,43.0,41.0,79.0,87.0,73.0,63.0,14.0,14.0,9.0,11.0,14.0
Egypt,,FW,Manchester City,False,False,ea_fc26,734.0,Omar Marmoush,79,ST,LW,Egypt,Bundesliga,Frankfurt,27.0,183.0,81.0,Right,3.0,4.0,Technical,Men's Football,https://www.ea.com/games/ea-sports-fc/ratings/player-ratings/256675,89,78,66,83,32,71,86.0,91.0,82.0,80.0,79.0,77.0,72.0,70.0,74.0,49.0,63.0,78.0,54.0,66.0,83.0,90.0,82.0,76.0,82.0,79.0,34.0,67.0,26.0,30.0,21.0,80.0,75.0,68.0,70.0,11.0,13.0,15.0,8.0,11.0
Egypt,,FW,Oviedo,False,False,ea_fc26,5019.0,Haissem Hassan,70,RM,"LM, RW",France,LALIGA HYPERMOTION,R. Oviedo,24.0,178.0,71.0,Left,3.0,3.0,"Technical, Quick Step",Men's Football,https://www.ea.com/games/ea-sports-fc/ratings/player-ratings/245870,88,61,58,79,26,57,92.0,85.0,64.0,61.0,63.0,59.0,54.0,63.0,58.0,63.0,48.0,60.0,52.0,60.0,82.0,92.0,86.0,60.0,75.0,60.0,20.0,40.0,21.0,31.0,25.0,65.0,61.0,59.0,45.0,12.0,10.0,11.0,8.0,14.0
Norway,1,GK,Sevilla,False,False,ea_fc26,1520.0,Ørjan Nyland,76,GK,,Norway,LALIGA EA SPORTS,Sevilla FC,35.0,192.0,90.0,Right,4.0,1.0,Far Throw,Men's Football,https://www.ea.com/games/ea-sports-fc/ratings/player-ratings/185427,76,75,77,75,47,74,47.0,48.0,13.0,11.0,58.0,13.0,14.0,25.0,33.0,12.0,14.0,29.0,35.0,13.0,21.0,45.0,53.0,73.0,23.0,39.0,21.0,13.0,17.0,11.0,12.0,67.0,33.0,70.0,26.0,76.0,75.0,77.0,74.0,75.0
Norway,2,MF,Cremonese,False,False,ea_fc26,3509.0,Morten Thorsby,72,CM,,Norway,Serie A Enilive,Genoa,30.0,189.0,79.0,Right,3.0,2.0,"Power Header, Block, Slide Tackle",Men's Football,https://www.ea.com/games/ea-sports-fc/ratings/player-ratings/222475,55,62,69,71,72,78,62.0,50.0,71.0,62.0,69.0,60.0,55.0,49.0,69.0,68.0,48.0,73.0,72.0,56.0,70.0,64.0,66.0,74.0,74.0,73.0,73.0,83.0,68.0,73.0,66.0,84.0,83.0,73.0,81.0,13.0,14.0,10.0,7.0,13.0
Norway,3,DF,Brentford,False,False,ea_fc26,1520.0,Kristoffer Ajer,76,CB,RB,Norway,Premier League,Brentford,28.0,196.0,84.0,Right,3.0,3.0,"Slide Tackle, Aerial",Men's Football,https://www.ea.com/games/ea-sports-fc/ratings/player-ratings/224258,64,56,63,70,74,82,54.0,73.0,58.0,58.0,64.0,47.0,41.0,49.0,55.0,64.0,42.0,71.0,64.0,58.0,75.0,44.0,46.0,68.0,74.0,77.0,72.0,73.0,73.0,76.0,77.0,74.0,68.0,90.0,79.0,9.0,9.0,14.0,7.0,10.0
Norway,4,DF,Genoa,False,False,ea_fc26,3509.0,Leo Østigård,72,CB,,Norway,Ligue 1 McDonald's,Stade Rennais FC,26.0,182.0,80.0,Right,3.0,2.0,Power Header,Men's Football,https://www.ea.com/games/ea-sports-fc/ratings/player-ratings/238516,64,37,50,61,71,79,63.0,64.0,35.0,33.0,52.0,32.0,33.0,42.0,34.0,48.0,24.0,62.0,55.0,46.0,58.0,66.0,61.0,71.0,61.0,58.0,69.0,74.0,68.0,73.0,70.0,83.0,65.0,82.0,86.0,13.0,10.0,13.0,8.0,6.0
Norway,5,DF,Wolverhampton Wanderers,False,False,ea_fc26,5019.0,David Møller Wolfe,70,LB,,Norway,Eredivisie,,24.0,185.0,78.0,Left,2.0,2.0,Relentless,Men's Football,https://www.ea.com/games/ea-sports-fc/ratings/player-ratings/262135,77,52,59,68,65,72,75.0,78.0,56.0,52.0,56.0,50.0,47.0,48.0,53.0,66.0,43.0,63.0,57.0,53.0,67.0,67.0,65.0,66.0,72.0,57.0,65.0,58.0,64.0,67.0,65.0,75.0,78.0,72.0,65.0,8.0,9.0,14.0,10.0,11.0
Norway,6,MF,Bodø/Glimt,False,False,ea_fc26,1520.0,Patrick Berg,76,CDM,CM,Norway,Eliteserien,FK Bodø/Glimt,28.0,178.0,76.0,Right,2.0,3.0,"Intercept, Press Proven, Relentless, Trivela",Men's Football,https://www.ea.com/games/ea-sports-fc/ratings/player-ratings/222227,73,64,74,73,70,78,72.0,74.0,68.0,59.0,67.0,72.0,57.0,58.0,76.0,70.0,64.0,77.0,75.0,72.0,71.0,70.0,77.0,75.0,75.0,76.0,73.0,58.0,71.0,71.0,68.0,74.0,92.0,75.0,68.0,14.0,11.0,16.0,10.0,8.0
Norway,7,FW,Atlético Madrid,False,False,ea_fc26,320.0,Alexander Sørloth,82,ST,,Norway,LALIGA EA SPORTS,Atlético de Madrid,30.0,195.0,94.0,Left,4.0,3.0,"Rapid, Flair",Men's Football,https://www.ea.com/games/ea-sports-fc/ratings/player-ratings/216549,79,82,70,76,36,85,74.0,83.0,83.0,87.0,82.0,76.0,71.0,70.0,73.0,66.0,60.0,76.0,59.0,74.0,77.0,57.0,55.0,80.0,82.0,82.0,36.0,82.0,39.0,23.0,21.0,92.0,82.0,90.0,74.0,15.0,12.0,8.0,15.0,8.0
Norway,8,MF,Fulham,False,False,ea_fc26,1520.0,Sander Berge,76,CM,CDM,Norway,Premier League,Fulham,28.0,195.0,96.0,Right,3.0,3.0,Pinged Pass,Men's Football,https://www.ea.com/games/ea-sports-fc/ratings/player-ratings/228092,53,65,73,71,75,85,51.0,55.0,70.0,63.0,76.0,62.0,51.0,54.0,75.0,66.0,51.0,78.0,77.0,72.0,75.0,47.0,33.0,76.0,77.0,81.0,76.0,74.0,75.0,76.0,72.0,81.0,81.0,91.0,76.0,14.0,9.0,10.0,8.0,10.0
Norway,9,FW,Manchester City,False,False,ea_fc26,4.0,Erling Haaland,91,ST,,Norway,Premier League,Manchester City,25.0,195.0,94.0,Left,3.0,3.0,"Power Shot, Power Header, Bruiser, Press Proven, Acrobatic+",Men's Football,https://www.ea.com/games/ea-sports-fc/ratings/player-ratings/239085,88,92,70,81,45,88,80.0,94.0,96.0,96.0,94.0,83.0,90.0,90.0,74.0,58.0,62.0,77.0,66.0,77.0,79.0,77.0,69.0,94.0,83.0,87.0,43.0,83.0,38.0,47.0,29.0,92.0,76.0,93.0,88.0,7.0,14.0,13.0,11.0,7.0
Norway,10,MF,Arsenal,True,False,ea_fc26,12.0,Martin Ødegaard,89,CM,CAM,Norway,Premier League,Arsenal,27.0,178.0,68.0,Left,2.0,5.0,"Pinged Pass, Whipped Pass, Technical, Flair, First Touch, Trivela, Incisive Pass+",Men's Football,https://www.ea.com/games/ea-sports-fc/ratings/player-ratings/222665,70,82,89,89,67,66,72.0,69.0,84.0,83.0,82.0,84.0,79.0,68.0,91.0,86.0,85.0,91.0,89.0,84.0,89.0,85.0,83.0,91.0,91.0,87.0,69.0,55.0,68.0,72.0,57.0,66.0,88.0,56.0,64.0,14.0,15.0,15.0,8.0,10.0
Norway,11,FW,Crystal Palace,False,False,ea_fc26,1881.0,Jørgen Strand Larsen,75,ST,,Norway,Premier League,Wolves,26.0,194.0,79.0,Right,3.0,3.0,,Men's Football,https://www.ea.com/games/ea-sports-fc/ratings/player-ratings/238756,77,75,58,69,32,82,73.0,80.0,80.0,81.0,74.0,66.0,68.0,58.0,67.0,45.0,45.0,63.0,54.0,57.0,67.0,66.0,60.0,74.0,73.0,73.0,26.0,75.0,29.0,27.0,23.0,88.0,84.0,85.0,72.0,7.0,14.0,14.0,8.0,9.0
Norway,12,GK,Hamburger SV,False,False,ea_fc26,10049.0,Sander Tangvik,65,GK,,Norway,Eliteserien,Rosenborg BK,23.0,193.0,80.0,Right,2.0,1.0,Cross Claimer,Men's Football,https://www.ea.com/games/ea-sports-fc/ratings/player-ratings/257568,65,64,63,66,57,65,56.0,58.0,14.0,12.0,47.0,12.0,13.0,18.0,55.0,16.0,16.0,30.0,35.0,15.0,17.0,49.0,46.0,54.0,25.0,41.0,15.0,12.0,15.0,15.0,15.0,61.0,26.0,55.0,23.0,65.0,64.0,63.0,65.0,66.0
Norway,13,GK,Watford,False,False,ea_fc26,5881.0,Egil Selvik,69,GK,,Norway,Eliteserien,FK Haugesund,28.0,187.0,75.0,Left,2.0,1.0,"Footwork, Deflector",Men's Football,https://www.ea.com/games/ea-sports-fc/ratings/player-ratings/247611,69,68,66,69,19,68,20.0,18.0,6.0,5.0,50.0,6.0,8.0,19.0,48.0,10.0,13.0,42.0,38.0,13.0,7.0,35.0,34.0,62.0,17.0,45.0,7.0,11.0,6.0,11.0,13.0,48.0,22.0,52.0,26.0,69.0,68.0,66.0,68.0,69.0
Norway,14,MF,Benfica,False,False,ea_fc26,575.0,Fredrik Aursnes,80,RB,"LB, LM",Norway,Liga Portugal,SL Benfica,30.0,179.0,71.0,Right,3.0,3.0,"Intercept, Anticipate, Press Proven, Relentless",Men's Football,https://www.ea.com/games/ea-sports-fc/ratings/player-ratings/231913,76,66,77,80,76,81,75.0,76.0,78.0,65.0,69.0,66.0,59.0,66.0,78.0,76.0,63.0,79.0,79.0,72.0,77.0,82.0,77.0,83.0,82.0,82.0,76.0,65.0,78.0,79.0,75.0,79.0,92.0,77.0,80.0,12.0,14.0,14.0,8.0,13.0
Norway,15,DF,Bodø/Glimt,False,False,ea_fc26,2871.0,Fredrik Andre Bjørkan,73,LB,,Norway,Eliteserien,FK Bodø/Glimt,27.0,180.0,73.0,Left,2.0,3.0,"Rapid, Relentless",Men's Football,https://www.ea.com/games/ea-sports-fc/ratings/player-ratings/233800,80,53,64,72,66,75,81.0,80.0,64.0,53.0,58.0,47.0,48.0,44.0,63.0,67.0,43.0,67.0,63.0,64.0,73.0,76.0,76.0,68.0,71.0,67.0,67.0,58.0,67.0,68.0,67.0,76.0,91.0,70.0,65.0,9.0,13.0,10.0,12.0,9.0
Norway,16,DF,Torino,False,False,ea_fc26,2871.0,Marcus Holmgren Pedersen,73,RM,"LM, RB, RW",Norway,Serie A Enilive,Torino,25.0,183.0,76.0,Right,4.0,3.0,"Jockey, Rapid",Men's Football,https://www.ea.com/games/ea-sports-fc/ratings/player-ratings/243481,89,49,68,72,65,68,89.0,89.0,70.0,48.0,51.0,42.0,46.0,53.0,65.0,74.0,44.0,69.0,68.0,67.0,74.0,80.0,74.0,65.0,68.0,63.0,66.0,38.0,65.0,70.0,71.0,66.0,85.0,64.0,55.0,10.0,7.0,9.0,15.0,11.0
Norway,17,DF,Bologna,False,False,ea_fc26,10049.0,Torbjørn L. Heggem,65,CB,LB,Norway,EFL Championship,West Brom,27.0,192.0,73.0,Right,5.0,2.0,Aerial,Men's Football,https://www.ea.com/games/ea-sports-fc/ratings/player-ratings/248342,70,39,57,58,64,69,67.0,72.0,44.0,35.0,46.0,42.0,28.0,38.0,56.0,55.0,30.0,65.0,59.0,36.0,57.0,53.0,52.0,62.0,61.0,63.0,64.0,65.0,62.0,65.0,62.0,72.0,70.0,70.0,63.0,13.0,6.0,7.0,9.0,6.0
Norway,18,MF,Sassuolo,False,False,ea_fc26,2871.0,Kristian Thorstvedt,73,CM,"CAM, CDM",Norway,Serie BKT,Sassuolo,27.0,189.0,84.0,Left,4.0,3.0,"Finesse Shot, Slide Tackle",Men's Football,https://www.ea.com/games/ea-sports-fc/ratings/player-ratings/242725,57,71,73,72,67,79,54.0,60.0,70.0,69.0,78.0,73.0,65.0,62.0,69.0,68.0,67.0,78.0,74.0,70.0,76.0,64.0,36.0,70.0,76.0,71.0,67.0,72.0,63.0,69.0,63.0,79.0,76.0,83.0,73.0,13.0,8.0,10.0,6.0,12.0
Norway,19,MF,Rangers,False,False,ea_fc26,8960.0,Thelo Aasgaard,66,CAM,"LW, LM",Norway,EFL League One,Wigan Athletic,24.0,188.0,72.0,Right,4.0,3.0,"Finesse Shot, Flair",Men's Football,https://www.ea.com/games/ea-sports-fc/ratings/player-ratings/259185,65,65,64,67,43,61,62.0,67.0,66.0,64.0,70.0,67.0,64.0,52.0,66.0,58.0,63.0,66.0,61.0,66.0,66.0,71.0,79.0,65.0,65.0,66.0,44.0,59.0,40.0,40.0,40.0,66.0,64.0,66.0,44.0,8.0,11.0,7.0,11.0,6.0
Norway,20,MF,RB Leipzig,False,False,ea_fc26,3509.0,Antonio Nusa,72,LM,"LW, RM",Norway,Bundesliga,RB Leipzig,21.0,180.0,72.0,Right,4.0,4.0,"Technical, Flair, Quick Step",Men's Football,https://www.ea.com/games/ea-sports-fc/ratings/player-ratings/262863,89,64,65,79,41,59,92.0,87.0,62.0,61.0,72.0,65.0,59.0,54.0,67.0,67.0,58.0,65.0,58.0,72.0,80.0,91.0,87.0,60.0,78.0,68.0,32.0,45.0,37.0,47.0,53.0,68.0,59.0,59.0,57.0,12.0,14.0,14.0,9.0,10.0
Norway,21,MF,Benfica,False,False,ea_fc26,3509.0,Andreas Schjelderup,72,LW,"RW, CAM, LM",Norway,Liga Portugal,SL Benfica,22.0,176.0,68.0,Right,3.0,3.0,"Finesse Shot, Technical, Flair",Men's Football,https://www.ea.com/games/ea-sports-fc/ratings/player-ratings/260952,78,66,65,77,35,54,83.0,73.0,69.0,69.0,66.0,61.0,56.0,69.0,70.0,61.0,65.0,68.0,56.0,66.0,77.0,84.0,86.0,69.0,74.0,71.0,35.0,39.0,35.0,35.0,35.0,57.0,66.0,50.0,47.0,13.0,10.0,10.0,15.0,11.0
Norway,22,MF,Fulham,False,False,ea_fc26,3509.0,Oscar Bobb,72,RW,RM,Norway,Premier League,Manchester City,22.0,174.0,73.0,Left,3.0,4.0,"Incisive Pass, Technical",Men's Football,https://www.ea.com/games/ea-sports-fc/ratings/player-ratings/277295,80,62,71,79,33,41,84.0,76.0,64.0,64.0,66.0,54.0,55.0,63.0,72.0,60.0,58.0,79.0,73.0,67.0,81.0,81.0,80.0,62.0,79.0,68.0,24.0,48.0,32.0,34.0,31.0,46.0,50.0,34.0,44.0,11.0,12.0,9.0,15.0,8.0
Norway,23,MF,Bodø/Glimt,False,False,ea_fc26,4248.0,Jens Petter Hauge,71,LW,"RW, LM",Norway,Eliteserien,FK Bodø/Glimt,26.0,184.0,75.0,Right,3.0,4.0,"Finesse Shot, Technical, Flair",Men's Football,https://www.ea.com/games/ea-sports-fc/ratings/player-ratings/233848,78,67,65,74,40,64,83.0,74.0,69.0,68.0,69.0,66.0,56.0,65.0,68.0,66.0,54.0,65.0,60.0,66.0,75.0,80.0,76.0,66.0,73.0,62.0,39.0,49.0,43.0,37.0,32.0,70.0,75.0,67.0,42.0,9.0,7.0,14.0,9.0,8.0
Norway,24,DF,Derby County,False,False,ea_fc26,11128.0,Sondre Langås,64,CB,,Norway,Eliteserien,Viking FK,25.0,190.0,84.0,Right,3.0,2.0,"Jockey, Aerial",Men's Football,https://www.ea.com/games/ea-sports-fc/ratings/player-ratings/277305,78,37,51,59,63,73,76.0,80.0,33.0,30.0,47.0,43.0,30.0,37.0,37.0,56.0,33.0,57.0,56.0,53.0,57.0,69.0,56.0,60.0,58.0,57.0,62.0,64.0,61.0,64.0,62.0,82.0,72.0,77.0,64.0,13.0,9.0,5.0,6.0,14.0
Norway,26,DF,Borussia Dortmund,False,False,ea_fc26,734.0,Julian Ryerson,79,RB,LB,Norway,Bundesliga,Borussia Dortmund,28.0,183.0,82.0,Right,4.0,2.0,"Jockey, Relentless",Men's Football,https://www.ea.com/games/ea-sports-fc/ratings/player-ratings/229891,75,63,70,76,76,80,78.0,73.0,62.0,62.0,73.0,61.0,55.0,44.0,62.0,77.0,39.0,77.0,69.0,59.0,77.0,76.0,77.0,77.0,76.0,74.0,74.0,62.0,81.0,74.0,80.0,73.0,83.0,78.0,84.0,7.0,13.0,8.0,7.0,7.0
Ivory Coast,,GK,Çaykur Rizespor,False,False,ea_fc26,3509.0,Yahia Fofana,72,GK,,Côte d'Ivoire,Ligue 1 McDonald's,Angers SCO,25.0,194.0,89.0,Right,3.0,1.0,Cross Claimer,Men's Football,https://www.ea.com/games/ea-sports-fc/ratings/player-ratings/242179,74,69,69,74,41,71,40.0,43.0,4.0,5.0,52.0,6.0,6.0,11.0,30.0,11.0,10.0,15.0,24.0,11.0,7.0,35.0,29.0,68.0,12.0,22.0,10.0,14.0,11.0,11.0,14.0,68.0,26.0,77.0,25.0,74.0,69.0,69.0,71.0,74.0
Ivory Coast,,GK,Panathinaikos,False,False,ea_fc26,1520.0,Alban Lafont,76,GK,,France,Ligue 1 McDonald's,FC Nantes,27.0,196.0,90.0,Right,3.0,1.0,"Far Throw, Cross Claimer",Men's Football,https://www.ea.com/games/ea-sports-fc/ratings/player-ratings/231691,75,71,69,81,47,76,48.0,45.0,4.0,6.0,52.0,9.0,9.0,16.0,56.0,13.0,12.0,54.0,51.0,13.0,14.0,60.0,53.0,69.0,10.0,61.0,11.0,13.0,20.0,14.0,12.0,67.0,40.0,70.0,20.0,75.0,71.0,69.0,76.0,81.0
Ivory Coast,,GK,Charleroi,False,False,ea_fc26,8960.0,Mohamed Koné,66,GK,,Côte d'Ivoire,1A Pro League,Sp. Charleroi,24.0,186.0,78.0,Right,3.0,1.0,,Men's Football,https://www.ea.com/games/ea-sports-fc/ratings/player-ratings/263922,66,65,62,69,31,62,27.0,37.0,7.0,7.0,47.0,6.0,5.0,11.0,22.0,13.0,12.0,21.0,17.0,10.0,14.0,25.0,21.0,59.0,13.0,30.0,13.0,14.0,5.0,11.0,14.0,55.0,28.0,60.0,17.0,66.0,65.0,62.0,62.0,69.0
Ivory Coast,,DF,Atalanta,False,False,ea_fc26,456.0,Odilon Kossounou,81,CB,RB,Côte d'Ivoire,Serie A Enilive,Bergamo Calcio,25.0,191.0,82.0,Right,3.0,2.0,Block,Men's Football,https://www.ea.com/games/ea-sports-fc/ratings/player-ratings/246875,80,32,64,67,82,80,74.0,84.0,44.0,26.0,52.0,24.0,28.0,32.0,57.0,58.0,23.0,77.0,75.0,33.0,66.0,62.0,56.0,77.0,69.0,73.0,82.0,80.0,82.0,84.0,82.0,81.0,76.0,82.0,79.0,5.0,8.0,6.0,10.0,6.0
Ivory Coast,,DF,Galatasaray,False,False,ea_fc26,734.0,Wilfried Singo,79,CB,RB,Côte d'Ivoire,Ligue 1 McDonald's,AS Monaco,25.0,190.0,79.0,Right,2.0,3.0,"Power Header, Rapid",Men's Football,https://www.ea.com/games/ea-sports-fc/ratings/player-ratings/252802,77,57,70,73,77,83,70.0,83.0,66.0,55.0,72.0,51.0,50.0,46.0,64.0,73.0,40.0,75.0,70.0,67.0,74.0,66.0,60.0,79.0,74.0,75.0,75.0,77.0,74.0,80.0,78.0,87.0,78.0,85.0,84.0,11.0,6.0,7.0,13.0,7.0
Ivory Coast,,DF,Roma,False,False,ea_fc26,1214.0,Evan Ndicka,77,CB,,Côte d'Ivoire,Serie A Enilive,AS Roma,26.0,192.0,82.0,Left,3.0,2.0,"Block, Bruiser",Men's Football,https://www.ea.com/games/ea-sports-fc/ratings/player-ratings/236403,74,53,68,69,77,77,69.0,78.0,68.0,49.0,65.0,54.0,43.0,33.0,64.0,68.0,30.0,74.0,74.0,59.0,69.0,50.0,55.0,71.0,75.0,80.0,76.0,78.0,77.0,78.0,75.0,86.0,68.0,81.0,77.0,13.0,8.0,7.0,8.0,8.0
Ivory Coast,,DF,Beşiktaş,False,False,ea_fc26,1214.0,Emmanuel Agbadou,77,CB,,Côte d'Ivoire,Ligue 1 McDonald's,Stade de Reims,28.0,192.0,86.0,Right,3.0,2.0,"Power Header, Jockey, Block, Bruiser",Men's Football,https://www.ea.com/games/ea-sports-fc/ratings/player-ratings/258575,63,47,55,60,76,83,54.0,71.0,55.0,51.0,61.0,33.0,22.0,34.0,53.0,48.0,25.0,65.0,61.0,39.0,60.0,51.0,40.0,75.0,63.0,69.0,76.0,78.0,75.0,77.0,69.0,84.0,68.0,90.0,85.0,9.0,7.0,12.0,9.0,14.0
Ivory Coast,,DF,Strasbourg,False,False,ea_fc26,3509.0,Guéla Doué,72,RB,,Côte d'Ivoire,Ligue 1 McDonald's,Strasbourg,23.0,187.0,84.0,Right,3.0,3.0,,Men's Football,https://www.ea.com/games/ea-sports-fc/ratings/player-ratings/275208,71,40,63,70,72,71,68.0,74.0,59.0,30.0,62.0,33.0,41.0,45.0,62.0,62.0,32.0,70.0,63.0,59.0,71.0,65.0,61.0,69.0,72.0,72.0,72.0,69.0,70.0,74.0,71.0,78.0,67.0,76.0,64.0,11.0,14.0,11.0,14.0,9.0
Ivory Coast,,DF,Sporting CP,False,False,ea_fc26,967.0,Ousmane Diomande,78,CB,,Côte d'Ivoire,Liga Portugal,Sporting CP,22.0,190.0,86.0,Right,4.0,2.0,"Long Ball Pass, Jockey, Block, Bruiser",Men's Football,https://www.ea.com/games/ea-sports-fc/ratings/player-ratings/270531,80,26,53,73,77,83,78.0,82.0,24.0,20.0,40.0,22.0,24.0,39.0,38.0,28.0,24.0,74.0,76.0,25.0,71.0,63.0,71.0,78.0,77.0,74.0,72.0,74.0,76.0,81.0,78.0,89.0,76.0,86.0,83.0,8.0,6.0,15.0,6.0,6.0
Ivory Coast,,DF,İstanbul Başakşehir,False,False,ea_fc26,2309.0,Christopher Operi,74,LB,,Côte d'Ivoire,Ligue 1 McDonald's,Havre AC,29.0,183.0,78.0,Left,3.0,2.0,Whipped Pass,Men's Football,https://www.ea.com/games/ea-sports-fc/ratings/player-ratings/236629,77,61,69,72,68,71,74.0,80.0,61.0,48.0,79.0,71.0,67.0,60.0,66.0,74.0,60.0,71.0,61.0,74.0,72.0,69.0,64.0,72.0,74.0,72.0,67.0,66.0,68.0,70.0,70.0,75.0,80.0,69.0,66.0,12.0,11.0,9.0,14.0,15.0
Ivory Coast,,MF,Al-Ahli,True,False,ea_fc26,320.0,Franck Yannick Kessié,82,CDM,CM,Côte d'Ivoire,ROSHN Saudi League,Al Ahli,29.0,183.0,74.0,Right,4.0,3.0,"Power Shot, Relentless",Men's Football,https://www.ea.com/games/ea-sports-fc/ratings/player-ratings/230938,79,77,74,79,80,88,77.0,80.0,76.0,75.0,84.0,78.0,60.0,88.0,76.0,66.0,54.0,81.0,75.0,61.0,78.0,70.0,77.0,78.0,82.0,83.0,81.0,68.0,82.0,82.0,78.0,85.0,93.0,88.0,81.0,9.0,11.0,12.0,12.0,10.0
Ivory Coast,,MF,Maribor,False,False,ea_fc26,3509.0,Jean Michaël Seri,72,CDM,CM,Côte d'Ivoire,ROSHN Saudi League,Al Orobah,34.0,171.0,74.0,Right,3.0,3.0,"Incisive Pass, Tiki Taka, Flair, First Touch",Men's Football,https://www.ea.com/games/ea-sports-fc/ratings/player-ratings/216451,56,65,76,73,66,64,64.0,50.0,62.0,60.0,72.0,70.0,54.0,67.0,78.0,71.0,74.0,78.0,77.0,76.0,70.0,76.0,83.0,71.0,75.0,78.0,70.0,53.0,68.0,67.0,64.0,60.0,73.0,58.0,67.0,14.0,13.0,9.0,10.0,12.0
Ivory Coast,,MF,Nottingham Forest,False,False,ea_fc26,1214.0,Ibrahim Sangaré,77,CDM,CM,Côte d'Ivoire,Premier League,Nott'm Forest,28.0,191.0,77.0,Right,4.0,3.0,"Bruiser, Press Proven",Men's Football,https://www.ea.com/games/ea-sports-fc/ratings/player-ratings/235173,60,65,72,72,77,83,67.0,54.0,68.0,59.0,80.0,62.0,62.0,64.0,72.0,66.0,62.0,76.0,75.0,64.0,74.0,54.0,69.0,75.0,74.0,75.0,78.0,71.0,76.0,78.0,77.0,78.0,74.0,91.0,75.0,7.0,13.0,11.0,6.0,7.0
Ivory Coast,,MF,Porto,False,False,ea_fc26,575.0,Seko Fofana,80,CM,CDM,Côte d'Ivoire,ROSHN Saudi League,Al Ettifaq,31.0,185.0,74.0,Right,4.0,3.0,"Power Shot, Incisive Pass, Relentless",Men's Football,https://www.ea.com/games/ea-sports-fc/ratings/player-ratings/216320,71,77,76,78,73,86,71.0,71.0,78.0,74.0,83.0,84.0,68.0,56.0,79.0,62.0,62.0,82.0,80.0,72.0,80.0,69.0,62.0,80.0,79.0,77.0,79.0,58.0,68.0,80.0,71.0,79.0,89.0,88.0,79.0,9.0,8.0,9.0,11.0,10.0
Ivory Coast,,MF,Trabzonspor,False,False,ea_fc26,8960.0,Christian Kouan Oulaï,66,CAM,CM,Côte d'Ivoire,Serie BKT,Cosenza,26.0,178.0,74.0,Right,3.0,3.0,,Men's Football,https://www.ea.com/games/ea-sports-fc/ratings/player-ratings/242204,71,64,64,69,62,76,70.0,71.0,64.0,63.0,71.0,64.0,55.0,60.0,64.0,64.0,59.0,66.0,61.0,63.0,68.0,74.0,76.0,70.0,68.0,62.0,68.0,71.0,61.0,58.0,56.0,80.0,81.0,71.0,80.0,8.0,5.0,11.0,8.0,9.0
Ivory Coast,,MF,Charleroi,False,False,ea_fc26,5881.0,Parfait Guiagon,69,RM,"RW, LM",Côte d'Ivoire,1A Pro League,Sp. Charleroi,25.0,169.0,65.0,Right,3.0,3.0,,Men's Football,https://www.ea.com/games/ea-sports-fc/ratings/player-ratings/277975,73,64,65,74,26,55,76.0,70.0,65.0,68.0,61.0,60.0,60.0,57.0,68.0,65.0,60.0,68.0,56.0,57.0,76.0,78.0,85.0,61.0,70.0,67.0,26.0,44.0,28.0,20.0,22.0,60.0,63.0,58.0,36.0,10.0,6.0,7.0,11.0,14.0
Ivory Coast,,FW,Villarreal,False,False,ea_fc26,967.0,Nicolas Pépé,78,RM,"RW, ST",Côte d'Ivoire,LALIGA EA SPORTS,Villarreal CF,31.0,183.0,73.0,Left,2.0,4.0,"Finesse Shot, Technical, Flair",Men's Football,https://www.ea.com/games/ea-sports-fc/ratings/player-ratings/226110,87,76,74,81,36,64,87.0,87.0,76.0,75.0,80.0,74.0,70.0,85.0,74.0,75.0,79.0,75.0,66.0,81.0,82.0,90.0,75.0,74.0,80.0,75.0,33.0,57.0,36.0,34.0,30.0,77.0,65.0,70.0,43.0,11.0,14.0,11.0,6.0,8.0
Ivory Coast,,FW,Cercle Brugge,False,False,ea_fc26,3509.0,Oumar Diakité,72,ST,,Côte d'Ivoire,Ligue 1 McDonald's,Stade de Reims,22.0,182.0,75.0,Right,3.0,2.0,,Men's Football,https://www.ea.com/games/ea-sports-fc/ratings/player-ratings/277178,79,71,57,70,21,69,77.0,80.0,72.0,72.0,75.0,66.0,66.0,66.0,58.0,58.0,46.0,63.0,44.0,59.0,71.0,68.0,68.0,69.0,70.0,68.0,15.0,70.0,13.0,19.0,12.0,81.0,59.0,74.0,66.0,12.0,11.0,8.0,12.0,14.0
Ivory Coast,,FW,Monaco,False,False,ea_fc26,1520.0,Simon Adingra,76,RM,"LM, RW",Côte d'Ivoire,Premier League,Brighton,24.0,175.0,68.0,Right,3.0,3.0,"Technical, Flair",Men's Football,https://www.ea.com/games/ea-sports-fc/ratings/player-ratings/260779,88,70,69,80,30,52,90.0,87.0,70.0,72.0,73.0,67.0,68.0,60.0,73.0,70.0,53.0,72.0,63.0,65.0,81.0,88.0,85.0,72.0,77.0,80.0,27.0,32.0,30.0,32.0,30.0,56.0,70.0,45.0,47.0,8.0,13.0,6.0,14.0,10.0
Ivory Coast,,FW,Crystal Palace,False,False,ea_fc26,2309.0,Evann Guessand,74,ST,,Côte d'Ivoire,Ligue 1 McDonald's,OGC Nice,24.0,188.0,79.0,Right,3.0,3.0,Rapid,Men's Football,https://www.ea.com/games/ea-sports-fc/ratings/player-ratings/258444,80,72,56,70,27,70,73.0,85.0,75.0,74.0,75.0,69.0,70.0,61.0,56.0,48.0,49.0,66.0,47.0,56.0,70.0,66.0,58.0,70.0,73.0,72.0,15.0,75.0,28.0,21.0,18.0,85.0,61.0,77.0,58.0,7.0,10.0,7.0,6.0,5.0
Ivory Coast,,FW,Manchester United,False,False,ea_fc26,1881.0,Amad Diallo,75,RM,"CAM, RW",Côte d'Ivoire,Premier League,Man Utd,23.0,173.0,67.0,Left,4.0,4.0,"Technical, Flair",Men's Football,https://www.ea.com/games/ea-sports-fc/ratings/player-ratings/254088,85,71,68,80,25,50,88.0,82.0,74.0,74.0,74.0,69.0,54.0,63.0,71.0,68.0,60.0,69.0,60.0,71.0,79.0,92.0,87.0,69.0,80.0,69.0,22.0,48.0,19.0,25.0,22.0,61.0,65.0,45.0,42.0,13.0,15.0,8.0,11.0,6.0
Ivory Coast,,FW,TSG Hoffenheim,False,False,ea_fc26,11128.0,Ben Hamed Touré,64,ST,,Côte d'Ivoire,Ligue 2 BKT,AC Ajaccio,22.0,185.0,75.0,Right,3.0,2.0,,Men's Football,https://www.ea.com/games/ea-sports-fc/ratings/player-ratings/275517,60,65,51,62,26,61,59.0,60.0,65.0,65.0,67.0,63.0,59.0,62.0,48.0,46.0,38.0,58.0,49.0,45.0,63.0,57.0,59.0,60.0,64.0,61.0,22.0,66.0,18.0,26.0,17.0,67.0,58.0,64.0,54.0,8.0,14.0,9.0,10.0,11.0
Ivory Coast,,FW,Nice,False,False,ea_fc26,1214.0,Elye Wahi,77,ST,,France,Ligue 1 McDonald's,OM,23.0,181.0,77.0,Right,4.0,4.0,"Technical, Flair, Quick Step, Trivela, Acrobatic+",Men's Football,https://www.ea.com/games/ea-sports-fc/ratings/player-ratings/260407,84,79,67,79,31,67,84.0,84.0,78.0,81.0,80.0,76.0,86.0,66.0,68.0,64.0,60.0,72.0,60.0,66.0,79.0,80.0,82.0,75.0,78.0,77.0,28.0,67.0,25.0,29.0,23.0,80.0,70.0,69.0,57.0,13.0,7.0,5.0,12.0,14.0
Congo DR,,GK,Le Havre,False,False,ea_fc26,6856.0,Lionel Mpasi,68,GK,,Congo DR,Ligue 2 BKT,Rodez AF,31.0,182.0,78.0,Right,3.0,1.0,"Far Throw, Deflector",Men's Football,https://www.ea.com/games/ea-sports-fc/ratings/player-ratings/223150,69,67,67,67,45,66,45.0,46.0,19.0,19.0,50.0,18.0,12.0,32.0,35.0,17.0,21.0,39.0,37.0,25.0,26.0,35.0,58.0,66.0,29.0,40.0,18.0,21.0,15.0,12.0,12.0,66.0,21.0,68.0,21.0,69.0,67.0,67.0,66.0,67.0
Congo DR,,GK,Noah,False,False,ea_fc26,7904.0,Timothy Fayulu,67,GK,,Congo DR,CSSL,FC Sion,26.0,192.0,84.0,Right,3.0,1.0,"Footwork, Cross Claimer",Men's Football,https://www.ea.com/games/ea-sports-fc/ratings/player-ratings/248858,68,66,62,69,25,65,23.0,29.0,8.0,6.0,47.0,6.0,5.0,10.0,42.0,12.0,13.0,26.0,26.0,11.0,5.0,32.0,24.0,64.0,15.0,30.0,8.0,14.0,20.0,13.0,14.0,52.0,21.0,56.0,17.0,68.0,66.0,62.0,65.0,69.0
Congo DR,,GK,Standard Liège,False,False,ea_fc26,11128.0,Matthieu Epolo,64,GK,,Belgium,1A Pro League,Standard Liège,21.0,184.0,77.0,Right,2.0,1.0,,Men's Football,https://www.ea.com/games/ea-sports-fc/ratings/player-ratings/262265,66,65,59,66,32,59,35.0,28.0,4.0,6.0,44.0,5.0,6.0,11.0,31.0,11.0,8.0,23.0,20.0,9.0,5.0,44.0,44.0,57.0,10.0,27.0,11.0,12.0,7.0,11.0,9.0,54.0,16.0,55.0,17.0,66.0,65.0,59.0,59.0,66.0
Congo DR,,DF,Lille,True,False,ea_fc26,734.0,Chancel Mbemba,79,CB,,Congo DR,Ligue 1 McDonald's,OM,31.0,182.0,81.0,Right,3.0,2.0,"Long Ball Pass, Intercept, Aerial",Men's Football,https://www.ea.com/games/ea-sports-fc/ratings/player-ratings/210897,73,57,65,68,80,81,70.0,75.0,64.0,55.0,76.0,49.0,37.0,41.0,63.0,64.0,28.0,74.0,68.0,39.0,65.0,66.0,64.0,77.0,72.0,73.0,78.0,79.0,79.0,82.0,80.0,86.0,77.0,82.0,81.0,9.0,14.0,16.0,7.0,7.0
Congo DR,,DF,Lens,False,False,ea_fc26,1520.0,Arthur Masuaku,76,LB,,Congo DR,Trendyol Süper Lig,Beşiktaş,32.0,179.0,80.0,Left,2.0,4.0,"Whipped Pass, Bruiser",Men's Football,https://www.ea.com/games/ea-sports-fc/ratings/player-ratings/212491,78,61,73,78,70,79,77.0,78.0,65.0,52.0,74.0,72.0,61.0,49.0,70.0,76.0,63.0,75.0,73.0,75.0,80.0,77.0,79.0,73.0,77.0,76.0,69.0,63.0,67.0,74.0,73.0,75.0,80.0,81.0,74.0,8.0,7.0,10.0,7.0,7.0
Congo DR,,DF,Aris Limassol,False,False,ea_fc26,3509.0,Gédéon Kalulu,72,RB,RM,Congo DR,Ligue 2 BKT,FC Lorient,28.0,176.0,74.0,Right,3.0,2.0,,Men's Football,https://www.ea.com/games/ea-sports-fc/ratings/player-ratings/238391,81,40,58,70,71,76,79.0,82.0,43.0,35.0,50.0,42.0,27.0,41.0,51.0,59.0,38.0,68.0,55.0,46.0,69.0,79.0,74.0,69.0,68.0,69.0,69.0,65.0,73.0,72.0,68.0,83.0,74.0,79.0,71.0,10.0,15.0,7.0,14.0,8.0
Congo DR,,DF,Genk,False,False,ea_fc26,2871.0,Joris Kayembe,73,LB,"LM, CB",Congo DR,1A Pro League,KRC Genk,31.0,180.0,73.0,Left,4.0,3.0,Rapid,Men's Football,https://www.ea.com/games/ea-sports-fc/ratings/player-ratings/222875,79,60,68,73,66,73,76.0,82.0,67.0,58.0,66.0,63.0,55.0,41.0,72.0,73.0,44.0,68.0,66.0,62.0,74.0,71.0,68.0,71.0,74.0,71.0,67.0,62.0,64.0,69.0,68.0,77.0,80.0,71.0,68.0,9.0,8.0,11.0,16.0,14.0
Congo DR,,DF,AEL,False,False,ea_fc26,4248.0,Dylan Batubinsika,71,CB,,Congo DR,Ligue 1 McDonald's,AS Saint-Étienne,30.0,188.0,84.0,Right,3.0,2.0,,Men's Football,https://www.ea.com/games/ea-sports-fc/ratings/player-ratings/239814,68,28,52,54,69,78,65.0,70.0,24.0,21.0,50.0,23.0,20.0,31.0,54.0,35.0,28.0,63.0,61.0,22.0,50.0,52.0,55.0,64.0,59.0,61.0,66.0,72.0,68.0,70.0,68.0,84.0,64.0,84.0,80.0,15.0,14.0,8.0,13.0,10.0
Congo DR,,DF,Burnley,False,False,ea_fc26,2871.0,Axel Tuanzebe,73,CB,RB,England,Premier League,Ipswich,28.0,185.0,75.0,Right,3.0,3.0,,Men's Football,https://www.ea.com/games/ea-sports-fc/ratings/player-ratings/231485,80,36,62,68,72,70,72.0,87.0,52.0,26.0,53.0,34.0,41.0,50.0,61.0,52.0,37.0,71.0,69.0,45.0,66.0,66.0,66.0,73.0,68.0,77.0,72.0,70.0,73.0,72.0,71.0,79.0,55.0,75.0,75.0,5.0,8.0,5.0,13.0,12.0
Congo DR,,DF,West Ham United,False,False,ea_fc26,734.0,Aaron Wan-Bissaka,79,RB,,England,Premier League,West Ham,28.0,183.0,72.0,Right,2.0,3.0,"Block, Anticipate, Rapid, Slide Tackle+",Men's Football,https://www.ea.com/games/ea-sports-fc/ratings/player-ratings/229880,82,51,68,77,77,72,78.0,85.0,71.0,44.0,70.0,44.0,43.0,44.0,65.0,70.0,45.0,74.0,58.0,73.0,79.0,78.0,70.0,77.0,73.0,78.0,81.0,50.0,77.0,80.0,88.0,72.0,73.0,71.0,73.0,9.0,8.0,6.0,8.0,8.0
Congo DR,,DF,Widzew Łódź,False,False,ea_fc26,8960.0,Steve Kapuadi,66,CB,,France,PKO BP Ekstraklasa,Legia Warszawa,28.0,196.0,88.0,Left,2.0,2.0,Aerial,Men's Football,https://www.ea.com/games/ea-sports-fc/ratings/player-ratings/269507,60,25,40,36,65,78,63.0,57.0,25.0,24.0,33.0,17.0,20.0,35.0,31.0,23.0,25.0,57.0,44.0,23.0,21.0,34.0,32.0,58.0,54.0,54.0,64.0,60.0,66.0,67.0,66.0,79.0,68.0,90.0,62.0,10.0,13.0,12.0,13.0,10.0
Congo DR,,MF,Watford,False,False,ea_fc26,4248.0,Edo Kayembe,71,CDM,CM,Congo DR,EFL Championship,Watford,27.0,183.0,82.0,Left,2.0,3.0,,Men's Football,https://www.ea.com/games/ea-sports-fc/ratings/player-ratings/242217,72,63,67,68,67,78,70.0,73.0,55.0,55.0,80.0,70.0,56.0,53.0,69.0,53.0,55.0,74.0,71.0,57.0,68.0,63.0,71.0,66.0,69.0,66.0,69.0,64.0,64.0,69.0,67.0,78.0,79.0,80.0,72.0,10.0,9.0,12.0,10.0,5.0
Congo DR,,MF,Espanyol,False,False,ea_fc26,5019.0,Charles Pickel,70,CDM,CM,Congo DR,Serie BKT,Cremonese,29.0,184.0,76.0,Right,3.0,2.0,"Anticipate, Relentless",Men's Football,https://www.ea.com/games/ea-sports-fc/ratings/player-ratings/233884,63,57,65,68,65,81,64.0,62.0,62.0,53.0,65.0,56.0,59.0,59.0,66.0,59.0,50.0,70.0,67.0,59.0,67.0,67.0,67.0,69.0,68.0,70.0,68.0,70.0,62.0,66.0,59.0,78.0,92.0,80.0,71.0,10.0,7.0,15.0,13.0,8.0
Congo DR,,MF,Sunderland,False,False,ea_fc26,7904.0,Noah Sadiki,67,CDM,"CM, RB",Congo DR,1A Pro League,R. Union St.-G.,21.0,183.0,74.0,Right,3.0,2.0,,Men's Football,https://www.ea.com/games/ea-sports-fc/ratings/player-ratings/269230,73,38,59,68,65,67,74.0,73.0,40.0,35.0,48.0,38.0,31.0,26.0,57.0,55.0,33.0,69.0,63.0,32.0,67.0,72.0,74.0,65.0,68.0,59.0,64.0,63.0,63.0,67.0,65.0,73.0,65.0,64.0,74.0,13.0,9.0,8.0,13.0,13.0
Congo DR,,MF,Lille,False,False,ea_fc26,6856.0,Ngal'ayel Mukau,68,CDM,CM,Congo DR,Ligue 1 McDonald's,LOSC Lille,21.0,188.0,72.0,Left,2.0,2.0,,Men's Football,https://www.ea.com/games/ea-sports-fc/ratings/player-ratings/274447,64,40,57,65,68,65,65.0,64.0,42.0,32.0,58.0,42.0,32.0,40.0,52.0,39.0,38.0,72.0,62.0,39.0,64.0,62.0,73.0,62.0,68.0,58.0,69.0,66.0,69.0,69.0,66.0,68.0,64.0,60.0,79.0,9.0,8.0,10.0,13.0,12.0
Congo DR,,MF,Castellón,False,False,ea_fc26,8960.0,Brian Cipenga,66,LW,"RW, LM",Congo DR,LALIGA HYPERMOTION,CD Castellón,28.0,172.0,70.0,Right,3.0,4.0,,Men's Football,https://www.ea.com/games/ea-sports-fc/ratings/player-ratings/73317,83,59,59,69,33,65,84.0,83.0,58.0,60.0,58.0,57.0,60.0,52.0,59.0,62.0,50.0,60.0,58.0,56.0,69.0,80.0,78.0,69.0,66.0,56.0,33.0,45.0,30.0,33.0,34.0,68.0,75.0,63.0,59.0,8.0,11.0,9.0,8.0,13.0
Congo DR,,FW,Real Betis,False,False,ea_fc26,1881.0,Cédric Bakambu,75,ST,,Congo DR,LALIGA EA SPORTS,Real Betis,35.0,182.0,73.0,Right,3.0,3.0,,Men's Football,https://www.ea.com/games/ea-sports-fc/ratings/player-ratings/198951,77,74,66,72,36,62,76.0,77.0,81.0,75.0,76.0,68.0,77.0,76.0,63.0,70.0,57.0,70.0,58.0,66.0,72.0,75.0,68.0,73.0,73.0,66.0,39.0,75.0,32.0,29.0,21.0,82.0,61.0,69.0,42.0,6.0,13.0,6.0,14.0,6.0
Congo DR,,FW,Alanyaspor,False,False,ea_fc26,2309.0,Meschack Elia,74,ST,"RM, LM",Congo DR,CSSL,BSC Young Boys,28.0,173.0,67.0,Right,4.0,3.0,Rapid,Men's Football,https://www.ea.com/games/ea-sports-fc/ratings/player-ratings/251532,92,72,67,78,26,71,93.0,92.0,76.0,76.0,73.0,65.0,65.0,60.0,72.0,66.0,52.0,70.0,64.0,53.0,77.0,90.0,87.0,69.0,78.0,72.0,21.0,54.0,22.0,26.0,22.0,79.0,80.0,71.0,58.0,6.0,15.0,7.0,11.0,8.0
Congo DR,,FW,Newcastle United,False,False,ea_fc26,734.0,Yoane Wissa,79,LW,"ST, LM",Congo DR,Premier League,Brentford,29.0,176.0,74.0,Right,3.0,3.0,"Rapid, Acrobatic",Men's Football,https://www.ea.com/games/ea-sports-fc/ratings/player-ratings/234824,85,79,70,79,29,71,83.0,87.0,79.0,81.0,76.0,76.0,80.0,79.0,72.0,72.0,54.0,76.0,61.0,57.0,80.0,83.0,73.0,76.0,80.0,74.0,31.0,66.0,25.0,24.0,19.0,78.0,78.0,68.0,67.0,14.0,7.0,6.0,8.0,15.0
Congo DR,,FW,Montpellier,False,False,ea_fc26,4248.0,Nathanaël Mbuku,71,RM,"ST, RW",France,Liga Hrvatska,Dinamo Zagreb,24.0,170.0,68.0,Left,2.0,4.0,,Men's Football,https://www.ea.com/games/ea-sports-fc/ratings/player-ratings/253036,77,64,69,75,35,53,80.0,75.0,68.0,62.0,71.0,58.0,64.0,64.0,70.0,65.0,56.0,73.0,66.0,66.0,75.0,87.0,90.0,63.0,71.0,69.0,29.0,50.0,32.0,36.0,35.0,63.0,60.0,51.0,48.0,14.0,8.0,12.0,8.0,8.0
Congo DR,,FW,Al-Jazira,False,False,ea_fc26,575.0,Simon Banza,80,ST,,Congo DR,Trendyol Süper Lig,Trabzonspor,29.0,189.0,77.0,Right,3.0,3.0,"Press Proven, Acrobatic, Aerial",Men's Football,https://www.ea.com/games/ea-sports-fc/ratings/player-ratings/231652,75,80,56,76,36,77,73.0,76.0,82.0,83.0,80.0,74.0,76.0,70.0,64.0,36.0,52.0,65.0,52.0,54.0,75.0,71.0,66.0,80.0,82.0,73.0,30.0,84.0,42.0,23.0,18.0,90.0,73.0,81.0,67.0,8.0,7.0,9.0,5.0,6.0
Sweden,1,GK,Derby County,False,False,ea_fc26,4248.0,Jacob Widell Zetterström,71,GK,,Sweden,EFL Championship,Derby County,27.0,197.0,82.0,Right,3.0,1.0,"Far Throw, Cross Claimer",Men's Football,https://www.ea.com/games/ea-sports-fc/ratings/player-ratings/247022,78,70,67,75,20,67,16.0,27.0,6.0,17.0,50.0,9.0,8.0,12.0,25.0,13.0,14.0,21.0,20.0,14.0,12.0,20.0,26.0,50.0,13.0,36.0,13.0,13.0,6.0,13.0,11.0,53.0,17.0,60.0,18.0,78.0,70.0,67.0,67.0,75.0
Sweden,2,DF,Braga,False,False,ea_fc26,7904.0,Gustaf Lagerbielke,67,CB,,Sweden,Eredivisie,,26.0,193.0,83.0,Right,3.0,2.0,"Long Ball Pass, Jockey, Aerial",Men's Football,https://www.ea.com/games/ea-sports-fc/ratings/player-ratings/264191,53,32,55,58,67,66,50.0,56.0,29.0,25.0,60.0,22.0,23.0,37.0,57.0,34.0,28.0,67.0,70.0,30.0,58.0,44.0,48.0,65.0,63.0,62.0,62.0,72.0,67.0,69.0,67.0,74.0,53.0,73.0,63.0,9.0,11.0,11.0,14.0,12.0
Sweden,3,DF,Aston Villa,True,False,ea_fc26,967.0,Victor Lindelöf,78,CB,LB,Sweden,Premier League,Man Utd,31.0,187.0,80.0,Right,4.0,3.0,,Men's Football,https://www.ea.com/games/ea-sports-fc/ratings/player-ratings/221660,52,51,73,72,80,74,51.0,53.0,51.0,42.0,72.0,52.0,38.0,60.0,72.0,62.0,53.0,80.0,82.0,67.0,70.0,62.0,60.0,78.0,77.0,83.0,83.0,75.0,80.0,81.0,78.0,75.0,69.0,76.0,76.0,12.0,16.0,8.0,7.0,9.0
Sweden,4,DF,Atalanta,False,False,ea_fc26,967.0,Isak Hien,78,CB,,Sweden,Serie A Enilive,Bergamo Calcio,27.0,191.0,90.0,Right,3.0,2.0,"Long Ball Pass, Bruiser, Aerial",Men's Football,https://www.ea.com/games/ea-sports-fc/ratings/player-ratings/260697,70,37,49,56,78,78,63.0,75.0,39.0,30.0,49.0,39.0,33.0,45.0,49.0,28.0,25.0,62.0,58.0,29.0,54.0,48.0,47.0,73.0,61.0,58.0,79.0,73.0,80.0,79.0,74.0,84.0,51.0,90.0,82.0,12.0,5.0,10.0,11.0,13.0
Sweden,5,DF,Leeds United,False,False,ea_fc26,2309.0,Gabriel Gudmundsson,74,LB,LM,Sweden,Ligue 1 McDonald's,LOSC Lille,27.0,180.0,74.0,Left,3.0,3.0,"Rapid, Long Throw",Men's Football,https://www.ea.com/games/ea-sports-fc/ratings/player-ratings/236822,85,64,69,72,67,72,84.0,86.0,68.0,59.0,75.0,69.0,56.0,46.0,66.0,77.0,50.0,71.0,66.0,58.0,72.0,74.0,68.0,71.0,74.0,66.0,66.0,51.0,69.0,70.0,68.0,73.0,75.0,69.0,74.0,12.0,10.0,7.0,6.0,8.0
Sweden,6,DF,FC Dallas,False,False,ea_fc26,12144.0,Herman Johansson,63,RB,RM,Sweden,Allsvenskan,Mjällby AIF,28.0,190.0,82.0,Right,3.0,2.0,,Men's Football,https://www.ea.com/games/ea-sports-fc/ratings/player-ratings/261028,71,54,58,63,58,72,70.0,71.0,60.0,56.0,52.0,52.0,51.0,52.0,58.0,61.0,35.0,61.0,56.0,47.0,65.0,64.0,50.0,60.0,64.0,49.0,56.0,64.0,57.0,59.0,56.0,78.0,72.0,78.0,57.0,8.0,8.0,6.0,8.0,11.0
Sweden,7,MF,Tottenham Hotspur,False,False,ea_fc26,6856.0,Lucas Bergvall,68,CM,,Sweden,Premier League,Spurs,20.0,186.0,74.0,Right,3.0,3.0,"Incisive Pass, Long Ball Pass, Press Proven",Men's Football,https://www.ea.com/games/ea-sports-fc/ratings/player-ratings/272926,72,52,67,73,53,65,76.0,68.0,64.0,53.0,51.0,48.0,49.0,53.0,75.0,63.0,58.0,67.0,65.0,65.0,73.0,71.0,73.0,74.0,74.0,73.0,54.0,51.0,46.0,60.0,56.0,69.0,69.0,67.0,56.0,7.0,13.0,13.0,10.0,9.0
Sweden,8,DF,Borussia Dortmund,False,False,ea_fc26,5019.0,Daniel Svensson,70,CM,LB,Sweden,3F Superliga,FC Nordsjælland,24.0,178.0,72.0,Left,3.0,2.0,,Men's Football,https://www.ea.com/games/ea-sports-fc/ratings/player-ratings/259716,77,50,70,71,66,68,77.0,77.0,64.0,43.0,58.0,56.0,45.0,44.0,70.0,68.0,57.0,73.0,70.0,64.0,70.0,74.0,67.0,72.0,72.0,72.0,65.0,44.0,69.0,69.0,68.0,63.0,76.0,65.0,67.0,15.0,12.0,12.0,9.0,9.0
Sweden,9,FW,Liverpool,False,False,ea_fc26,101.0,Alexander Isak,85,ST,,Sweden,Premier League,Newcastle Utd,26.0,192.0,77.0,Right,5.0,4.0,"Finesse Shot, Rapid, Flair, First Touch",Men's Football,https://www.ea.com/games/ea-sports-fc/ratings/player-ratings/233731,85,84,73,86,39,74,83.0,87.0,86.0,87.0,82.0,78.0,79.0,83.0,80.0,68.0,65.0,78.0,60.0,75.0,88.0,80.0,69.0,85.0,87.0,86.0,38.0,78.0,35.0,34.0,29.0,88.0,78.0,77.0,58.0,7.0,6.0,9.0,7.0,11.0
Sweden,10,FW,Celtic,False,False,ea_fc26,6856.0,Benjamin Nygren,68,ST,"RW, LW",Sweden,3F Superliga,FC Nordsjælland,24.0,184.0,77.0,Left,3.0,3.0,,Men's Football,https://www.ea.com/games/ea-sports-fc/ratings/player-ratings/243646,69,67,65,69,22,63,71.0,68.0,70.0,68.0,69.0,64.0,58.0,64.0,66.0,64.0,60.0,68.0,63.0,61.0,70.0,63.0,59.0,67.0,70.0,68.0,21.0,61.0,18.0,16.0,18.0,72.0,64.0,66.0,52.0,6.0,10.0,6.0,12.0,8.0
Sweden,11,FW,Newcastle United,False,False,ea_fc26,1520.0,Anthony Elanga,76,RM,"LM, RW",Sweden,Premier League,Nott'm Forest,24.0,178.0,70.0,Right,4.0,3.0,"Rapid, Flair, Quick Step",Men's Football,https://www.ea.com/games/ea-sports-fc/ratings/player-ratings/257470,87,69,68,78,39,69,89.0,86.0,73.0,72.0,69.0,67.0,64.0,56.0,71.0,72.0,61.0,69.0,58.0,70.0,79.0,83.0,79.0,74.0,76.0,75.0,31.0,67.0,38.0,38.0,33.0,83.0,75.0,71.0,55.0,13.0,5.0,13.0,8.0,10.0
Sweden,12,GK,Stoke City,False,False,ea_fc26,2309.0,Viktor Johansson,74,GK,,Sweden,EFL Championship,Stoke City,27.0,186.0,74.0,Right,3.0,1.0,"Long Ball Pass, Cross Claimer, Deflector",Men's Football,https://www.ea.com/games/ea-sports-fc/ratings/player-ratings/241643,75,71,70,77,40,73,42.0,38.0,5.0,6.0,53.0,5.0,8.0,14.0,45.0,11.0,13.0,34.0,40.0,13.0,13.0,45.0,42.0,70.0,11.0,32.0,6.0,11.0,9.0,12.0,10.0,57.0,27.0,54.0,19.0,75.0,71.0,70.0,73.0,77.0
Sweden,13,FW,Pafos,False,False,ea_fc26,5019.0,Ken Sema,70,LW,"LM, LB",Sweden,EFL Championship,Watford,32.0,180.0,69.0,Left,3.0,3.0,,Men's Football,https://www.ea.com/games/ea-sports-fc/ratings/player-ratings/213750,76,65,68,71,60,68,75.0,77.0,66.0,62.0,77.0,68.0,61.0,44.0,69.0,70.0,72.0,70.0,59.0,67.0,72.0,72.0,73.0,65.0,70.0,63.0,61.0,37.0,60.0,66.0,59.0,63.0,67.0,71.0,64.0,7.0,11.0,10.0,16.0,7.0
Sweden,14,DF,Burnley,False,False,ea_fc26,3509.0,Hjalmar Ekdal,72,CB,,Sweden,EFL Championship,Burnley,27.0,188.0,76.0,Right,2.0,2.0,,Men's Football,https://www.ea.com/games/ea-sports-fc/ratings/player-ratings/252316,59,33,52,62,72,75,53.0,64.0,37.0,30.0,43.0,28.0,36.0,28.0,55.0,29.0,26.0,67.0,63.0,28.0,59.0,68.0,55.0,69.0,64.0,72.0,70.0,71.0,72.0,73.0,71.0,77.0,66.0,79.0,74.0,5.0,12.0,12.0,6.0,12.0
Sweden,15,DF,Celta Vigo,False,False,ea_fc26,2309.0,Carl Starfelt,74,CB,,Sweden,LALIGA EA SPORTS,Celta,31.0,185.0,81.0,Right,3.0,2.0,Block,Men's Football,https://www.ea.com/games/ea-sports-fc/ratings/player-ratings/220821,75,31,53,68,74,76,71.0,78.0,32.0,25.0,52.0,23.0,26.0,39.0,52.0,27.0,24.0,72.0,64.0,33.0,68.0,67.0,65.0,69.0,69.0,67.0,74.0,73.0,73.0,76.0,71.0,82.0,75.0,75.0,77.0,8.0,15.0,13.0,7.0,8.0
Sweden,16,MF,Udinese,False,False,ea_fc26,5019.0,Jesper Karlström,70,CDM,CM,Sweden,Serie A Enilive,Udinese,30.0,182.0,81.0,Right,3.0,2.0,Relentless,Men's Football,https://www.ea.com/games/ea-sports-fc/ratings/player-ratings/214658,67,54,63,66,69,83,71.0,63.0,56.0,51.0,58.0,59.0,58.0,48.0,58.0,62.0,59.0,66.0,63.0,63.0,66.0,65.0,67.0,66.0,66.0,69.0,70.0,62.0,69.0,71.0,66.0,81.0,90.0,83.0,74.0,11.0,8.0,10.0,11.0,16.0
Sweden,17,FW,Arsenal,False,False,ea_fc26,148.0,Viktor Gyökeres,84,ST,LW,Sweden,Liga Portugal,Sporting CP,27.0,187.0,90.0,Right,5.0,3.0,Press Proven,Men's Football,https://www.ea.com/games/ea-sports-fc/ratings/player-ratings/241651,90,83,67,80,36,91,88.0,92.0,83.0,86.0,85.0,78.0,74.0,81.0,77.0,61.0,59.0,73.0,52.0,70.0,80.0,77.0,77.0,84.0,82.0,82.0,28.0,81.0,34.0,34.0,16.0,95.0,93.0,91.0,87.0,10.0,13.0,11.0,14.0,8.0
Sweden,18,MF,Brighton & Hove Albion,False,False,ea_fc26,8960.0,Yasin Ayari,66,CM,CAM,Sweden,Premier League,Brighton,22.0,172.0,69.0,Right,2.0,3.0,,Men's Football,https://www.ea.com/games/ea-sports-fc/ratings/player-ratings/257400,63,51,66,69,52,59,62.0,63.0,61.0,50.0,55.0,48.0,46.0,49.0,72.0,56.0,47.0,72.0,69.0,56.0,66.0,78.0,85.0,62.0,69.0,69.0,53.0,42.0,51.0,56.0,50.0,51.0,62.0,56.0,66.0,9.0,11.0,7.0,7.0,15.0
Sweden,19,MF,VfL Wolfsburg,False,False,ea_fc26,1214.0,Mattias Svanberg,77,CM,CDM,Sweden,Bundesliga,VfL Wolfsburg,27.0,185.0,75.0,Right,3.0,3.0,Rapid,Men's Football,https://www.ea.com/games/ea-sports-fc/ratings/player-ratings/228946,81,69,75,77,63,73,76.0,85.0,71.0,65.0,74.0,77.0,53.0,57.0,78.0,68.0,63.0,80.0,76.0,66.0,78.0,74.0,67.0,78.0,79.0,72.0,72.0,32.0,64.0,67.0,62.0,65.0,76.0,75.0,65.0,7.0,6.0,13.0,8.0,12.0
Sweden,20,DF,FC St. Pauli,False,False,ea_fc26,2871.0,Eric Smith,73,CB,CDM,Sweden,Bundesliga,FC St. Pauli,29.0,192.0,86.0,Right,3.0,2.0,"Long Ball Pass, Anticipate",Men's Football,https://www.ea.com/games/ea-sports-fc/ratings/player-ratings/222369,65,57,66,66,72,78,61.0,69.0,66.0,50.0,74.0,61.0,43.0,41.0,66.0,43.0,63.0,76.0,77.0,53.0,63.0,65.0,55.0,76.0,70.0,70.0,78.0,63.0,77.0,69.0,63.0,76.0,74.0,81.0,74.0,12.0,12.0,13.0,7.0,11.0
Sweden,21,FW,Holstein Kiel,False,False,ea_fc26,6856.0,Alexander Bernhardsson,68,RM,"RW, ST",Sweden,Bundesliga,Holstein Kiel,27.0,185.0,70.0,Right,3.0,3.0,,Men's Football,https://www.ea.com/games/ea-sports-fc/ratings/player-ratings/255459,87,60,61,67,45,61,83.0,90.0,64.0,60.0,65.0,57.0,52.0,56.0,62.0,63.0,38.0,66.0,59.0,49.0,67.0,73.0,61.0,67.0,66.0,57.0,42.0,51.0,45.0,42.0,50.0,72.0,62.0,65.0,45.0,12.0,9.0,6.0,5.0,11.0
Sweden,22,MF,Union Saint-Gilloise,False,False,ea_fc26,15606.0,Besfort Zeneli,58,LW,"CM, LM",Sweden,Allsvenskan,IF Elfsborg,23.0,178.0,71.0,Right,3.0,3.0,,Men's Football,https://www.ea.com/games/ea-sports-fc/ratings/player-ratings/270919,70,52,53,62,22,41,72.0,68.0,54.0,54.0,56.0,45.0,44.0,49.0,56.0,52.0,40.0,56.0,53.0,42.0,60.0,76.0,73.0,51.0,61.0,55.0,21.0,34.0,20.0,21.0,20.0,39.0,36.0,40.0,50.0,12.0,5.0,8.0,9.0,10.0
Sweden,23,GK,AIK,False,False,ea_fc26,6856.0,Kristoffer Nordfeldt,68,GK,,Sweden,Allsvenskan,AIK,36.0,188.0,87.0,Right,3.0,1.0,"Long Ball Pass, Far Throw",Men's Football,https://www.ea.com/games/ea-sports-fc/ratings/player-ratings/192129,66,65,66,66,50,67,51.0,48.0,15.0,13.0,50.0,12.0,11.0,13.0,34.0,11.0,11.0,41.0,26.0,20.0,14.0,57.0,45.0,74.0,24.0,50.0,23.0,13.0,17.0,13.0,15.0,69.0,32.0,73.0,24.0,66.0,65.0,66.0,67.0,66.0
Sweden,24,DF,Mjällby AIF,False,False,ea_fc26,10049.0,Elliot Stroud,65,LB,,Sweden,Allsvenskan,Mjällby AIF,23.0,180.0,75.0,Left,3.0,2.0,,Men's Football,https://www.ea.com/games/ea-sports-fc/ratings/player-ratings/272712,74,56,61,65,58,61,76.0,73.0,58.0,57.0,57.0,61.0,34.0,45.0,55.0,66.0,52.0,63.0,60.0,59.0,63.0,72.0,70.0,61.0,65.0,59.0,56.0,54.0,58.0,60.0,58.0,66.0,70.0,58.0,56.0,12.0,14.0,15.0,10.0,12.0
Sweden,25,FW,Club Brugge,False,False,ea_fc26,2871.0,Gustaf Nilsson,73,ST,,Sweden,1A Pro League,Club Brugge,29.0,197.0,87.0,Right,2.0,2.0,Power Header,Men's Football,https://www.ea.com/games/ea-sports-fc/ratings/player-ratings/223933,70,75,57,62,32,76,63.0,76.0,76.0,77.0,76.0,67.0,69.0,83.0,60.0,54.0,45.0,62.0,55.0,49.0,64.0,37.0,41.0,73.0,66.0,74.0,22.0,78.0,27.0,32.0,22.0,85.0,72.0,81.0,65.0,6.0,7.0,8.0,16.0,14.0
Sweden,26,FW,Malmö FF,False,False,ea_fc26,6856.0,Taha Abdi Ali,68,LM,"RM, LW",Sweden,Allsvenskan,Malmö FF,27.0,174.0,63.0,Right,2.0,5.0,"Technical, Flair, Quick Step",Men's Football,https://www.ea.com/games/ea-sports-fc/ratings/player-ratings/260972,86,54,55,76,35,47,93.0,81.0,61.0,58.0,56.0,43.0,45.0,48.0,60.0,52.0,38.0,58.0,54.0,39.0,78.0,95.0,85.0,64.0,67.0,68.0,39.0,34.0,45.0,24.0,28.0,49.0,81.0,33.0,41.0,12.0,5.0,12.0,8.0,12.0
Czech Republic,,GK,PSV Eindhoven,False,False,ea_fc26,1520.0,Matěj Kovář,76,GK,,Czech Republic,Bundesliga,Leverkusen,26.0,196.0,89.0,Right,4.0,1.0,,Men's Football,https://www.ea.com/games/ea-sports-fc/ratings/player-ratings/242948,74,77,78,76,30,78,26.0,37.0,7.0,9.0,59.0,6.0,10.0,15.0,57.0,15.0,11.0,43.0,50.0,27.0,22.0,31.0,22.0,68.0,35.0,61.0,18.0,11.0,12.0,14.0,10.0,54.0,28.0,55.0,28.0,74.0,77.0,78.0,78.0,76.0
Czech Republic,,GK,Slavia Prague,False,False,ea_fc26,1520.0,Jindřich Staněk,76,GK,,Czech Republic,Česká Liga,Slavia Praha,30.0,192.0,90.0,Right,2.0,1.0,Footwork,Men's Football,https://www.ea.com/games/ea-sports-fc/ratings/player-ratings/221909,74,71,78,78,36,76,36.0,35.0,12.0,15.0,59.0,16.0,19.0,37.0,17.0,16.0,22.0,22.0,19.0,17.0,17.0,27.0,31.0,72.0,27.0,48.0,15.0,12.0,16.0,13.0,15.0,62.0,26.0,68.0,18.0,74.0,71.0,78.0,76.0,78.0
Czech Republic,,GK,Braga,False,False,ea_fc26,8960.0,Lukas Hornicek,66,GK,,Czech Republic,Liga Portugal,SC Braga,23.0,194.0,95.0,Right,2.0,1.0,,Men's Football,https://www.ea.com/games/ea-sports-fc/ratings/player-ratings/258936,70,63,69,67,23,66,19.0,28.0,6.0,7.0,52.0,8.0,8.0,10.0,21.0,12.0,14.0,15.0,11.0,12.0,10.0,38.0,28.0,53.0,14.0,37.0,9.0,11.0,8.0,11.0,13.0,52.0,21.0,61.0,21.0,70.0,63.0,69.0,66.0,67.0
Czech Republic,,DF,TSG Hoffenheim,False,False,ea_fc26,967.0,Vladimír Coufal,78,RB,,Czech Republic,Premier League,West Ham,33.0,175.0,76.0,Right,3.0,3.0,"Long Ball Pass, Whipped Pass, Jockey",Men's Football,https://www.ea.com/games/ea-sports-fc/ratings/player-ratings/244470,65,56,72,73,77,80,68.0,63.0,68.0,50.0,66.0,59.0,61.0,49.0,68.0,78.0,42.0,75.0,73.0,74.0,72.0,64.0,76.0,77.0,75.0,72.0,76.0,70.0,77.0,81.0,77.0,76.0,85.0,75.0,86.0,13.0,12.0,12.0,6.0,13.0
Czech Republic,,DF,Slavia Prague,False,False,ea_fc26,1520.0,Tomáš Holeš,76,CB,CDM,Czech Republic,Česká Liga,Slavia Praha,33.0,180.0,73.0,Right,4.0,2.0,"Long Ball Pass, Slide Tackle",Men's Football,https://www.ea.com/games/ea-sports-fc/ratings/player-ratings/251116,74,58,69,69,75,80,74.0,74.0,69.0,52.0,72.0,60.0,50.0,54.0,67.0,73.0,55.0,70.0,70.0,58.0,65.0,70.0,82.0,74.0,70.0,73.0,76.0,77.0,76.0,74.0,75.0,88.0,77.0,80.0,80.0,9.0,10.0,8.0,13.0,5.0
Czech Republic,,DF,Wolverhampton Wanderers,True,False,ea_fc26,1214.0,Ladislav Krejčí,77,CB,"CDM, CM",Czech Republic,LALIGA EA SPORTS,Girona FC,27.0,190.0,86.0,Left,3.0,3.0,"Pinged Pass, Bruiser, Aerial",Men's Football,https://www.ea.com/games/ea-sports-fc/ratings/player-ratings/252064,67,67,67,69,74,85,65.0,68.0,73.0,62.0,76.0,68.0,51.0,76.0,68.0,56.0,54.0,74.0,73.0,55.0,69.0,57.0,65.0,72.0,71.0,77.0,74.0,84.0,73.0,74.0,71.0,89.0,79.0,85.0,91.0,9.0,5.0,6.0,14.0,6.0
Czech Republic,,DF,Slavia Prague,False,False,ea_fc26,2871.0,David Zima,73,CB,,Czech Republic,Česká Liga,Slavia Praha,25.0,190.0,80.0,Right,4.0,2.0,Jockey,Men's Football,https://www.ea.com/games/ea-sports-fc/ratings/player-ratings/255687,73,38,54,63,75,75,74.0,72.0,27.0,30.0,61.0,35.0,33.0,44.0,55.0,36.0,32.0,64.0,61.0,51.0,60.0,65.0,58.0,73.0,63.0,73.0,76.0,67.0,78.0,74.0,74.0,81.0,71.0,78.0,70.0,5.0,12.0,13.0,10.0,10.0
Czech Republic,,DF,Sparta Prague,False,False,ea_fc26,2871.0,Jaroslav Zelený,73,CB,"LB, LM",Czech Republic,Česká Liga,Sparta Praha,33.0,190.0,83.0,Left,3.0,3.0,,Men's Football,https://www.ea.com/games/ea-sports-fc/ratings/player-ratings/199323,74,63,70,72,71,75,72.0,75.0,67.0,62.0,66.0,63.0,61.0,51.0,68.0,72.0,61.0,75.0,68.0,51.0,74.0,68.0,57.0,74.0,73.0,75.0,72.0,76.0,71.0,70.0,68.0,87.0,74.0,78.0,68.0,11.0,7.0,11.0,11.0,13.0
Czech Republic,,DF,Slavia Prague,False,False,ea_fc26,2871.0,David Jurásek,73,LB,LM,Czech Republic,Bundesliga,TSG Hoffenheim,25.0,183.0,76.0,Left,2.0,3.0,"Pinged Pass, Long Ball Pass, Whipped Pass, Press Proven",Men's Football,https://www.ea.com/games/ea-sports-fc/ratings/player-ratings/267594,82,61,68,72,67,75,84.0,81.0,67.0,51.0,77.0,67.0,58.0,55.0,68.0,76.0,69.0,66.0,63.0,72.0,73.0,71.0,74.0,71.0,72.0,67.0,67.0,64.0,66.0,68.0,65.0,82.0,75.0,75.0,73.0,6.0,6.0,7.0,8.0,12.0
Czech Republic,,DF,Slavia Prague,False,False,ea_fc26,2309.0,David Douděra,74,RM,"RB, RW",Czech Republic,Česká Liga,Slavia Praha,28.0,175.0,66.0,Right,2.0,3.0,"Whipped Pass, Rapid, Relentless",Men's Football,https://www.ea.com/games/ea-sports-fc/ratings/player-ratings/269509,89,66,65,72,65,67,88.0,89.0,73.0,68.0,69.0,63.0,70.0,45.0,57.0,75.0,48.0,68.0,64.0,52.0,71.0,84.0,74.0,70.0,72.0,56.0,66.0,58.0,62.0,67.0,69.0,73.0,85.0,56.0,71.0,15.0,15.0,8.0,11.0,9.0
Czech Republic,,DF,TSG Hoffenheim,False,False,ea_fc26,2309.0,Robin Hranáč,74,CB,,Czech Republic,Bundesliga,TSG Hoffenheim,26.0,189.0,87.0,Right,2.0,2.0,"Long Ball Pass, Aerial",Men's Football,https://www.ea.com/games/ea-sports-fc/ratings/player-ratings/276646,69,39,51,53,73,78,66.0,71.0,36.0,25.0,71.0,38.0,33.0,42.0,45.0,30.0,28.0,68.0,64.0,31.0,48.0,55.0,42.0,73.0,58.0,54.0,73.0,75.0,72.0,74.0,70.0,85.0,64.0,86.0,73.0,5.0,15.0,15.0,6.0,6.0
Czech Republic,,DF,Slavia Prague,False,False,ea_fc26,5019.0,Štěpán Chaloupek,70,CB,,Czech Republic,Česká Liga,Slavia Praha,23.0,188.0,82.0,Right,3.0,2.0,Slide Tackle,Men's Football,https://www.ea.com/games/ea-sports-fc/ratings/player-ratings/73456,71,34,52,57,68,76,66.0,75.0,35.0,31.0,45.0,31.0,24.0,38.0,51.0,35.0,34.0,64.0,60.0,40.0,51.0,51.0,55.0,66.0,66.0,66.0,67.0,70.0,67.0,68.0,72.0,80.0,65.0,81.0,75.0,11.0,9.0,12.0,9.0,14.0
Czech Republic,,MF,West Ham United,False,False,ea_fc26,734.0,Tomáš Souček,79,CDM,CM,Czech Republic,Premier League,West Ham,31.0,192.0,86.0,Right,3.0,3.0,Power Header,Men's Football,https://www.ea.com/games/ea-sports-fc/ratings/player-ratings/236792,50,72,71,68,80,83,49.0,51.0,75.0,72.0,73.0,70.0,79.0,70.0,70.0,68.0,53.0,75.0,75.0,63.0,71.0,34.0,48.0,78.0,75.0,73.0,81.0,82.0,79.0,82.0,77.0,82.0,87.0,83.0,79.0,11.0,13.0,5.0,6.0,8.0
Czech Republic,,MF,Slavia Prague,False,False,ea_fc26,2309.0,Lukáš Provod,74,CM,"CAM, LM",Czech Republic,Česká Liga,Slavia Praha,29.0,191.0,85.0,Left,4.0,3.0,"Power Shot, Press Proven",Men's Football,https://www.ea.com/games/ea-sports-fc/ratings/player-ratings/253727,76,73,74,74,67,82,71.0,80.0,76.0,68.0,82.0,77.0,66.0,69.0,73.0,75.0,69.0,74.0,74.0,75.0,75.0,72.0,77.0,76.0,73.0,77.0,68.0,67.0,67.0,66.0,65.0,82.0,85.0,85.0,73.0,14.0,5.0,10.0,7.0,15.0
Czech Republic,,MF,Slavia Prague,False,False,ea_fc26,1520.0,Michal Sadílek,76,CDM,CM,Czech Republic,Eredivisie,,27.0,170.0,63.0,Left,4.0,3.0,"Slide Tackle, Bruiser, Relentless",Men's Football,https://www.ea.com/games/ea-sports-fc/ratings/player-ratings/245209,56,65,74,72,72,78,75.0,40.0,64.0,60.0,73.0,70.0,55.0,62.0,72.0,69.0,69.0,78.0,78.0,70.0,71.0,72.0,84.0,73.0,73.0,70.0,73.0,64.0,73.0,72.0,74.0,71.0,84.0,75.0,82.0,7.0,15.0,9.0,14.0,15.0
Czech Republic,,MF,Lyon,False,False,ea_fc26,1881.0,Pavel Šulc,75,CAM,"LM, RM",Czech Republic,Česká Liga,Viktoria Plzeň,25.0,175.0,67.0,Right,3.0,4.0,Technical,Men's Football,https://www.ea.com/games/ea-sports-fc/ratings/player-ratings/247050,71,72,73,76,39,60,72.0,70.0,78.0,75.0,66.0,71.0,70.0,60.0,74.0,73.0,55.0,76.0,73.0,62.0,77.0,75.0,76.0,75.0,75.0,76.0,32.0,57.0,35.0,40.0,45.0,64.0,70.0,54.0,62.0,12.0,11.0,8.0,12.0,12.0
Czech Republic,,MF,Viktoria Plzeň,False,False,ea_fc26,3509.0,Lukáš Červ,72,CDM,CM,Czech Republic,Česká Liga,Viktoria Plzeň,25.0,182.0,74.0,Right,2.0,2.0,"Bruiser, Relentless",Men's Football,https://www.ea.com/games/ea-sports-fc/ratings/player-ratings/71259,69,62,66,68,68,77,69.0,69.0,60.0,61.0,67.0,62.0,56.0,68.0,63.0,64.0,51.0,72.0,69.0,51.0,68.0,68.0,69.0,70.0,69.0,63.0,69.0,68.0,66.0,70.0,70.0,76.0,77.0,73.0,87.0,6.0,12.0,6.0,7.0,13.0
Czech Republic,,FW,Bayer Leverkusen,False,False,ea_fc26,320.0,Patrik Schick,82,ST,,Czech Republic,Bundesliga,Leverkusen,30.0,191.0,87.0,Left,3.0,4.0,"Power Header, Flair, Acrobatic",Men's Football,https://www.ea.com/games/ea-sports-fc/ratings/player-ratings/234236,74,81,71,81,37,76,74.0,74.0,85.0,83.0,82.0,77.0,84.0,61.0,74.0,64.0,56.0,78.0,64.0,78.0,81.0,82.0,67.0,83.0,82.0,84.0,25.0,84.0,44.0,29.0,19.0,90.0,68.0,83.0,65.0,11.0,15.0,8.0,9.0,14.0
Czech Republic,,FW,TSG Hoffenheim,False,False,ea_fc26,1520.0,Adam Hložek,76,ST,CAM,Czech Republic,Bundesliga,TSG Hoffenheim,23.0,188.0,84.0,Right,4.0,3.0,,Men's Football,https://www.ea.com/games/ea-sports-fc/ratings/player-ratings/246618,75,76,72,76,31,77,77.0,74.0,75.0,77.0,78.0,77.0,73.0,66.0,76.0,69.0,68.0,75.0,68.0,68.0,76.0,69.0,76.0,76.0,78.0,76.0,23.0,74.0,23.0,32.0,23.0,88.0,68.0,83.0,69.0,11.0,10.0,9.0,11.0,10.0
Czech Republic,,FW,Sparta Prague,False,False,ea_fc26,1881.0,Jan Kuchta,75,ST,,Czech Republic,3F Superliga,FC Midtjylland,29.0,185.0,81.0,Right,3.0,3.0,Bruiser,Men's Football,https://www.ea.com/games/ea-sports-fc/ratings/player-ratings/257536,79,73,66,72,35,82,79.0,79.0,81.0,74.0,75.0,69.0,75.0,67.0,70.0,59.0,60.0,70.0,62.0,63.0,70.0,75.0,76.0,74.0,73.0,71.0,31.0,76.0,27.0,35.0,28.0,91.0,77.0,81.0,88.0,10.0,6.0,13.0,9.0,10.0
Czech Republic,,FW,Slavia Prague,False,False,ea_fc26,2309.0,Mojmír Chytil,74,ST,,Czech Republic,Česká Liga,Slavia Praha,27.0,187.0,82.0,Right,3.0,2.0,,Men's Football,https://www.ea.com/games/ea-sports-fc/ratings/player-ratings/274906,73,72,55,68,29,81,71.0,75.0,77.0,74.0,74.0,68.0,69.0,66.0,64.0,43.0,60.0,62.0,42.0,57.0,66.0,58.0,75.0,73.0,73.0,68.0,24.0,78.0,23.0,24.0,23.0,91.0,74.0,88.0,72.0,9.0,8.0,10.0,10.0,5.0
Czech Republic,,FW,Slavia Prague,False,False,ea_fc26,2309.0,Tomáš Chorý,74,ST,,Czech Republic,Česká Liga,Slavia Praha,31.0,200.0,101.0,Right,3.0,2.0,"Power Header, Press Proven, Aerial+",Men's Football,https://www.ea.com/games/ea-sports-fc/ratings/player-ratings/244793,50,74,60,63,32,87,47.0,52.0,79.0,75.0,77.0,68.0,73.0,73.0,67.0,44.0,68.0,69.0,55.0,49.0,65.0,38.0,32.0,73.0,72.0,71.0,22.0,86.0,27.0,26.0,31.0,88.0,70.0,95.0,89.0,5.0,6.0,11.0,10.0,12.0
Scotland,,GK,Heart of Midlothian,False,False,ea_fc26,4248.0,Craig Gordon,71,GK,,Scotland,Scottish Prem,Hearts,43.0,193.0,83.0,Left,3.0,1.0,"Far Throw, Footwork",Men's Football,https://www.ea.com/games/ea-sports-fc/ratings/player-ratings/53110,71,69,63,72,33,69,33.0,32.0,16.0,14.0,47.0,14.0,15.0,22.0,45.0,13.0,13.0,34.0,27.0,15.0,11.0,57.0,51.0,69.0,28.0,50.0,26.0,15.0,23.0,15.0,13.0,60.0,25.0,65.0,33.0,71.0,69.0,63.0,69.0,72.0
Scotland,,GK,Nottingham Forest,False,False,ea_fc26,2309.0,Angus Gunn,74,GK,,Scotland,EFL Championship,Norwich,30.0,196.0,77.0,Right,3.0,1.0,"Footwork, Deflector",Men's Football,https://www.ea.com/games/ea-sports-fc/ratings/player-ratings/216325,75,71,72,76,48,71,48.0,49.0,9.0,15.0,54.0,17.0,19.0,19.0,50.0,14.0,15.0,31.0,46.0,20.0,20.0,40.0,42.0,67.0,27.0,48.0,18.0,14.0,20.0,16.0,14.0,66.0,31.0,66.0,28.0,75.0,71.0,72.0,71.0,76.0
Scotland,,GK,Rangers,False,False,ea_fc26,8960.0,Liam Kelly,66,GK,,Scotland,Scottish Prem,Rangers,30.0,184.0,85.0,Right,3.0,1.0,"Long Ball Pass, Far Throw, Footwork, Cross Claimer",Men's Football,https://www.ea.com/games/ea-sports-fc/ratings/player-ratings/225203,67,64,65,68,33,66,29.0,40.0,15.0,20.0,49.0,20.0,16.0,13.0,56.0,13.0,20.0,42.0,49.0,20.0,15.0,53.0,45.0,59.0,25.0,38.0,24.0,16.0,15.0,14.0,13.0,42.0,32.0,37.0,27.0,67.0,64.0,65.0,66.0,68.0
Scotland,,DF,Liverpool,True,False,ea_fc26,101.0,Andrew Robertson,85,LB,,Scotland,Premier League,Liverpool,32.0,178.0,64.0,Left,2.0,3.0,"Whipped Pass, Rapid, Relentless+",Men's Football,https://www.ea.com/games/ea-sports-fc/ratings/player-ratings/216267,78,61,82,79,81,78,79.0,78.0,78.0,55.0,76.0,65.0,32.0,55.0,82.0,87.0,71.0,83.0,76.0,82.0,78.0,75.0,74.0,85.0,82.0,83.0,81.0,67.0,82.0,83.0,81.0,76.0,93.0,67.0,85.0,11.0,8.0,10.0,7.0,14.0
Scotland,,DF,Hibernian,False,False,ea_fc26,4248.0,Grant Hanley,71,CB,,Scotland,EFL Championship,Norwich,34.0,187.0,81.0,Right,3.0,2.0,"Power Header, Bruiser",Men's Football,https://www.ea.com/games/ea-sports-fc/ratings/player-ratings/198904,52,30,47,49,71,78,51.0,53.0,29.0,30.0,40.0,22.0,32.0,26.0,39.0,29.0,35.0,60.0,63.0,33.0,43.0,44.0,51.0,68.0,52.0,66.0,71.0,71.0,70.0,72.0,72.0,78.0,65.0,83.0,80.0,9.0,9.0,11.0,12.0,8.0
Scotland,,DF,Celtic,False,False,ea_fc26,734.0,Kieran Tierney,79,LB,,Scotland,Premier League,Arsenal,28.0,180.0,73.0,Left,3.0,3.0,"Jockey, Rapid, Long Throw",Men's Football,https://www.ea.com/games/ea-sports-fc/ratings/player-ratings/226491,80,60,75,77,76,75,78.0,82.0,75.0,52.0,79.0,66.0,38.0,42.0,74.0,82.0,56.0,78.0,68.0,73.0,79.0,76.0,74.0,79.0,76.0,75.0,77.0,59.0,78.0,78.0,77.0,76.0,77.0,71.0,84.0,13.0,16.0,8.0,12.0,13.0
Scotland,,DF,Dinamo Zagreb,False,False,ea_fc26,4248.0,Scott McKenna,71,CB,,Scotland,LALIGA EA SPORTS,UD Las Palmas,29.0,189.0,80.0,Left,3.0,2.0,"Long Ball Pass, Aerial",Men's Football,https://www.ea.com/games/ea-sports-fc/ratings/player-ratings/225974,51,32,46,51,70,80,51.0,51.0,16.0,22.0,59.0,32.0,26.0,36.0,31.0,41.0,31.0,58.0,57.0,28.0,45.0,42.0,56.0,67.0,58.0,60.0,69.0,72.0,71.0,71.0,67.0,80.0,65.0,86.0,82.0,11.0,7.0,11.0,6.0,9.0
Scotland,,DF,Al-Ettifaq,False,False,ea_fc26,1881.0,Jack Hendry,75,CB,,Scotland,ROSHN Saudi League,Al Ettifaq,31.0,195.0,88.0,Right,2.0,2.0,Aerial,Men's Football,https://www.ea.com/games/ea-sports-fc/ratings/player-ratings/225316,78,56,63,65,72,85,70.0,85.0,58.0,50.0,77.0,61.0,26.0,37.0,58.0,48.0,28.0,77.0,78.0,42.0,59.0,67.0,67.0,70.0,72.0,71.0,71.0,77.0,70.0,72.0,71.0,89.0,84.0,86.0,82.0,13.0,11.0,13.0,8.0,13.0
Scotland,,DF,Everton,False,False,ea_fc26,4248.0,Nathan Patterson,71,RB,,Scotland,Premier League,Everton,24.0,183.0,80.0,Right,2.0,2.0,"Block, Slide Tackle, Rapid",Men's Football,https://www.ea.com/games/ea-sports-fc/ratings/player-ratings/257896,75,46,60,69,69,70,71.0,78.0,55.0,41.0,62.0,41.0,41.0,35.0,54.0,61.0,54.0,64.0,63.0,58.0,70.0,73.0,75.0,66.0,69.0,58.0,64.0,62.0,69.0,74.0,72.0,73.0,71.0,68.0,74.0,7.0,13.0,9.0,7.0,8.0
Scotland,,DF,Celtic,False,False,ea_fc26,4248.0,Anthony Ralston,71,RB,,Scotland,Scottish Prem,Celtic,27.0,183.0,78.0,Right,3.0,2.0,,Men's Football,https://www.ea.com/games/ea-sports-fc/ratings/player-ratings/234072,76,59,69,69,64,78,74.0,77.0,66.0,58.0,68.0,54.0,55.0,44.0,71.0,66.0,41.0,73.0,72.0,67.0,68.0,73.0,76.0,69.0,69.0,72.0,63.0,68.0,59.0,68.0,67.0,81.0,81.0,77.0,76.0,11.0,14.0,5.0,7.0,11.0
Scotland,,DF,Rangers,False,False,ea_fc26,2309.0,John Souttar,74,CB,,Scotland,Scottish Prem,Rangers,29.0,186.0,75.0,Right,4.0,2.0,Pinged Pass,Men's Football,https://www.ea.com/games/ea-sports-fc/ratings/player-ratings/212516,73,48,63,70,73,77,69.0,76.0,33.0,42.0,70.0,47.0,28.0,49.0,59.0,48.0,41.0,72.0,74.0,61.0,70.0,63.0,68.0,71.0,72.0,74.0,70.0,74.0,74.0,75.0,72.0,85.0,66.0,84.0,70.0,13.0,11.0,15.0,10.0,9.0
Scotland,,DF,Brentford,False,False,ea_fc26,1520.0,Aaron Hickey,76,RB,LB,Scotland,Premier League,Brentford,23.0,185.0,72.0,Right,5.0,2.0,,Men's Football,https://www.ea.com/games/ea-sports-fc/ratings/player-ratings/248808,74,54,70,74,74,68,72.0,75.0,59.0,48.0,63.0,60.0,56.0,47.0,67.0,74.0,40.0,75.0,68.0,61.0,77.0,71.0,64.0,73.0,74.0,72.0,72.0,67.0,75.0,76.0,75.0,71.0,78.0,59.0,78.0,13.0,14.0,8.0,13.0,5.0
Scotland,,DF,Wrexham,False,False,ea_fc26,5019.0,Dominic Hyam,70,CB,,Scotland,EFL Championship,Blackburn Rovers,30.0,188.0,79.0,Right,3.0,2.0,Long Ball Pass,Men's Football,https://www.ea.com/games/ea-sports-fc/ratings/player-ratings/221281,53,32,54,58,70,76,52.0,54.0,31.0,23.0,54.0,28.0,35.0,31.0,48.0,41.0,26.0,65.0,64.0,45.0,54.0,56.0,50.0,69.0,62.0,65.0,70.0,72.0,71.0,70.0,69.0,77.0,74.0,79.0,71.0,10.0,11.0,10.0,15.0,8.0
Scotland,,MF,Aston Villa,False,False,ea_fc26,320.0,John McGinn,82,CM,"CDM, RM",Scotland,Premier League,Aston Villa,31.0,178.0,68.0,Left,2.0,3.0,"Long Ball Pass, Press Proven, Relentless",Men's Football,https://www.ea.com/games/ea-sports-fc/ratings/player-ratings/210881,68,77,80,82,78,85,72.0,64.0,78.0,77.0,84.0,77.0,75.0,55.0,82.0,75.0,61.0,83.0,83.0,76.0,83.0,77.0,85.0,81.0,83.0,79.0,81.0,57.0,79.0,82.0,78.0,77.0,92.0,82.0,86.0,9.0,13.0,12.0,10.0,12.0
Scotland,,MF,Napoli,False,False,ea_fc26,967.0,Scott McTominay,78,CDM,CM,Scotland,Serie A Enilive,SSC Napoli,29.0,193.0,88.0,Right,3.0,3.0,,Men's Football,https://www.ea.com/games/ea-sports-fc/ratings/player-ratings/237238,55,78,71,73,75,84,53.0,56.0,80.0,77.0,86.0,77.0,75.0,60.0,65.0,66.0,60.0,75.0,79.0,69.0,76.0,55.0,47.0,77.0,78.0,70.0,76.0,81.0,72.0,77.0,73.0,83.0,82.0,83.0,90.0,9.0,6.0,6.0,10.0,11.0
Scotland,,MF,Bournemouth,False,False,ea_fc26,1520.0,Ryan Christie,76,CM,CDM,Scotland,Premier League,AFC Bournemouth,31.0,178.0,79.0,Left,4.0,3.0,Relentless,Men's Football,https://www.ea.com/games/ea-sports-fc/ratings/player-ratings/213884,76,70,75,77,71,78,76.0,76.0,73.0,68.0,77.0,70.0,50.0,73.0,75.0,72.0,70.0,78.0,74.0,75.0,77.0,78.0,80.0,75.0,76.0,80.0,78.0,53.0,70.0,73.0,72.0,73.0,85.0,74.0,82.0,13.0,9.0,12.0,7.0,8.0
Scotland,,MF,Norwich City,False,False,ea_fc26,3509.0,Kenny McLean,72,CDM,"CM, CB",Scotland,EFL Championship,Norwich,34.0,183.0,70.0,Left,4.0,3.0,Long Ball Pass,Men's Football,https://www.ea.com/games/ea-sports-fc/ratings/player-ratings/201368,66,69,68,72,66,74,74.0,59.0,64.0,66.0,78.0,68.0,56.0,75.0,68.0,55.0,70.0,73.0,71.0,68.0,70.0,71.0,61.0,73.0,76.0,70.0,68.0,64.0,67.0,67.0,62.0,75.0,84.0,69.0,72.0,8.0,14.0,15.0,14.0,9.0
Scotland,,MF,Bologna,False,False,ea_fc26,734.0,Lewis Ferguson,79,CM,CAM,Scotland,Serie A Enilive,Bologna,26.0,181.0,75.0,Right,4.0,3.0,"Anticipate, Relentless",Men's Football,https://www.ea.com/games/ea-sports-fc/ratings/player-ratings/242280,75,78,75,80,73,82,74.0,75.0,84.0,78.0,78.0,76.0,76.0,80.0,79.0,67.0,67.0,79.0,76.0,69.0,79.0,78.0,76.0,74.0,83.0,75.0,74.0,76.0,70.0,74.0,69.0,84.0,94.0,75.0,85.0,6.0,11.0,6.0,14.0,14.0
Scotland,,MF,Bournemouth,False,False,ea_fc26,8960.0,Ben Doak,66,RW,RM,Scotland,EFL Championship,Middlesbrough,20.0,176.0,64.0,Right,3.0,3.0,Quick Step,Men's Football,https://www.ea.com/games/ea-sports-fc/ratings/player-ratings/266815,89,56,53,70,28,52,90.0,88.0,58.0,58.0,58.0,56.0,41.0,48.0,57.0,60.0,33.0,55.0,42.0,50.0,71.0,84.0,80.0,54.0,67.0,60.0,28.0,41.0,21.0,30.0,25.0,57.0,56.0,48.0,58.0,13.0,6.0,10.0,5.0,12.0
Scotland,,FW,Charlton Athletic,False,False,ea_fc26,5881.0,Lyndon Dykes,69,ST,,Scotland,EFL League One,Birmingham City,30.0,188.0,84.0,Right,3.0,2.0,,Men's Football,https://www.ea.com/games/ea-sports-fc/ratings/player-ratings/247279,66,68,52,65,29,82,64.0,67.0,70.0,69.0,72.0,60.0,65.0,74.0,54.0,34.0,39.0,62.0,55.0,47.0,62.0,62.0,68.0,68.0,68.0,64.0,18.0,77.0,24.0,27.0,23.0,88.0,79.0,84.0,81.0,10.0,5.0,9.0,11.0,10.0
Scotland,,FW,Torino,False,False,ea_fc26,1881.0,Ché Adams,75,ST,,Scotland,Serie A Enilive,Torino,29.0,178.0,70.0,Right,3.0,3.0,Power Shot,Men's Football,https://www.ea.com/games/ea-sports-fc/ratings/player-ratings/226093,79,76,62,74,40,76,77.0,80.0,75.0,74.0,86.0,75.0,70.0,69.0,63.0,55.0,59.0,70.0,53.0,64.0,72.0,78.0,73.0,74.0,76.0,71.0,36.0,63.0,33.0,42.0,36.0,80.0,78.0,76.0,74.0,16.0,13.0,12.0,15.0,9.0
Scotland,,FW,Heart of Midlothian,False,False,ea_fc26,1881.0,Lawrence Shankland,75,ST,CAM,Scotland,Scottish Prem,Hearts,30.0,185.0,80.0,Right,4.0,2.0,Power Header,Men's Football,https://www.ea.com/games/ea-sports-fc/ratings/player-ratings/216218,63,78,64,74,28,80,65.0,62.0,77.0,82.0,78.0,68.0,69.0,84.0,70.0,48.0,49.0,71.0,64.0,62.0,72.0,73.0,77.0,71.0,77.0,80.0,19.0,75.0,26.0,23.0,20.0,83.0,82.0,82.0,70.0,13.0,15.0,14.0,10.0,11.0
Scotland,,FW,Ipswich Town,False,False,ea_fc26,4248.0,George Hirst,71,ST,,England,Premier League,Ipswich,27.0,191.0,81.0,Right,3.0,3.0,,Men's Football,https://www.ea.com/games/ea-sports-fc/ratings/player-ratings/233602,76,70,55,67,41,76,74.0,78.0,73.0,72.0,72.0,66.0,67.0,66.0,59.0,42.0,44.0,65.0,46.0,56.0,64.0,65.0,69.0,68.0,70.0,69.0,42.0,73.0,35.0,38.0,32.0,87.0,73.0,81.0,65.0,13.0,13.0,13.0,10.0,9.0
Scotland,,FW,Southampton,False,False,ea_fc26,4248.0,Ross Stewart,71,ST,,Scotland,Premier League,Southampton,29.0,188.0,81.0,Right,3.0,2.0,Power Header,Men's Football,https://www.ea.com/games/ea-sports-fc/ratings/player-ratings/244319,73,71,57,64,30,78,76.0,70.0,75.0,75.0,72.0,63.0,60.0,72.0,59.0,44.0,51.0,66.0,54.0,61.0,65.0,55.0,49.0,67.0,67.0,61.0,23.0,74.0,26.0,24.0,27.0,89.0,82.0,81.0,64.0,11.0,13.0,14.0,12.0,7.0
Paraguay,,GK,Olimpia,False,False,ea_fc26,2871.0,Gastón Olveira,73,GK,,Uruguay,Sudamericana,,33.0,191.0,80.0,Right,3.0,1.0,,Men's Football,https://www.ea.com/games/ea-sports-fc/ratings/player-ratings/254601,72,75,57,73,19,70,16.0,23.0,6.0,8.0,43.0,5.0,8.0,12.0,41.0,13.0,12.0,25.0,19.0,13.0,11.0,27.0,29.0,72.0,15.0,34.0,12.0,12.0,9.0,12.0,10.0,54.0,18.0,63.0,21.0,72.0,75.0,57.0,70.0,73.0
Paraguay,,DF,Atlético Mineiro,False,False,ea_fc26,13032.0,Wildo Alonso,62,LB,,Paraguay,Sudamericana,,35.0,178.0,76.0,Left,2.0,2.0,,Men's Football,https://www.ea.com/games/ea-sports-fc/ratings/player-ratings/254958,59,37,53,51,59,59,60.0,59.0,45.0,30.0,45.0,43.0,28.0,41.0,33.0,58.0,63.0,60.0,46.0,66.0,41.0,61.0,63.0,66.0,60.0,46.0,62.0,63.0,55.0,61.0,55.0,66.0,66.0,61.0,43.0,5.0,13.0,14.0,12.0,10.0
Paraguay,,DF,Sunderland,False,False,ea_fc26,1214.0,Omar Alderete,77,CB,,Paraguay,LALIGA EA SPORTS,Getafe CF,29.0,188.0,77.0,Left,3.0,2.0,"Power Header, Long Ball Pass, Aerial",Men's Football,https://www.ea.com/games/ea-sports-fc/ratings/player-ratings/240359,63,61,62,69,78,78,63.0,63.0,62.0,55.0,74.0,67.0,48.0,45.0,51.0,58.0,53.0,70.0,66.0,56.0,70.0,70.0,60.0,73.0,69.0,68.0,78.0,79.0,79.0,79.0,75.0,85.0,71.0,81.0,77.0,7.0,13.0,14.0,13.0,15.0
Paraguay,,DF,Dynamo Moscow,False,False,ea_fc26,2871.0,Juan José Cáceres,73,RB,CB,Paraguay,Sudamericana,Lanús,26.0,173.0,62.0,Right,3.0,2.0,"Block, Anticipate",Men's Football,https://www.ea.com/games/ea-sports-fc/ratings/player-ratings/251613,84,45,62,66,70,70,80.0,87.0,58.0,38.0,59.0,44.0,49.0,48.0,59.0,67.0,44.0,68.0,58.0,49.0,62.0,74.0,78.0,68.0,66.0,67.0,70.0,65.0,70.0,72.0,70.0,76.0,77.0,63.0,78.0,8.0,7.0,12.0,10.0,9.0
Paraguay,,DF,Cerro Porteño,False,False,ea_fc26,2871.0,Gustavo Velázquez,73,CB,,Paraguay,Primera División,Newell's,35.0,179.0,83.0,Right,2.0,2.0,"Block, Aerial",Men's Football,https://www.ea.com/games/ea-sports-fc/ratings/player-ratings/246696,74,31,47,55,72,78,75.0,74.0,31.0,27.0,50.0,21.0,23.0,40.0,35.0,38.0,30.0,62.0,50.0,30.0,47.0,64.0,65.0,68.0,57.0,74.0,73.0,78.0,73.0,69.0,71.0,90.0,72.0,81.0,75.0,9.0,8.0,14.0,7.0,7.0
Paraguay,,MF,Atlanta United FC,False,False,ea_fc26,967.0,Miguel Almirón,78,RW,RM,Paraguay,Premier League,Newcastle Utd,32.0,174.0,70.0,Left,1.0,4.0,"Finesse Shot, Rapid, Quick Step, Relentless",Men's Football,https://www.ea.com/games/ea-sports-fc/ratings/player-ratings/230977,87,75,73,80,57,65,89.0,86.0,77.0,75.0,78.0,72.0,75.0,69.0,74.0,73.0,66.0,75.0,67.0,78.0,81.0,86.0,69.0,77.0,79.0,75.0,59.0,43.0,62.0,59.0,49.0,62.0,88.0,52.0,69.0,6.0,9.0,13.0,13.0,12.0
Paraguay,,MF,Al-Ain,False,False,ea_fc26,734.0,Kaku,79,CAM,CM,Paraguay,United Emirates League,Al Ain FC,31.0,171.0,67.0,Left,3.0,4.0,"Finesse Shot, Dead Ball, Incisive Pass, Flair",Men's Football,https://www.ea.com/games/ea-sports-fc/ratings/player-ratings/226376,81,72,81,80,52,64,82.0,80.0,73.0,73.0,70.0,75.0,64.0,74.0,84.0,79.0,74.0,81.0,79.0,80.0,79.0,86.0,83.0,74.0,81.0,73.0,42.0,30.0,65.0,53.0,55.0,60.0,70.0,59.0,72.0,12.0,14.0,7.0,7.0,11.0
Paraguay,,MF,Vancouver Whitecaps FC,False,False,ea_fc26,2309.0,Andrés Cubas,74,CDM,CM,Paraguay,MLS,Whitecaps FC,30.0,166.0,58.0,Right,2.0,3.0,Slide Tackle,Men's Football,https://www.ea.com/games/ea-sports-fc/ratings/player-ratings/222429,69,50,66,71,73,56,70.0,68.0,60.0,43.0,59.0,60.0,33.0,51.0,66.0,59.0,44.0,74.0,70.0,55.0,64.0,89.0,93.0,74.0,72.0,74.0,73.0,53.0,74.0,77.0,73.0,49.0,86.0,31.0,81.0,9.0,12.0,11.0,13.0,7.0
Paraguay,,MF,Palmeiras,False,False,ea_fc26,1881.0,Ramón Sosa,75,LM,"RM, LW",Paraguay,Premier League,Nott'm Forest,26.0,178.0,76.0,Right,4.0,3.0,Technical,Men's Football,https://www.ea.com/games/ea-sports-fc/ratings/player-ratings/255718,82,66,68,76,49,65,81.0,82.0,73.0,69.0,70.0,62.0,44.0,44.0,72.0,67.0,40.0,72.0,68.0,63.0,79.0,77.0,68.0,70.0,74.0,64.0,51.0,41.0,42.0,59.0,40.0,64.0,74.0,61.0,62.0,6.0,8.0,9.0,14.0,6.0
Paraguay,,MF,Brighton & Hove Albion,False,False,ea_fc26,6856.0,Diego Gómez,68,CM,"RM, LM",Paraguay,MLS,Inter Miami CF,23.0,185.0,83.0,Right,3.0,2.0,Aerial,Men's Football,https://www.ea.com/games/ea-sports-fc/ratings/player-ratings/269278,75,63,65,69,59,72,75.0,75.0,63.0,63.0,65.0,65.0,53.0,63.0,66.0,55.0,40.0,73.0,72.0,51.0,70.0,71.0,62.0,70.0,70.0,62.0,55.0,49.0,59.0,65.0,63.0,70.0,64.0,74.0,75.0,6.0,6.0,8.0,6.0,9.0
Paraguay,,MF,Orlando City SC,False,False,ea_fc26,5019.0,Braian Ojeda,70,CDM,CM,Paraguay,MLS,Real Salt Lake,25.0,173.0,68.0,Right,3.0,4.0,,Men's Football,https://www.ea.com/games/ea-sports-fc/ratings/player-ratings/248870,67,54,64,72,66,69,72.0,63.0,60.0,47.0,69.0,57.0,45.0,41.0,68.0,55.0,39.0,71.0,69.0,43.0,73.0,75.0,79.0,65.0,71.0,61.0,65.0,59.0,66.0,69.0,67.0,69.0,77.0,61.0,81.0,7.0,6.0,9.0,9.0,14.0
Paraguay,,MF,Atlanta United FC,False,False,ea_fc26,12144.0,Matías Galarza,63,CM,CAM,Paraguay,Libertadores,Talleres,24.0,175.0,68.0,Left,2.0,2.0,,Men's Football,https://www.ea.com/games/ea-sports-fc/ratings/player-ratings/278020,63,58,63,62,54,48,59.0,67.0,62.0,57.0,62.0,60.0,50.0,54.0,64.0,51.0,51.0,70.0,68.0,57.0,62.0,51.0,78.0,60.0,65.0,61.0,56.0,50.0,48.0,58.0,61.0,49.0,50.0,46.0,51.0,14.0,10.0,8.0,10.0,12.0
Paraguay,,FW,Cremonese,False,False,ea_fc26,1214.0,Antonio Sanabria,77,ST,,Paraguay,Serie A Enilive,Torino,30.0,180.0,77.0,Right,4.0,3.0,,Men's Football,https://www.ea.com/games/ea-sports-fc/ratings/player-ratings/219932,75,75,69,80,32,60,78.0,73.0,82.0,79.0,78.0,65.0,67.0,66.0,69.0,63.0,64.0,76.0,63.0,69.0,80.0,82.0,76.0,75.0,80.0,78.0,21.0,76.0,42.0,20.0,15.0,83.0,60.0,67.0,36.0,8.0,14.0,9.0,14.0,13.0
Paraguay,,FW,Strasbourg,False,False,ea_fc26,2871.0,Julio César Enciso,73,CAM,"LM, RM",Paraguay,Premier League,Brighton,22.0,173.0,64.0,Right,3.0,3.0,,Men's Football,https://www.ea.com/games/ea-sports-fc/ratings/player-ratings/255434,77,72,68,78,32,50,79.0,75.0,69.0,69.0,79.0,79.0,50.0,63.0,70.0,62.0,65.0,73.0,62.0,67.0,79.0,81.0,80.0,67.0,77.0,70.0,30.0,40.0,28.0,35.0,32.0,50.0,61.0,42.0,57.0,10.0,7.0,9.0,13.0,11.0
Paraguay,,FW,Independiente,False,False,ea_fc26,2309.0,Gabriel Ávalos,74,ST,,Paraguay,Primera División,Independiente,35.0,188.0,91.0,Right,4.0,3.0,"Power Header, First Touch, Aerial",Men's Football,https://www.ea.com/games/ea-sports-fc/ratings/player-ratings/226286,67,74,61,73,46,82,68.0,66.0,76.0,76.0,80.0,65.0,63.0,76.0,71.0,48.0,44.0,65.0,67.0,50.0,74.0,71.0,67.0,69.0,75.0,75.0,33.0,77.0,42.0,54.0,29.0,88.0,81.0,86.0,70.0,13.0,15.0,15.0,9.0,13.0
Paraguay,,FW,Independiente Rivadavia,False,False,ea_fc26,2871.0,Alex Arce,73,ST,,Paraguay,Libertadores,,30.0,187.0,80.0,Right,3.0,2.0,,Men's Football,https://www.ea.com/games/ea-sports-fc/ratings/player-ratings/273843,59,77,48,69,22,64,58.0,59.0,80.0,79.0,76.0,74.0,71.0,76.0,45.0,41.0,70.0,53.0,39.0,64.0,70.0,57.0,73.0,61.0,74.0,66.0,13.0,77.0,18.0,16.0,19.0,82.0,65.0,78.0,25.0,9.0,8.0,14.0,12.0,14.0
Paraguay,,FW,Portsmouth,False,False,ea_fc26,11128.0,Gustavo Caballero,64,RM,"LM, RW",Paraguay,Sudamericana,,24.0,189.0,77.0,Right,4.0,3.0,,Men's Football,https://www.ea.com/games/ea-sports-fc/ratings/player-ratings/270844,74,56,55,68,28,58,73.0,75.0,57.0,64.0,63.0,34.0,50.0,49.0,55.0,62.0,30.0,60.0,44.0,49.0,70.0,76.0,65.0,55.0,65.0,58.0,18.0,47.0,33.0,24.0,29.0,64.0,63.0,66.0,28.0,5.0,15.0,13.0,5.0,8.0
Tunisia,,DF,Lorient,False,False,ea_fc26,2871.0,Montassar Talbi,73,CB,,Tunisia,Ligue 2 BKT,FC Lorient,28.0,190.0,81.0,Right,3.0,2.0,"Block, Anticipate, Slide Tackle, Aerial",Men's Football,https://www.ea.com/games/ea-sports-fc/ratings/player-ratings/245410,60,30,42,57,73,76,54.0,64.0,25.0,23.0,46.0,25.0,34.0,41.0,30.0,27.0,35.0,61.0,40.0,26.0,48.0,60.0,69.0,67.0,65.0,65.0,69.0,71.0,73.0,77.0,73.0,78.0,64.0,81.0,76.0,9.0,8.0,12.0,10.0,14.0
Tunisia,,DF,Servette,False,False,ea_fc26,5019.0,Dylan Bronn,70,CB,,Tunisia,Serie BKT,Salernitana,30.0,185.0,76.0,Right,3.0,2.0,Long Ball Pass,Men's Football,https://www.ea.com/games/ea-sports-fc/ratings/player-ratings/235565,60,61,64,61,70,75,62.0,58.0,56.0,56.0,74.0,64.0,54.0,63.0,65.0,65.0,52.0,65.0,64.0,63.0,57.0,66.0,63.0,68.0,64.0,66.0,70.0,68.0,72.0,70.0,70.0,76.0,72.0,77.0,72.0,6.0,10.0,9.0,7.0,9.0
Tunisia,,DF,Nice,False,False,ea_fc26,4248.0,Ali Abdi,71,LB,,Tunisia,Ligue 1 McDonald's,OGC Nice,32.0,183.0,73.0,Left,3.0,3.0,"Whipped Pass, Anticipate, Relentless, Long Throw",Men's Football,https://www.ea.com/games/ea-sports-fc/ratings/player-ratings/252711,89,60,66,71,62,76,83.0,93.0,70.0,60.0,67.0,60.0,49.0,41.0,64.0,68.0,44.0,69.0,64.0,68.0,70.0,76.0,68.0,70.0,71.0,67.0,59.0,69.0,62.0,61.0,61.0,83.0,90.0,71.0,67.0,13.0,13.0,13.0,10.0,9.0
Tunisia,,DF,Young Boys,False,False,ea_fc26,4248.0,Yan Valery,71,RB,CB,Tunisia,EFL Championship,Sheffield Wed,27.0,185.0,85.0,Right,2.0,3.0,Jockey,Men's Football,https://www.ea.com/games/ea-sports-fc/ratings/player-ratings/236316,64,52,63,67,70,72,69.0,60.0,59.0,42.0,67.0,63.0,34.0,41.0,59.0,67.0,41.0,67.0,63.0,55.0,68.0,65.0,67.0,71.0,66.0,69.0,70.0,68.0,69.0,72.0,68.0,73.0,75.0,70.0,73.0,12.0,14.0,7.0,11.0,14.0
Tunisia,,DF,IFK Norrköping,False,False,ea_fc26,15606.0,Moutaz Neffati,58,RB,,Sweden,Allsvenskan,IFK Norrköping,21.0,180.0,74.0,Right,3.0,2.0,,Men's Football,https://www.ea.com/games/ea-sports-fc/ratings/player-ratings/279056,62,49,54,58,55,52,65.0,60.0,50.0,51.0,52.0,44.0,43.0,46.0,52.0,58.0,31.0,57.0,52.0,44.0,58.0,56.0,68.0,54.0,59.0,54.0,55.0,52.0,53.0,57.0,55.0,55.0,51.0,54.0,48.0,15.0,10.0,9.0,9.0,14.0
Tunisia,,DF,Maribor,False,False,ea_fc26,11128.0,Omar Rekik,64,CB,,Tunisia,Premier League,Arsenal,24.0,186.0,80.0,Right,4.0,2.0,,Men's Football,https://www.ea.com/games/ea-sports-fc/ratings/player-ratings/258033,68,38,55,59,62,69,69.0,68.0,45.0,31.0,49.0,38.0,40.0,44.0,55.0,40.0,34.0,64.0,63.0,42.0,57.0,57.0,63.0,64.0,61.0,64.0,62.0,61.0,62.0,63.0,64.0,71.0,63.0,70.0,73.0,7.0,10.0,8.0,10.0,9.0
Tunisia,,MF,Eintracht Frankfurt,True,False,ea_fc26,456.0,Ellyes Skhiri,81,CDM,CM,Tunisia,Bundesliga,Frankfurt,31.0,185.0,74.0,Right,3.0,3.0,"Intercept, Press Proven, Relentless",Men's Football,https://www.ea.com/games/ea-sports-fc/ratings/player-ratings/225126,60,73,74,75,80,76,65.0,55.0,75.0,76.0,75.0,72.0,60.0,58.0,71.0,67.0,55.0,78.0,82.0,72.0,76.0,74.0,64.0,83.0,75.0,80.0,86.0,75.0,82.0,79.0,73.0,75.0,90.0,68.0,77.0,15.0,14.0,8.0,14.0,14.0
Tunisia,,MF,Burnley,False,False,ea_fc26,5881.0,Hannibal,69,CM,CAM,Tunisia,EFL Championship,Burnley,23.0,182.0,70.0,Right,3.0,3.0,"Technical, Flair",Men's Football,https://www.ea.com/games/ea-sports-fc/ratings/player-ratings/258171,73,60,70,70,64,75,72.0,74.0,66.0,55.0,68.0,62.0,54.0,56.0,71.0,68.0,67.0,70.0,69.0,75.0,69.0,76.0,74.0,70.0,68.0,73.0,64.0,53.0,64.0,68.0,67.0,68.0,78.0,68.0,88.0,9.0,5.0,10.0,11.0,7.0
Tunisia,,MF,Norwich City,False,False,ea_fc26,7904.0,Anis Slimane,67,CM,CAM,Tunisia,EFL Championship,Norwich,25.0,188.0,86.0,Right,4.0,4.0,Technical,Men's Football,https://www.ea.com/games/ea-sports-fc/ratings/player-ratings/255210,65,59,62,68,58,75,66.0,65.0,66.0,59.0,64.0,59.0,47.0,49.0,66.0,45.0,51.0,69.0,67.0,59.0,69.0,68.0,67.0,65.0,69.0,65.0,58.0,50.0,59.0,59.0,56.0,71.0,74.0,81.0,62.0,11.0,12.0,8.0,5.0,14.0
Tunisia,,MF,Kasımpaşa,False,False,ea_fc26,5881.0,Mortadha Ben Ouanes,69,LB,"RM, LM",Tunisia,Trendyol Süper Lig,Kasımpaşa,31.0,182.0,75.0,Left,3.0,3.0,,Men's Football,https://www.ea.com/games/ea-sports-fc/ratings/player-ratings/263432,72,60,68,68,66,65,73.0,72.0,62.0,59.0,65.0,62.0,40.0,63.0,70.0,69.0,52.0,70.0,65.0,69.0,68.0,68.0,63.0,63.0,69.0,71.0,64.0,59.0,69.0,67.0,66.0,70.0,70.0,63.0,64.0,14.0,15.0,8.0,13.0,12.0
Tunisia,,MF,FC Augsburg,False,False,ea_fc26,6856.0,Ismaël Gharbi,68,LW,"CAM, LM",Spain,Liga Portugal,SC Braga,22.0,167.0,58.0,Right,3.0,3.0,"Technical, Trivela",Men's Football,https://www.ea.com/games/ea-sports-fc/ratings/player-ratings/263194,73,57,63,74,40,46,75.0,72.0,62.0,57.0,60.0,54.0,49.0,60.0,67.0,61.0,52.0,66.0,57.0,68.0,74.0,81.0,87.0,66.0,73.0,68.0,40.0,35.0,37.0,45.0,38.0,42.0,68.0,34.0,51.0,7.0,9.0,13.0,15.0,8.0
Tunisia,,MF,Lugano,False,False,ea_fc26,10049.0,Mohamed Belhadj Mahmoud,65,CM,CDM,Tunisia,CSSL,FC Lugano,26.0,179.0,78.0,Right,2.0,3.0,,Men's Football,https://www.ea.com/games/ea-sports-fc/ratings/player-ratings/264705,67,58,62,66,64,69,66.0,68.0,63.0,56.0,57.0,66.0,45.0,57.0,55.0,59.0,45.0,70.0,70.0,47.0,66.0,67.0,70.0,57.0,67.0,62.0,64.0,56.0,63.0,66.0,65.0,68.0,70.0,70.0,66.0,7.0,9.0,11.0,10.0,10.0
Tunisia,,MF,Union Berlin,False,False,ea_fc26,1881.0,Rani Khedira,75,CDM,CM,Germany,Bundesliga,Union Berlin,32.0,189.0,86.0,Right,3.0,2.0,Bruiser,Men's Football,https://www.ea.com/games/ea-sports-fc/ratings/player-ratings/211999,54,43,57,62,79,80,53.0,54.0,43.0,34.0,58.0,51.0,29.0,46.0,59.0,42.0,41.0,68.0,63.0,38.0,58.0,54.0,55.0,75.0,68.0,69.0,78.0,75.0,83.0,78.0,74.0,79.0,71.0,83.0,86.0,9.0,13.0,11.0,12.0,8.0
Tunisia,,FW,Copenhagen,False,False,ea_fc26,2871.0,Elias Achouri,73,LW,LM,Tunisia,3F Superliga,F.C. København,27.0,177.0,70.0,Right,4.0,4.0,"Technical, Flair, Trickster",Men's Football,https://www.ea.com/games/ea-sports-fc/ratings/player-ratings/263672,86,66,66,75,30,56,87.0,86.0,68.0,68.0,68.0,62.0,60.0,60.0,69.0,67.0,48.0,67.0,60.0,69.0,76.0,79.0,76.0,70.0,74.0,66.0,26.0,46.0,25.0,32.0,28.0,64.0,67.0,52.0,48.0,13.0,11.0,6.0,15.0,14.0
Tunisia,,FW,Hannover 96,False,False,ea_fc26,4248.0,Elias Saad,71,LW,"LM, CAM",Tunisia,Bundesliga,FC St. Pauli,26.0,185.0,72.0,Right,3.0,5.0,"Finesse Shot, Tiki Taka, Flair, Trickster",Men's Football,https://www.ea.com/games/ea-sports-fc/ratings/player-ratings/274000,74,65,65,77,33,56,82.0,67.0,68.0,69.0,69.0,57.0,57.0,55.0,65.0,62.0,42.0,72.0,63.0,63.0,79.0,85.0,80.0,68.0,74.0,69.0,25.0,47.0,28.0,36.0,38.0,65.0,71.0,58.0,31.0,7.0,9.0,8.0,12.0,12.0
Tunisia,,FW,Celtic,False,False,ea_fc26,13032.0,Sebastian Tounekti,62,LM,LW,Tunisia,Eliteserien,FK Haugesund,23.0,170.0,68.0,Right,3.0,3.0,,Men's Football,https://www.ea.com/games/ea-sports-fc/ratings/player-ratings/256383,75,54,55,65,24,52,76.0,74.0,63.0,55.0,56.0,52.0,41.0,49.0,58.0,52.0,42.0,58.0,50.0,57.0,65.0,81.0,79.0,55.0,60.0,59.0,25.0,32.0,23.0,22.0,26.0,54.0,58.0,55.0,37.0,9.0,6.0,6.0,5.0,10.0
Iraq,,DF,Pogoń Szczecin,False,False,ea_fc26,13032.0,Hussein Ali,62,RB,,Iraq,Eredivisie,,24.0,180.0,73.0,Right,3.0,2.0,,Men's Football,https://www.ea.com/games/ea-sports-fc/ratings/player-ratings/252736,73,34,49,59,58,61,75.0,71.0,44.0,27.0,49.0,35.0,24.0,35.0,41.0,49.0,31.0,58.0,49.0,40.0,54.0,73.0,64.0,55.0,61.0,54.0,58.0,43.0,62.0,59.0,60.0,56.0,69.0,57.0,60.0,9.0,12.0,14.0,14.0,11.0
Iraq,,MF,Cracovia,False,False,ea_fc26,10049.0,Amir Al-Ammari,65,CM,,Iraq,PKO BP Ekstraklasa,Cracovia,28.0,184.0,70.0,Left,3.0,2.0,Intercept,Men's Football,https://www.ea.com/games/ea-sports-fc/ratings/player-ratings/261298,68,57,65,65,60,74,66.0,70.0,58.0,53.0,64.0,58.0,54.0,55.0,59.0,62.0,70.0,68.0,67.0,65.0,63.0,65.0,67.0,62.0,67.0,63.0,71.0,44.0,62.0,58.0,58.0,61.0,83.0,73.0,69.0,8.0,6.0,11.0,14.0,13.0
Iraq,,MF,AEK Larnaca,False,False,ea_fc26,11128.0,Youssef Amyn,64,CAM,LM,Iraq,ROSHN Saudi League,Al Wehda,22.0,172.0,68.0,Right,3.0,4.0,Technical,Men's Football,https://www.ea.com/games/ea-sports-fc/ratings/player-ratings/261435,74,59,57,71,40,43,83.0,67.0,58.0,58.0,66.0,60.0,54.0,46.0,60.0,55.0,45.0,62.0,48.0,55.0,70.0,90.0,90.0,63.0,68.0,52.0,42.0,31.0,42.0,39.0,41.0,52.0,66.0,32.0,39.0,7.0,14.0,14.0,8.0,7.0
Iraq,,MF,Utrecht,False,False,ea_fc26,12144.0,Zidane Iqbal,63,CM,"CAM, CDM",Iraq,Eredivisie,,23.0,181.0,65.0,Right,3.0,4.0,"Technical, Flair",Men's Football,https://www.ea.com/games/ea-sports-fc/ratings/player-ratings/265788,68,58,61,70,52,56,68.0,68.0,63.0,58.0,61.0,59.0,49.0,49.0,66.0,56.0,44.0,64.0,62.0,62.0,68.0,82.0,81.0,65.0,67.0,70.0,52.0,45.0,50.0,56.0,49.0,53.0,60.0,54.0,56.0,6.0,10.0,9.0,8.0,5.0
Iraq,,MF,AGF,False,False,ea_fc26,6856.0,Kevin Yakob,68,CM,CAM,Iraq,3F Superliga,AGF,25.0,184.0,77.0,Right,4.0,3.0,Long Ball Pass,Men's Football,https://www.ea.com/games/ea-sports-fc/ratings/player-ratings/243539,70,63,69,72,62,66,71.0,70.0,65.0,66.0,63.0,60.0,55.0,54.0,68.0,67.0,62.0,72.0,70.0,65.0,70.0,79.0,81.0,68.0,71.0,70.0,63.0,59.0,61.0,63.0,61.0,71.0,68.0,67.0,61.0,5.0,12.0,12.0,7.0,11.0
Iraq,,MF,Sarpsborg 08,False,False,ea_fc26,11128.0,Aimar Sher,64,CDM,CM,Sweden,Eliteserien,Sarpsborg 08,23.0,175.0,65.0,Right,3.0,3.0,,Men's Football,https://www.ea.com/games/ea-sports-fc/ratings/player-ratings/253010,64,44,59,68,56,65,72.0,57.0,53.0,38.0,51.0,50.0,39.0,44.0,64.0,47.0,42.0,65.0,63.0,45.0,66.0,84.0,82.0,64.0,65.0,67.0,59.0,39.0,58.0,58.0,56.0,54.0,78.0,56.0,73.0,9.0,9.0,11.0,11.0,10.0
Iraq,,MF,Nashville SC,False,False,ea_fc26,12144.0,Ahmed Qasem,63,CAM,CM,Sweden,Allsvenskan,IF Elfsborg,22.0,178.0,72.0,Left,3.0,3.0,,Men's Football,https://www.ea.com/games/ea-sports-fc/ratings/player-ratings/261031,70,55,60,66,38,57,72.0,68.0,55.0,53.0,56.0,59.0,50.0,49.0,65.0,55.0,36.0,64.0,58.0,52.0,65.0,67.0,72.0,58.0,67.0,62.0,40.0,40.0,36.0,36.0,47.0,57.0,57.0,60.0,50.0,12.0,9.0,9.0,8.0,11.0
Iraq,,FW,Luton Town,False,False,ea_fc26,8960.0,Ali Al Hamadi,66,ST,,Iraq,Premier League,Ipswich,24.0,187.0,76.0,Right,3.0,2.0,,Men's Football,https://www.ea.com/games/ea-sports-fc/ratings/player-ratings/263376,80,63,47,64,18,73,81.0,79.0,67.0,68.0,62.0,55.0,60.0,59.0,56.0,32.0,40.0,54.0,41.0,45.0,65.0,63.0,66.0,64.0,64.0,63.0,16.0,59.0,12.0,14.0,12.0,82.0,68.0,78.0,65.0,9.0,5.0,9.0,9.0,10.0
South Africa,,DF,Philadelphia Union,False,False,ea_fc26,17273.0,Olwethu Makhanya,50,CB,,South Africa,MLS,Philadelphia,22.0,178.0,72.0,Right,2.0,2.0,,Men's Football,https://www.ea.com/games/ea-sports-fc/ratings/player-ratings/278688,61,24,29,31,53,51,58.0,63.0,28.0,21.0,33.0,20.0,25.0,34.0,26.0,28.0,22.0,35.0,23.0,21.0,25.0,31.0,68.0,45.0,31.0,43.0,48.0,50.0,51.0,58.0,57.0,50.0,59.0,51.0,41.0,6.0,9.0,12.0,12.0,14.0
South Africa,,MF,Tondela,False,False,ea_fc26,8960.0,Sphephelo Sithole,66,CDM,CM,South Africa,Liga Portugal,Gil Vicente,27.0,188.0,80.0,Right,2.0,2.0,,Men's Football,https://www.ea.com/games/ea-sports-fc/ratings/player-ratings/257293,65,58,60,63,64,75,63.0,66.0,66.0,54.0,67.0,60.0,42.0,51.0,64.0,50.0,48.0,66.0,62.0,39.0,66.0,56.0,51.0,68.0,61.0,66.0,65.0,67.0,63.0,65.0,60.0,77.0,68.0,78.0,74.0,12.0,14.0,14.0,10.0,9.0
South Africa,,FW,Burnley,False,False,ea_fc26,3509.0,Lyle Foster,72,ST,,South Africa,EFL Championship,Burnley,25.0,185.0,70.0,Right,3.0,3.0,Rapid,Men's Football,https://www.ea.com/games/ea-sports-fc/ratings/player-ratings/241173,79,72,61,69,36,73,77.0,80.0,73.0,74.0,76.0,65.0,66.0,65.0,63.0,62.0,47.0,65.0,51.0,55.0,69.0,65.0,66.0,68.0,71.0,67.0,24.0,69.0,36.0,33.0,31.0,83.0,69.0,76.0,66.0,5.0,6.0,10.0,9.0,12.0
Saudi Arabia,,GK,Al-Ula,False,False,ea_fc26,5881.0,Mohammed Al Owais,69,GK,,Saudi Arabia,ROSHN Saudi League,Al Hilal,34.0,185.0,75.0,Left,2.0,1.0,Cross Claimer,Men's Football,https://www.ea.com/games/ea-sports-fc/ratings/player-ratings/210923,77,62,60,71,51,64,49.0,55.0,10.0,20.0,45.0,12.0,12.0,19.0,45.0,14.0,16.0,27.0,26.0,16.0,14.0,62.0,57.0,70.0,17.0,49.0,24.0,20.0,13.0,20.0,25.0,65.0,35.0,62.0,45.0,77.0,62.0,60.0,64.0,71.0
Saudi Arabia,,GK,Al-Nassr,False,False,ea_fc26,6856.0,Nawaf Al Aqidi,68,GK,,Saudi Arabia,ROSHN Saudi League,Al Nassr,26.0,188.0,83.0,Right,3.0,1.0,,Men's Football,https://www.ea.com/games/ea-sports-fc/ratings/player-ratings/255368,71,66,65,69,47,64,46.0,49.0,8.0,7.0,49.0,8.0,9.0,14.0,29.0,15.0,10.0,38.0,34.0,14.0,12.0,45.0,48.0,67.0,30.0,45.0,10.0,19.0,8.0,11.0,12.0,64.0,29.0,64.0,19.0,71.0,66.0,65.0,64.0,69.0
Saudi Arabia,,GK,Al-Qadsiah,False,False,ea_fc26,12144.0,Ahmed Al Kassar,63,GK,,Saudi Arabia,ROSHN Saudi League,Al Qadsiah,35.0,177.0,72.0,Right,3.0,1.0,,Men's Football,https://www.ea.com/games/ea-sports-fc/ratings/player-ratings/209027,62,63,55,65,40,63,40.0,41.0,18.0,15.0,41.0,20.0,11.0,19.0,46.0,15.0,15.0,23.0,16.0,17.0,19.0,36.0,62.0,58.0,17.0,48.0,20.0,18.0,12.0,14.0,17.0,57.0,35.0,56.0,16.0,62.0,63.0,55.0,63.0,65.0
Saudi Arabia,,DF,Lens,False,False,ea_fc26,967.0,Saud Abdulhamid,78,RB,,Saudi Arabia,Serie A Enilive,AS Roma,26.0,175.0,70.0,Right,3.0,3.0,"Rapid, Quick Step, Relentless, Long Throw+",Men's Football,https://www.ea.com/games/ea-sports-fc/ratings/player-ratings/246688,92,46,67,72,71,77,91.0,92.0,75.0,41.0,53.0,45.0,35.0,48.0,59.0,75.0,43.0,71.0,67.0,62.0,74.0,82.0,87.0,72.0,66.0,64.0,74.0,61.0,69.0,76.0,70.0,73.0,94.0,70.0,75.0,5.0,9.0,6.0,12.0,14.0
Saudi Arabia,,DF,Al-Nassr,False,False,ea_fc26,5881.0,Abdulelah Al Amri,69,CB,,Saudi Arabia,ROSHN Saudi League,Al Ittihad,29.0,184.0,75.0,Right,2.0,2.0,"Power Header, Long Ball Pass, Slide Tackle, Aerial",Men's Football,https://www.ea.com/games/ea-sports-fc/ratings/player-ratings/241197,69,29,49,47,67,81,63.0,73.0,51.0,20.0,49.0,22.0,21.0,45.0,41.0,49.0,32.0,53.0,61.0,29.0,47.0,55.0,51.0,63.0,40.0,49.0,68.0,78.0,61.0,66.0,70.0,94.0,76.0,80.0,84.0,11.0,8.0,13.0,9.0,12.0
Saudi Arabia,,DF,Al-Nassr,False,False,ea_fc26,12144.0,Nawaf Boushal,63,RB,,Saudi Arabia,ROSHN Saudi League,Al Nassr,26.0,175.0,65.0,Right,3.0,2.0,Intercept,Men's Football,https://www.ea.com/games/ea-sports-fc/ratings/player-ratings/254685,80,36,47,61,58,72,78.0,81.0,51.0,30.0,40.0,38.0,39.0,47.0,41.0,52.0,33.0,50.0,46.0,46.0,62.0,80.0,75.0,53.0,55.0,49.0,62.0,40.0,52.0,64.0,64.0,71.0,79.0,68.0,73.0,12.0,12.0,12.0,9.0,7.0
Saudi Arabia,,DF,Al-Hilal,False,False,ea_fc26,5881.0,Ali Lajami,69,CB,,Saudi Arabia,ROSHN Saudi League,Al Nassr,30.0,178.0,75.0,Right,4.0,2.0,"Block, Intercept, Slide Tackle, Long Throw",Men's Football,https://www.ea.com/games/ea-sports-fc/ratings/player-ratings/228783,76,48,58,60,67,76,78.0,74.0,48.0,48.0,56.0,38.0,47.0,47.0,50.0,47.0,51.0,66.0,71.0,39.0,53.0,79.0,73.0,66.0,61.0,58.0,71.0,64.0,65.0,66.0,71.0,80.0,78.0,73.0,80.0,9.0,14.0,9.0,14.0,12.0
Saudi Arabia,,DF,Al-Ahli,False,False,ea_fc26,10049.0,Ali Majrashi,65,RB,,Saudi Arabia,ROSHN Saudi League,Al Ahli,26.0,172.0,66.0,Right,3.0,3.0,,Men's Football,https://www.ea.com/games/ea-sports-fc/ratings/player-ratings/242506,81,44,52,62,58,73,77.0,84.0,62.0,36.0,57.0,48.0,45.0,31.0,38.0,59.0,29.0,59.0,54.0,42.0,60.0,79.0,82.0,62.0,60.0,46.0,62.0,48.0,58.0,58.0,56.0,71.0,77.0,73.0,66.0,10.0,13.0,11.0,15.0,11.0
Saudi Arabia,,DF,Al-Hilal,False,False,ea_fc26,6856.0,Muteb Al Harbi,68,LB,LM,Saudi Arabia,ROSHN Saudi League,Al Hilal,26.0,177.0,60.0,Left,3.0,3.0,"Rapid, Quick Step",Men's Football,https://www.ea.com/games/ea-sports-fc/ratings/player-ratings/256331,93,54,64,69,55,61,92.0,93.0,67.0,58.0,58.0,44.0,39.0,41.0,68.0,68.0,38.0,67.0,56.0,61.0,69.0,87.0,68.0,59.0,68.0,54.0,56.0,41.0,55.0,59.0,58.0,64.0,87.0,56.0,40.0,6.0,9.0,9.0,15.0,14.0
Saudi Arabia,,MF,Al-Hilal,True,False,ea_fc26,575.0,Salem Al Dawsari,80,LM,LW,Saudi Arabia,ROSHN Saudi League,Al Hilal,34.0,173.0,71.0,Right,5.0,4.0,"Finesse Shot, Chip Shot, Technical, Flair, First Touch",Men's Football,https://www.ea.com/games/ea-sports-fc/ratings/player-ratings/210602,85,75,72,84,52,80,84.0,85.0,78.0,76.0,74.0,75.0,79.0,61.0,74.0,69.0,60.0,74.0,71.0,70.0,86.0,84.0,88.0,81.0,82.0,80.0,50.0,51.0,62.0,44.0,51.0,70.0,88.0,77.0,81.0,7.0,12.0,13.0,14.0,10.0
Saudi Arabia,,MF,Al-Hilal,False,False,ea_fc26,4248.0,Mohammed Kanno,71,CM,CDM,Saudi Arabia,ROSHN Saudi League,Al Hilal,31.0,191.0,67.0,Right,3.0,3.0,"Power Shot, Aerial",Men's Football,https://www.ea.com/games/ea-sports-fc/ratings/player-ratings/220075,75,68,71,72,67,74,68.0,81.0,67.0,64.0,79.0,70.0,56.0,66.0,66.0,66.0,70.0,76.0,76.0,56.0,73.0,75.0,56.0,64.0,73.0,65.0,66.0,69.0,66.0,72.0,57.0,76.0,77.0,75.0,67.0,10.0,15.0,9.0,13.0,11.0
Saudi Arabia,,MF,Al-Hilal,False,False,ea_fc26,8960.0,Nasser Al Dawsari,66,LB,"CM, CDM",Saudi Arabia,ROSHN Saudi League,Al Hilal,27.0,178.0,68.0,Left,3.0,3.0,,Men's Football,https://www.ea.com/games/ea-sports-fc/ratings/player-ratings/241938,68,60,69,68,59,59,66.0,69.0,60.0,57.0,70.0,66.0,38.0,53.0,65.0,73.0,49.0,71.0,70.0,66.0,67.0,79.0,67.0,60.0,68.0,64.0,62.0,52.0,59.0,60.0,61.0,60.0,65.0,58.0,56.0,14.0,13.0,12.0,14.0,15.0
Saudi Arabia,,MF,Al-Nassr,False,False,ea_fc26,4248.0,Abdullah Al Khaibari,71,CDM,CM,Saudi Arabia,ROSHN Saudi League,Al Nassr,29.0,175.0,75.0,Right,3.0,3.0,,Men's Football,https://www.ea.com/games/ea-sports-fc/ratings/player-ratings/237721,67,43,64,67,68,72,74.0,62.0,53.0,35.0,57.0,47.0,38.0,40.0,64.0,54.0,39.0,74.0,67.0,44.0,67.0,65.0,74.0,68.0,67.0,62.0,68.0,53.0,69.0,71.0,67.0,69.0,79.0,69.0,71.0,6.0,13.0,15.0,9.0,12.0
Saudi Arabia,,MF,Al-Nassr,False,False,ea_fc26,8960.0,Ayman Yahya,66,RM,"LM, RW",Saudi Arabia,ROSHN Saudi League,Al Nassr,25.0,171.0,60.0,Left,3.0,3.0,Rapid,Men's Football,https://www.ea.com/games/ea-sports-fc/ratings/player-ratings/253440,84,60,58,66,32,65,83.0,84.0,64.0,63.0,65.0,57.0,45.0,45.0,61.0,57.0,51.0,62.0,52.0,49.0,67.0,73.0,78.0,64.0,63.0,56.0,27.0,54.0,32.0,30.0,21.0,69.0,70.0,59.0,72.0,14.0,12.0,5.0,11.0,14.0
Saudi Arabia,,MF,Al-Ahli,False,False,ea_fc26,13836.0,Ziyad Al Johani,61,CM,"CDM, CAM",Saudi Arabia,ROSHN Saudi League,Al Ahli,24.0,178.0,61.0,Left,4.0,2.0,,Men's Football,https://www.ea.com/games/ea-sports-fc/ratings/player-ratings/263182,64,44,59,60,59,56,63.0,64.0,55.0,45.0,43.0,44.0,33.0,42.0,57.0,54.0,42.0,67.0,62.0,41.0,58.0,55.0,69.0,62.0,63.0,55.0,61.0,47.0,58.0,63.0,55.0,54.0,61.0,56.0,50.0,12.0,11.0,9.0,11.0,13.0
Saudi Arabia,,MF,Al-Hilal,False,False,ea_fc26,8960.0,Sultan Mandash,66,RM,RW,Saudi Arabia,ROSHN Saudi League,Al Taawoun,31.0,172.0,71.0,Left,4.0,3.0,,Men's Football,https://www.ea.com/games/ea-sports-fc/ratings/player-ratings/225976,80,55,57,70,25,59,81.0,80.0,62.0,52.0,61.0,53.0,53.0,62.0,57.0,61.0,39.0,57.0,54.0,60.0,70.0,84.0,73.0,63.0,67.0,59.0,12.0,42.0,27.0,27.0,23.0,61.0,74.0,59.0,40.0,7.0,13.0,14.0,7.0,10.0
Saudi Arabia,,FW,Al-Ittihad,False,False,ea_fc26,6856.0,Saleh Al Shehri,68,ST,,Saudi Arabia,ROSHN Saudi League,Al Ittihad,32.0,184.0,77.0,Right,3.0,2.0,Power Header,Men's Football,https://www.ea.com/games/ea-sports-fc/ratings/player-ratings/211173,66,65,51,63,28,71,67.0,65.0,73.0,68.0,66.0,55.0,66.0,70.0,55.0,38.0,37.0,61.0,44.0,52.0,64.0,67.0,41.0,71.0,63.0,63.0,20.0,71.0,26.0,19.0,33.0,84.0,58.0,81.0,61.0,12.0,13.0,16.0,10.0,13.0
Saudi Arabia,,FW,Al-Nassr,False,False,ea_fc26,13836.0,Abdullah Al Hamdan,61,ST,,Saudi Arabia,ROSHN Saudi League,Al Hilal,26.0,186.0,78.0,Right,4.0,2.0,,Men's Football,https://www.ea.com/games/ea-sports-fc/ratings/player-ratings/242223,71,59,58,60,34,65,68.0,73.0,62.0,59.0,62.0,59.0,52.0,59.0,58.0,59.0,35.0,64.0,51.0,49.0,59.0,66.0,52.0,54.0,62.0,52.0,31.0,60.0,38.0,24.0,30.0,73.0,63.0,71.0,51.0,10.0,6.0,10.0,8.0,10.0
Saudi Arabia,,FW,Al-Ettifaq,False,False,ea_fc26,13032.0,Khalid Al Ghannam,62,LM,"RM, LW",Saudi Arabia,ROSHN Saudi League,Al Hilal,25.0,173.0,64.0,Right,3.0,4.0,"Technical, Flair, Trickster",Men's Football,https://www.ea.com/games/ea-sports-fc/ratings/player-ratings/248498,71,53,53,72,29,44,73.0,70.0,58.0,53.0,56.0,51.0,42.0,51.0,52.0,52.0,39.0,55.0,53.0,53.0,75.0,84.0,79.0,52.0,68.0,66.0,24.0,43.0,29.0,26.0,31.0,43.0,61.0,39.0,34.0,8.0,13.0,14.0,8.0,5.0
Jordan,,DF,FC Seoul,False,False,ea_fc26,13032.0,Yazan Al-Arab,62,CB,,Jordan,K League 1,FC Seoul,30.0,187.0,80.0,Left,3.0,2.0,,Men's Football,https://www.ea.com/games/ea-sports-fc/ratings/player-ratings/73466,58,29,37,42,62,71,56.0,59.0,32.0,29.0,34.0,22.0,28.0,34.0,38.0,26.0,31.0,44.0,36.0,29.0,34.0,49.0,62.0,54.0,45.0,48.0,62.0,62.0,60.0,62.0,63.0,73.0,58.0,78.0,68.0,10.0,13.0,8.0,7.0,12.0
Bosnia-Herzegovina,,GK,FC St. Pauli,False,False,ea_fc26,5019.0,Nikola Vasilj,70,GK,,Bosnia and Herzegovina,Bundesliga,FC St. Pauli,30.0,193.0,89.0,Right,3.0,1.0,,Men's Football,https://www.ea.com/games/ea-sports-fc/ratings/player-ratings/262956,70,67,65,71,34,71,36.0,30.0,8.0,9.0,49.0,7.0,6.0,16.0,42.0,10.0,11.0,40.0,38.0,14.0,12.0,40.0,23.0,68.0,22.0,55.0,15.0,12.0,13.0,10.0,14.0,63.0,21.0,72.0,30.0,70.0,67.0,65.0,71.0,71.0
Bosnia-Herzegovina,,DF,Atalanta,False,False,ea_fc26,734.0,Sead Kolašinac,79,CB,LB,Bosnia and Herzegovina,Serie A Enilive,Bergamo Calcio,32.0,183.0,85.0,Left,2.0,2.0,Bruiser,Men's Football,https://www.ea.com/games/ea-sports-fc/ratings/player-ratings/207993,64,63,67,68,79,83,59.0,68.0,69.0,60.0,75.0,58.0,55.0,54.0,65.0,73.0,42.0,72.0,63.0,61.0,67.0,57.0,53.0,79.0,72.0,70.0,78.0,74.0,80.0,80.0,79.0,82.0,70.0,88.0,87.0,15.0,9.0,16.0,7.0,9.0
Bosnia-Herzegovina,,DF,Sampdoria,False,False,ea_fc26,5019.0,Dennis Hadžikadunić,70,CB,,Bosnia and Herzegovina,Bundesliga 2,Hamburger SV,27.0,191.0,81.0,Right,2.0,2.0,Aerial,Men's Football,https://www.ea.com/games/ea-sports-fc/ratings/player-ratings/236541,63,30,49,54,69,76,58.0,67.0,24.0,29.0,42.0,22.0,27.0,37.0,35.0,34.0,23.0,67.0,57.0,34.0,43.0,60.0,56.0,68.0,63.0,66.0,68.0,68.0,68.0,70.0,68.0,74.0,70.0,77.0,79.0,14.0,9.0,11.0,7.0,8.0
Bosnia-Herzegovina,,DF,Benfica,False,False,ea_fc26,2871.0,Amar Dedić,73,RB,LB,Bosnia and Herzegovina,Ö. Bundesliga,RB Salzburg,23.0,180.0,74.0,Right,3.0,3.0,Technical,Men's Football,https://www.ea.com/games/ea-sports-fc/ratings/player-ratings/257345,83,58,68,71,66,74,83.0,83.0,64.0,56.0,67.0,57.0,59.0,44.0,64.0,74.0,68.0,68.0,69.0,63.0,72.0,78.0,74.0,64.0,70.0,66.0,66.0,56.0,62.0,72.0,70.0,76.0,88.0,69.0,68.0,11.0,6.0,9.0,14.0,9.0
Bosnia-Herzegovina,,DF,Schalke 04,False,False,ea_fc26,5881.0,Nikola Katić,69,CB,,Croatia,CSSL,FC Zürich,29.0,194.0,90.0,Right,2.0,2.0,"Power Header, Anticipate, Slide Tackle, Aerial",Men's Football,https://www.ea.com/games/ea-sports-fc/ratings/player-ratings/244204,55,35,45,54,67,78,48.0,60.0,33.0,27.0,50.0,43.0,26.0,33.0,35.0,29.0,26.0,60.0,54.0,27.0,54.0,33.0,33.0,64.0,61.0,65.0,67.0,72.0,64.0,68.0,69.0,78.0,69.0,83.0,77.0,9.0,7.0,12.0,14.0,13.0
Bosnia-Herzegovina,,MF,Hull City,False,False,ea_fc26,2309.0,Amir Hadžiahmetović,74,CDM,CM,Bosnia and Herzegovina,Trendyol Süper Lig,Çaykur Rizespor,29.0,179.0,70.0,Right,3.0,2.0,Long Ball Pass,Men's Football,https://www.ea.com/games/ea-sports-fc/ratings/player-ratings/233053,71,60,73,72,71,76,72.0,70.0,69.0,52.0,72.0,67.0,50.0,55.0,70.0,71.0,61.0,75.0,77.0,73.0,72.0,70.0,70.0,69.0,74.0,71.0,72.0,63.0,71.0,72.0,69.0,69.0,86.0,73.0,72.0,7.0,15.0,7.0,14.0,14.0
Bosnia-Herzegovina,,MF,Brøndby,False,False,ea_fc26,5019.0,Benjamin Tahirović,70,CDM,CM,Bosnia and Herzegovina,Eredivisie,,23.0,191.0,77.0,Right,3.0,2.0,,Men's Football,https://www.ea.com/games/ea-sports-fc/ratings/player-ratings/272596,54,50,65,68,64,72,53.0,54.0,50.0,45.0,66.0,49.0,34.0,56.0,62.0,55.0,41.0,75.0,73.0,41.0,69.0,58.0,50.0,66.0,74.0,65.0,63.0,54.0,58.0,72.0,70.0,63.0,76.0,72.0,71.0,9.0,11.0,8.0,8.0,7.0
Bosnia-Herzegovina,,MF,Young Boys,False,False,ea_fc26,7904.0,Armin Gigović,67,CM,CDM,Bosnia and Herzegovina,Bundesliga,Holstein Kiel,24.0,187.0,78.0,Right,4.0,3.0,"Flair, Press Proven",Men's Football,https://www.ea.com/games/ea-sports-fc/ratings/player-ratings/251617,70,54,64,70,54,69,69.0,71.0,64.0,53.0,54.0,51.0,58.0,54.0,69.0,54.0,50.0,70.0,65.0,56.0,72.0,71.0,57.0,66.0,71.0,66.0,55.0,53.0,52.0,56.0,51.0,68.0,75.0,71.0,59.0,5.0,9.0,7.0,14.0,15.0
Bosnia-Herzegovina,,MF,Karlsruher SC,False,False,ea_fc26,6856.0,Dženis Burnić,68,CDM,"CM, RM",Germany,Bundesliga 2,Karlsruher SC,28.0,181.0,73.0,Left,3.0,3.0,Long Ball Pass,Men's Football,https://www.ea.com/games/ea-sports-fc/ratings/player-ratings/228082,73,48,64,70,64,67,75.0,71.0,53.0,45.0,58.0,40.0,47.0,55.0,67.0,62.0,39.0,70.0,66.0,46.0,68.0,78.0,74.0,68.0,70.0,63.0,66.0,49.0,65.0,66.0,65.0,65.0,76.0,64.0,62.0,10.0,11.0,10.0,9.0,11.0
Bosnia-Herzegovina,,MF,PSV Eindhoven,False,False,ea_fc26,12144.0,Esmir Bajraktarevic,63,CAM,RM,United States,MLS,New England,21.0,175.0,64.0,Left,2.0,3.0,Technical,Men's Football,https://www.ea.com/games/ea-sports-fc/ratings/player-ratings/269823,73,52,56,69,34,56,75.0,71.0,58.0,51.0,57.0,51.0,42.0,42.0,69.0,41.0,38.0,60.0,57.0,44.0,70.0,73.0,77.0,56.0,67.0,62.0,28.0,36.0,39.0,31.0,38.0,54.0,64.0,57.0,46.0,15.0,13.0,5.0,5.0,11.0
Bosnia-Herzegovina,,FW,Schalke 04,True,False,ea_fc26,320.0,Edin Džeko,82,ST,,Bosnia and Herzegovina,Trendyol Süper Lig,Fenerbahçe,40.0,193.0,80.0,Right,5.0,3.0,"Finesse Shot, Incisive Pass, Technical",Men's Football,https://www.ea.com/games/ea-sports-fc/ratings/player-ratings/180930,57,82,73,76,45,76,53.0,60.0,85.0,84.0,85.0,77.0,80.0,67.0,78.0,65.0,54.0,79.0,75.0,65.0,76.0,62.0,55.0,83.0,81.0,87.0,50.0,86.0,54.0,28.0,16.0,77.0,68.0,84.0,64.0,9.0,11.0,13.0,15.0,15.0
Bosnia-Herzegovina,,FW,VfB Stuttgart,False,False,ea_fc26,734.0,Ermedin Demirović,79,ST,LM,Bosnia and Herzegovina,Bundesliga,VfB Stuttgart,28.0,185.0,84.0,Right,3.0,3.0,"Finesse Shot, Flair, Relentless",Men's Football,https://www.ea.com/games/ea-sports-fc/ratings/player-ratings/238900,69,81,72,77,41,79,69.0,69.0,82.0,83.0,84.0,77.0,76.0,64.0,76.0,69.0,53.0,78.0,64.0,73.0,77.0,70.0,72.0,81.0,80.0,73.0,36.0,69.0,38.0,39.0,42.0,78.0,86.0,77.0,76.0,9.0,8.0,9.0,7.0,6.0
Bosnia-Herzegovina,,FW,Borussia Mönchengladbach,False,False,ea_fc26,2871.0,Haris Tabaković,73,ST,,Bosnia and Herzegovina,Bundesliga,TSG Hoffenheim,31.0,194.0,90.0,Right,3.0,2.0,"Power Header, Press Proven, Aerial",Men's Football,https://www.ea.com/games/ea-sports-fc/ratings/player-ratings/212002,63,73,52,65,29,80,51.0,72.0,79.0,78.0,75.0,60.0,69.0,72.0,58.0,38.0,42.0,64.0,41.0,39.0,64.0,60.0,55.0,79.0,65.0,70.0,20.0,79.0,32.0,18.0,17.0,84.0,78.0,87.0,65.0,11.0,16.0,6.0,9.0,9.0
Cape Verde,,GK,San Diego FC,False,False,ea_fc26,13836.0,CJ dos Santos,61,GK,,United States,MLS,Inter Miami CF,25.0,194.0,77.0,Right,2.0,1.0,,Men's Football,https://www.ea.com/games/ea-sports-fc/ratings/player-ratings/267636,60,61,58,64,27,59,26.0,29.0,4.0,9.0,44.0,6.0,7.0,18.0,37.0,11.0,11.0,23.0,20.0,12.0,9.0,22.0,23.0,52.0,10.0,23.0,12.0,14.0,9.0,12.0,11.0,56.0,25.0,68.0,24.0,60.0,61.0,58.0,59.0,64.0
Cape Verde,,DF,Shamrock Rovers,False,False,ea_fc26,7904.0,Roberto Lopes,67,CB,,Cape Verde Islands,SSE Airtricity PD,Shamrock Rovers,33.0,182.0,83.0,Right,2.0,2.0,"Power Header, Jockey, Anticipate, Slide Tackle",Men's Football,https://www.ea.com/games/ea-sports-fc/ratings/player-ratings/202014,52,29,46,51,67,76,54.0,51.0,45.0,23.0,42.0,25.0,27.0,37.0,38.0,41.0,28.0,55.0,50.0,36.0,50.0,48.0,40.0,65.0,52.0,52.0,67.0,67.0,68.0,66.0,65.0,74.0,71.0,80.0,75.0,10.0,9.0,15.0,10.0,8.0
Cape Verde,,DF,FCSB,False,False,ea_fc26,1520.0,João Paulo,76,CDM,CM,Brazil,MLS,Sounders FC,35.0,171.0,71.0,Right,3.0,3.0,"Pinged Pass, Bruiser, Relentless",Men's Football,https://www.ea.com/games/ea-sports-fc/ratings/player-ratings/205953,65,69,76,75,72,77,66.0,64.0,71.0,66.0,78.0,71.0,67.0,57.0,75.0,74.0,67.0,80.0,78.0,68.0,74.0,73.0,77.0,73.0,77.0,77.0,71.0,55.0,78.0,73.0,69.0,73.0,74.0,80.0,75.0,15.0,8.0,16.0,14.0,9.0
Cape Verde,,DF,Villarreal,False,False,ea_fc26,2309.0,Logan Costa,74,CB,,Cape Verde Islands,LALIGA EA SPORTS,Villarreal CF,25.0,188.0,87.0,Right,3.0,2.0,,Men's Football,https://www.ea.com/games/ea-sports-fc/ratings/player-ratings/243923,48,38,55,61,75,75,50.0,47.0,28.0,38.0,54.0,28.0,27.0,39.0,32.0,52.0,31.0,69.0,64.0,48.0,64.0,33.0,39.0,72.0,66.0,75.0,73.0,73.0,76.0,76.0,74.0,76.0,67.0,79.0,73.0,6.0,12.0,13.0,7.0,7.0
Cape Verde,,DF,Columbus Crew,False,False,ea_fc26,5881.0,Steven Moreira,69,CB,RB,Cape Verde Islands,MLS,Columbus Crew,31.0,179.0,75.0,Right,2.0,2.0,,Men's Football,https://www.ea.com/games/ea-sports-fc/ratings/player-ratings/212401,68,32,65,66,69,73,70.0,67.0,59.0,26.0,43.0,28.0,35.0,37.0,67.0,65.0,29.0,71.0,65.0,53.0,64.0,76.0,69.0,72.0,64.0,68.0,69.0,64.0,70.0,70.0,67.0,72.0,81.0,69.0,74.0,10.0,14.0,9.0,15.0,9.0
Cape Verde,,DF,Trabzonspor,False,False,ea_fc26,7904.0,Wagner Pina,67,RM,"RB, RW",Cape Verde Islands,Liga Portugal,Estoril Praia,23.0,170.0,58.0,Right,2.0,3.0,,Men's Football,https://www.ea.com/games/ea-sports-fc/ratings/player-ratings/276909,76,43,60,68,53,62,77.0,76.0,64.0,50.0,40.0,30.0,32.0,38.0,57.0,68.0,33.0,64.0,59.0,45.0,68.0,71.0,79.0,69.0,67.0,61.0,52.0,44.0,51.0,58.0,52.0,60.0,73.0,58.0,57.0,13.0,14.0,11.0,13.0,13.0
Cape Verde,,MF,Vitória de Guimarães,False,False,ea_fc26,13836.0,Telmo Arcanjo,61,CAM,RW,Cape Verde Islands,Liga Portugal,Vitória SC,24.0,180.0,79.0,Left,3.0,3.0,,Men's Football,https://www.ea.com/games/ea-sports-fc/ratings/player-ratings/257194,69,51,60,64,38,50,68.0,69.0,49.0,51.0,59.0,39.0,50.0,60.0,65.0,53.0,51.0,63.0,63.0,51.0,65.0,60.0,62.0,60.0,65.0,63.0,35.0,43.0,40.0,36.0,42.0,55.0,33.0,61.0,44.0,7.0,10.0,6.0,15.0,7.0
Cape Verde,,FW,Casa Pia,False,False,ea_fc26,5881.0,Dailon Rocha Livramento,69,ST,RM,Cape Verde Islands,Serie A Enilive,Hellas Verona,25.0,185.0,75.0,Right,3.0,2.0,,Men's Football,https://www.ea.com/games/ea-sports-fc/ratings/player-ratings/73853,72,72,55,68,34,68,71.0,73.0,67.0,73.0,71.0,70.0,73.0,70.0,52.0,58.0,51.0,56.0,49.0,62.0,67.0,74.0,64.0,65.0,68.0,65.0,20.0,74.0,34.0,33.0,23.0,82.0,63.0,72.0,61.0,11.0,6.0,11.0,7.0,10.0
Cape Verde,,FW,İstanbul Başakşehir,False,False,ea_fc26,3509.0,Nuno da Costa,72,ST,,Cape Verde Islands,Trendyol Süper Lig,Kasımpaşa,35.0,184.0,70.0,Right,3.0,3.0,"Power Header, Technical, Quick Step",Men's Football,https://www.ea.com/games/ea-sports-fc/ratings/player-ratings/230857,82,69,63,72,27,65,80.0,83.0,73.0,69.0,75.0,66.0,60.0,69.0,67.0,60.0,52.0,68.0,54.0,52.0,72.0,76.0,76.0,66.0,73.0,64.0,37.0,76.0,15.0,17.0,20.0,85.0,69.0,68.0,49.0,14.0,15.0,7.0,12.0,6.0
Panama,,GK,Nacional,False,False,ea_fc26,5019.0,Luis Mejía,70,GK,,Panama,Libertadores,,35.0,193.0,81.0,Left,1.0,1.0,Footwork,Men's Football,https://www.ea.com/games/ea-sports-fc/ratings/player-ratings/202089,69,72,68,72,52,65,55.0,48.0,13.0,14.0,51.0,17.0,16.0,18.0,42.0,21.0,19.0,24.0,22.0,21.0,13.0,60.0,58.0,65.0,16.0,31.0,19.0,13.0,30.0,13.0,13.0,73.0,37.0,76.0,45.0,69.0,72.0,68.0,65.0,72.0
Panama,,DF,Beşiktaş,False,False,ea_fc26,2309.0,Amir Murillo,74,RB,,Panama,Ligue 1 McDonald's,OM,30.0,184.0,84.0,Right,3.0,3.0,,Men's Football,https://www.ea.com/games/ea-sports-fc/ratings/player-ratings/237841,82,57,68,71,69,73,80.0,83.0,67.0,56.0,68.0,51.0,38.0,62.0,68.0,73.0,58.0,68.0,66.0,68.0,72.0,72.0,68.0,68.0,71.0,71.0,70.0,69.0,66.0,72.0,70.0,81.0,76.0,72.0,72.0,5.0,15.0,12.0,11.0,14.0
Panama,,DF,LASK,False,False,ea_fc26,4248.0,Andrés Andrade,71,CB,,Panama,Ö. Bundesliga,LASK,27.0,187.0,78.0,Left,3.0,2.0,Block,Men's Football,https://www.ea.com/games/ea-sports-fc/ratings/player-ratings/252873,74,51,61,65,71,79,73.0,74.0,59.0,48.0,62.0,52.0,38.0,39.0,56.0,61.0,36.0,67.0,65.0,43.0,64.0,59.0,59.0,68.0,68.0,67.0,71.0,67.0,71.0,72.0,69.0,81.0,85.0,78.0,71.0,8.0,5.0,7.0,10.0,8.0
Panama,,DF,Norwich City,False,False,ea_fc26,8960.0,José Córdoba,66,CB,LB,Panama,EFL Championship,Norwich,24.0,187.0,78.0,Left,2.0,2.0,,Men's Football,https://www.ea.com/games/ea-sports-fc/ratings/player-ratings/72708,71,31,53,61,63,72,64.0,77.0,29.0,24.0,53.0,26.0,21.0,35.0,46.0,48.0,37.0,62.0,61.0,34.0,61.0,59.0,58.0,55.0,64.0,56.0,60.0,65.0,58.0,66.0,68.0,78.0,54.0,82.0,70.0,10.0,6.0,8.0,14.0,10.0
Panama,,DF,Puerto Cabello,False,False,ea_fc26,6856.0,Jiovany Ramos,68,CB,,Panama,Libertadores,,29.0,180.0,78.0,Right,3.0,2.0,"Power Header, Aerial",Men's Football,https://www.ea.com/games/ea-sports-fc/ratings/player-ratings/266387,57,33,56,54,68,72,54.0,60.0,58.0,30.0,41.0,25.0,28.0,45.0,55.0,49.0,43.0,63.0,55.0,45.0,51.0,54.0,64.0,60.0,56.0,58.0,65.0,73.0,67.0,71.0,64.0,75.0,75.0,71.0,72.0,9.0,9.0,11.0,11.0,11.0
Panama,,MF,San Diego FC,True,False,ea_fc26,5019.0,Aníbal Godoy,70,CDM,CM,Panama,MLS,Nashville SC,36.0,183.0,82.0,Left,2.0,3.0,"Long Ball Pass, Slide Tackle, Flair",Men's Football,https://www.ea.com/games/ea-sports-fc/ratings/player-ratings/217047,43,55,65,65,63,75,43.0,43.0,56.0,53.0,73.0,54.0,31.0,36.0,64.0,42.0,47.0,78.0,75.0,50.0,65.0,61.0,62.0,65.0,67.0,70.0,64.0,51.0,67.0,63.0,62.0,59.0,74.0,73.0,85.0,8.0,15.0,14.0,9.0,6.0
Panama,,MF,UNAM,False,False,ea_fc26,4248.0,Adalberto Carrasquilla,71,CM,RM,Panama,MLS,Houston Dynamo,27.0,170.0,64.0,Right,3.0,3.0,,Men's Football,https://www.ea.com/games/ea-sports-fc/ratings/player-ratings/243544,73,63,66,78,60,69,75.0,72.0,74.0,63.0,64.0,66.0,47.0,51.0,72.0,58.0,47.0,70.0,66.0,61.0,78.0,83.0,85.0,73.0,77.0,75.0,64.0,48.0,58.0,64.0,57.0,64.0,80.0,63.0,73.0,14.0,7.0,13.0,11.0,8.0
Panama,,MF,Ironi Kiryat Shmona,False,False,ea_fc26,16547.0,Cristian Martínez,55,CM,,Paraguay,Sudamericana,,21.0,181.0,71.0,Right,3.0,2.0,,Men's Football,https://www.ea.com/games/ea-sports-fc/ratings/player-ratings/71072,64,42,57,51,44,60,62.0,65.0,59.0,38.0,49.0,39.0,37.0,47.0,55.0,53.0,38.0,64.0,59.0,42.0,49.0,61.0,61.0,54.0,52.0,38.0,47.0,56.0,39.0,42.0,48.0,61.0,63.0,59.0,58.0,13.0,6.0,10.0,7.0,6.0
Panama,,MF,Minnesota United FC,False,False,ea_fc26,16290.0,Carlos Harvey,56,CDM,,Panama,MLS,Minnesota United,26.0,184.0,70.0,Right,3.0,2.0,,Men's Football,https://www.ea.com/games/ea-sports-fc/ratings/player-ratings/259568,53,42,52,54,51,61,56.0,50.0,48.0,40.0,48.0,42.0,33.0,40.0,57.0,42.0,30.0,60.0,55.0,30.0,53.0,60.0,70.0,50.0,54.0,46.0,52.0,49.0,50.0,51.0,52.0,56.0,56.0,64.0,60.0,15.0,12.0,10.0,5.0,9.0
Panama,,FW,Universidad Católica,False,False,ea_fc26,5019.0,José Fajardo,70,ST,RW,Panama,Sudamericana,,32.0,180.0,69.0,Right,3.0,2.0,,Men's Football,https://www.ea.com/games/ea-sports-fc/ratings/player-ratings/243545,67,70,57,66,33,68,66.0,68.0,73.0,76.0,64.0,65.0,65.0,69.0,52.0,46.0,45.0,66.0,59.0,61.0,65.0,66.0,67.0,62.0,70.0,62.0,26.0,74.0,35.0,26.0,23.0,79.0,65.0,72.0,60.0,9.0,14.0,14.0,7.0,6.0
Panama,,FW,León,False,False,ea_fc26,2309.0,Ismael Díaz,74,LW,"ST, LM",Panama,Sudamericana,,29.0,190.0,80.0,Right,3.0,3.0,Rapid,Men's Football,https://www.ea.com/games/ea-sports-fc/ratings/player-ratings/231867,87,70,62,75,34,75,90.0,85.0,73.0,73.0,72.0,64.0,60.0,58.0,70.0,59.0,44.0,65.0,56.0,56.0,77.0,81.0,65.0,75.0,74.0,65.0,33.0,62.0,45.0,20.0,17.0,86.0,71.0,80.0,66.0,11.0,14.0,7.0,13.0,12.0
Ghana,,GK,St. Gallen,False,False,ea_fc26,2871.0,Lawrence Ati Zigi,73,GK,,Ghana,CSSL,FC St. Gallen,29.0,188.0,87.0,Right,3.0,1.0,Footwork,Men's Football,https://www.ea.com/games/ea-sports-fc/ratings/player-ratings/229956,74,69,65,75,40,72,45.0,33.0,17.0,18.0,49.0,20.0,9.0,24.0,44.0,14.0,23.0,22.0,25.0,20.0,11.0,38.0,57.0,71.0,24.0,26.0,21.0,20.0,11.0,15.0,23.0,70.0,32.0,75.0,30.0,74.0,69.0,65.0,72.0,75.0
Ghana,,GK,St Patrick's Athletic,False,False,ea_fc26,11128.0,Joseph Anang,64,GK,,England,SSE Airtricity PD,St. Pats,25.0,190.0,72.0,Right,2.0,1.0,,Men's Football,https://www.ea.com/games/ea-sports-fc/ratings/player-ratings/244191,64,62,64,63,33,64,34.0,32.0,6.0,6.0,48.0,7.0,9.0,15.0,63.0,13.0,12.0,27.0,19.0,12.0,13.0,31.0,50.0,57.0,10.0,37.0,12.0,11.0,12.0,12.0,10.0,53.0,25.0,55.0,30.0,64.0,62.0,64.0,64.0,63.0
Ghana,,DF,Auxerre,False,False,ea_fc26,5019.0,Gideon Mensah,70,LB,,Ghana,Ligue 1 McDonald's,AJ Auxerre,27.0,178.0,64.0,Left,2.0,3.0,,Men's Football,https://www.ea.com/games/ea-sports-fc/ratings/player-ratings/247124,76,56,63,70,64,67,77.0,75.0,66.0,53.0,65.0,53.0,56.0,46.0,54.0,69.0,49.0,67.0,61.0,66.0,70.0,72.0,80.0,67.0,69.0,63.0,64.0,61.0,62.0,67.0,68.0,71.0,75.0,58.0,76.0,8.0,14.0,8.0,11.0,7.0
Ghana,,DF,Rennes,False,False,ea_fc26,2309.0,Alidu Seidu,74,CB,RB,Ghana,Ligue 1 McDonald's,Stade Rennais FC,25.0,173.0,68.0,Right,3.0,2.0,"Block, Anticipate, Long Throw",Men's Football,https://www.ea.com/games/ea-sports-fc/ratings/player-ratings/257946,58,43,61,70,75,67,67.0,51.0,52.0,35.0,62.0,41.0,42.0,37.0,52.0,66.0,31.0,68.0,61.0,55.0,69.0,63.0,69.0,75.0,72.0,73.0,76.0,71.0,76.0,75.0,74.0,78.0,51.0,71.0,75.0,11.0,9.0,11.0,14.0,7.0
Ghana,,DF,İstanbul Başakşehir,False,False,ea_fc26,4248.0,Jerome Opoku,71,CB,,Ghana,Trendyol Süper Lig,Başakşehir,27.0,197.0,79.0,Left,3.0,2.0,Anticipate,Men's Football,https://www.ea.com/games/ea-sports-fc/ratings/player-ratings/241710,58,43,52,58,72,80,62.0,54.0,45.0,35.0,60.0,45.0,42.0,39.0,42.0,55.0,41.0,59.0,52.0,45.0,55.0,59.0,58.0,59.0,61.0,58.0,73.0,62.0,73.0,73.0,69.0,79.0,68.0,88.0,74.0,13.0,10.0,10.0,13.0,15.0
Ghana,,DF,VfL Wolfsburg,False,False,ea_fc26,11128.0,Jonas Adjetey,64,CB,,Ghana,CSSL,FC Basel 1893,22.0,188.0,78.0,Right,2.0,2.0,,Men's Football,https://www.ea.com/games/ea-sports-fc/ratings/player-ratings/276634,70,23,43,45,64,65,72.0,69.0,25.0,21.0,32.0,16.0,21.0,37.0,34.0,23.0,24.0,64.0,44.0,28.0,26.0,69.0,52.0,66.0,61.0,44.0,63.0,51.0,67.0,67.0,63.0,68.0,63.0,70.0,56.0,10.0,13.0,13.0,12.0,5.0
Ghana,,DF,Rayo Vallecano,False,False,ea_fc26,5019.0,Abdul Mumin,70,CB,,Ghana,LALIGA EA SPORTS,Rayo Vallecano,27.0,188.0,79.0,Right,4.0,3.0,Slide Tackle,Men's Football,https://www.ea.com/games/ea-sports-fc/ratings/player-ratings/235662,77,36,57,63,69,74,76.0,78.0,43.0,32.0,52.0,28.0,28.0,35.0,48.0,47.0,26.0,68.0,68.0,57.0,62.0,63.0,65.0,65.0,65.0,64.0,69.0,64.0,70.0,70.0,67.0,81.0,70.0,76.0,73.0,13.0,6.0,10.0,9.0,11.0
Ghana,,DF,Auxerre,False,False,ea_fc26,5019.0,Marvin Senaya,70,RB,RM,France,Ligue 1 McDonald's,Strasbourg,25.0,179.0,65.0,Right,3.0,2.0,,Men's Football,https://www.ea.com/games/ea-sports-fc/ratings/player-ratings/263112,70,46,57,67,67,64,70.0,70.0,50.0,48.0,42.0,45.0,36.0,45.0,46.0,65.0,42.0,63.0,55.0,57.0,66.0,63.0,69.0,68.0,68.0,66.0,66.0,58.0,65.0,73.0,68.0,67.0,72.0,63.0,56.0,9.0,11.0,10.0,7.0,12.0
Ghana,,MF,Villarreal,False,False,ea_fc26,320.0,Thomas Partey,82,CDM,CM,Ghana,Premier League,Arsenal,32.0,185.0,77.0,Right,3.0,3.0,"Pinged Pass, Long Ball Pass, Press Proven",Men's Football,https://www.ea.com/games/ea-sports-fc/ratings/player-ratings/209989,62,71,80,77,79,82,55.0,68.0,70.0,66.0,85.0,76.0,56.0,49.0,81.0,74.0,67.0,84.0,84.0,69.0,80.0,63.0,50.0,79.0,81.0,86.0,81.0,68.0,79.0,83.0,78.0,75.0,76.0,84.0,84.0,11.0,13.0,9.0,9.0,7.0
Ghana,,MF,Leicester City,False,False,ea_fc26,1520.0,Abdul Fatawu,76,RW,RM,Ghana,Premier League,Leicester City,22.0,177.0,73.0,Left,4.0,4.0,"Power Shot, Technical, Flair",Men's Football,https://www.ea.com/games/ea-sports-fc/ratings/player-ratings/267680,84,73,74,78,44,64,87.0,82.0,70.0,69.0,84.0,74.0,68.0,64.0,73.0,77.0,71.0,71.0,76.0,74.0,78.0,86.0,86.0,73.0,77.0,71.0,39.0,59.0,38.0,48.0,45.0,74.0,69.0,59.0,67.0,13.0,7.0,7.0,7.0,5.0
Ghana,,MF,Atalanta,False,False,ea_fc26,4248.0,Kamaldeen Sulemana,71,LW,"ST, LM",Ghana,Premier League,Southampton,24.0,175.0,70.0,Right,4.0,4.0,"Finesse Shot, Rapid, Flair",Men's Football,https://www.ea.com/games/ea-sports-fc/ratings/player-ratings/256035,93,65,63,75,28,60,92.0,94.0,65.0,65.0,67.0,64.0,61.0,55.0,63.0,62.0,50.0,67.0,57.0,73.0,74.0,88.0,87.0,64.0,72.0,70.0,26.0,42.0,30.0,25.0,25.0,67.0,65.0,60.0,50.0,6.0,13.0,7.0,12.0,14.0
Ghana,,MF,Auxerre,False,False,ea_fc26,4248.0,Elisha Owusu,71,CDM,CM,Ghana,Ligue 1 McDonald's,AJ Auxerre,28.0,182.0,72.0,Right,3.0,2.0,,Men's Football,https://www.ea.com/games/ea-sports-fc/ratings/player-ratings/238392,60,53,64,68,67,69,64.0,56.0,57.0,46.0,67.0,55.0,49.0,53.0,65.0,56.0,45.0,71.0,69.0,53.0,67.0,68.0,70.0,70.0,69.0,66.0,69.0,48.0,67.0,72.0,68.0,61.0,74.0,68.0,68.0,12.0,10.0,5.0,12.0,9.0
Ghana,,MF,Oviedo,False,False,ea_fc26,7904.0,Kwasi Sibo,67,CDM,CM,Ghana,LALIGA HYPERMOTION,R. Oviedo,27.0,180.0,72.0,Right,4.0,2.0,,Men's Football,https://www.ea.com/games/ea-sports-fc/ratings/player-ratings/253114,66,54,57,62,65,78,67.0,66.0,57.0,48.0,66.0,58.0,42.0,52.0,53.0,49.0,40.0,65.0,63.0,46.0,63.0,61.0,63.0,65.0,63.0,52.0,65.0,60.0,66.0,66.0,65.0,76.0,83.0,78.0,74.0,14.0,10.0,8.0,6.0,15.0
Ghana,,MF,Saint-Étienne,False,False,ea_fc26,5881.0,Augustine Boakye,69,RM,"CAM, RW",Ghana,Ligue 1 McDonald's,AS Saint-Étienne,25.0,178.0,70.0,Left,3.0,3.0,,Men's Football,https://www.ea.com/games/ea-sports-fc/ratings/player-ratings/264441,86,61,59,72,26,54,85.0,87.0,63.0,65.0,60.0,55.0,48.0,60.0,66.0,57.0,48.0,63.0,50.0,53.0,73.0,85.0,82.0,62.0,70.0,50.0,18.0,38.0,32.0,22.0,28.0,58.0,72.0,53.0,33.0,10.0,10.0,11.0,14.0,6.0
Ghana,,FW,Leicester City,True,False,ea_fc26,1881.0,Jordan Ayew,75,RW,"RM, LW",Ghana,Premier League,Leicester City,34.0,182.0,81.0,Right,3.0,4.0,Press Proven,Men's Football,https://www.ea.com/games/ea-sports-fc/ratings/player-ratings/197756,71,73,71,78,57,74,70.0,71.0,74.0,73.0,75.0,70.0,71.0,73.0,72.0,76.0,67.0,73.0,59.0,73.0,78.0,79.0,76.0,78.0,77.0,74.0,52.0,74.0,55.0,58.0,49.0,80.0,74.0,73.0,75.0,6.0,8.0,7.0,16.0,8.0
Ghana,,FW,Manchester City,False,False,ea_fc26,1520.0,Antoine Semenyo,76,RM,"LM, RW",Ghana,Premier League,AFC Bournemouth,26.0,185.0,79.0,Right,5.0,3.0,Flair,Men's Football,https://www.ea.com/games/ea-sports-fc/ratings/player-ratings/241236,85,72,67,77,27,75,81.0,88.0,73.0,76.0,78.0,65.0,57.0,52.0,70.0,69.0,40.0,73.0,55.0,72.0,80.0,73.0,68.0,74.0,77.0,75.0,15.0,63.0,20.0,27.0,33.0,83.0,72.0,80.0,62.0,10.0,11.0,14.0,15.0,7.0
Ghana,,FW,Athletic Bilbao,False,False,ea_fc26,320.0,Iñaki Williams,82,RM,"ST, RW",Ghana,LALIGA EA SPORTS,Athletic Club,31.0,186.0,80.0,Right,3.0,4.0,"Finesse Shot, Chip Shot, Rapid, Quick Step, Trivela",Men's Football,https://www.ea.com/games/ea-sports-fc/ratings/player-ratings/216201,94,81,72,80,45,84,93.0,94.0,85.0,82.0,85.0,76.0,79.0,68.0,73.0,78.0,58.0,74.0,62.0,80.0,83.0,77.0,62.0,83.0,80.0,78.0,30.0,80.0,42.0,48.0,38.0,95.0,88.0,84.0,76.0,14.0,15.0,14.0,10.0,13.0
Ghana,,FW,Lyon,False,False,ea_fc26,2309.0,Ernest Nuamah,74,RW,"ST, RM",Ghana,Ligue 1 McDonald's,OL,22.0,178.0,71.0,Left,3.0,4.0,"Rapid, Quick Step",Men's Football,https://www.ea.com/games/ea-sports-fc/ratings/player-ratings/268763,85,67,63,79,24,62,88.0,82.0,70.0,71.0,72.0,61.0,58.0,49.0,66.0,68.0,58.0,65.0,49.0,69.0,80.0,86.0,86.0,69.0,78.0,71.0,17.0,37.0,29.0,21.0,23.0,67.0,64.0,68.0,41.0,11.0,8.0,11.0,9.0,13.0
Ghana,,FW,Al-Qadsiah,False,False,ea_fc26,5881.0,Christopher Bonsu Baah,69,RM,"LM, RW",Ghana,1A Pro League,KRC Genk,21.0,172.0,73.0,Left,3.0,4.0,Technical,Men's Football,https://www.ea.com/games/ea-sports-fc/ratings/player-ratings/274913,86,63,59,77,29,57,88.0,85.0,58.0,60.0,74.0,65.0,64.0,51.0,48.0,63.0,41.0,66.0,53.0,67.0,78.0,82.0,83.0,65.0,75.0,69.0,30.0,29.0,29.0,30.0,24.0,60.0,64.0,59.0,44.0,8.0,5.0,12.0,5.0,8.0
Ghana,,FW,Coventry City,False,False,ea_fc26,5019.0,Brandon Thomas-Asante,70,ST,LM,Ghana,EFL Championship,Coventry City,27.0,180.0,83.0,Right,4.0,3.0,"Rapid, Flair, Acrobatic",Men's Football,https://www.ea.com/games/ea-sports-fc/ratings/player-ratings/235744,83,69,58,70,31,74,84.0,83.0,71.0,73.0,69.0,64.0,64.0,56.0,58.0,55.0,49.0,65.0,49.0,55.0,68.0,84.0,85.0,67.0,67.0,66.0,26.0,63.0,31.0,27.0,23.0,82.0,82.0,74.0,64.0,11.0,9.0,6.0,15.0,5.0
Uzbekistan,,DF,Manchester City,False,False,ea_fc26,3509.0,Abdukodir Khusanov,72,CB,,Uzbekistan,Ligue 1 McDonald's,RC Lens,22.0,186.0,84.0,Right,3.0,2.0,,Men's Football,https://www.ea.com/games/ea-sports-fc/ratings/player-ratings/277031,71,39,54,55,71,72,62.0,79.0,44.0,34.0,49.0,36.0,37.0,46.0,51.0,47.0,40.0,62.0,53.0,48.0,49.0,59.0,51.0,69.0,58.0,68.0,71.0,69.0,70.0,73.0,72.0,78.0,50.0,81.0,75.0,12.0,7.0,9.0,8.0,5.0
Uzbekistan,,MF,Baniyas,False,False,ea_fc26,5881.0,Otabek Shukurov,69,CM,CDM,Uzbekistan,ROSHN Saudi League,Al Fayha,29.0,183.0,77.0,Right,4.0,2.0,,Men's Football,https://www.ea.com/games/ea-sports-fc/ratings/player-ratings/271294,70,65,67,69,67,74,70.0,70.0,68.0,62.0,72.0,67.0,58.0,67.0,67.0,62.0,62.0,70.0,69.0,65.0,68.0,69.0,66.0,68.0,70.0,72.0,68.0,61.0,66.0,69.0,65.0,74.0,77.0,74.0,71.0,11.0,12.0,7.0,13.0,12.0
Uzbekistan,,FW,İstanbul Başakşehir,True,False,ea_fc26,3509.0,Eldor Shomurodov,72,ST,,Uzbekistan,Serie A Enilive,AS Roma,30.0,190.0,76.0,Right,4.0,3.0,"Chip Shot, Rapid",Men's Football,https://www.ea.com/games/ea-sports-fc/ratings/player-ratings/239964,76,70,64,73,39,66,80.0,72.0,72.0,71.0,73.0,66.0,73.0,65.0,67.0,59.0,53.0,68.0,58.0,66.0,74.0,75.0,70.0,65.0,75.0,68.0,39.0,72.0,37.0,34.0,31.0,82.0,63.0,69.0,59.0,8.0,11.0,5.0,7.0,5.0
Curaçao,2,DF,Sparta Rotterdam,False,False,ea_fc26,5881.0,Shurandy Sambo,69,RB,,Holland,EFL Championship,Burnley,24.0,174.0,70.0,Right,3.0,3.0,"Block, Rapid",Men's Football,https://www.ea.com/games/ea-sports-fc/ratings/player-ratings/260099,79,43,60,67,64,72,78.0,79.0,57.0,38.0,59.0,40.0,33.0,39.0,58.0,61.0,33.0,65.0,60.0,47.0,65.0,74.0,74.0,66.0,66.0,67.0,66.0,58.0,64.0,64.0,65.0,76.0,76.0,71.0,68.0,7.0,8.0,5.0,13.0,8.0
Curaçao,4,DF,RKC Waalwijk,False,False,ea_fc26,12144.0,Roshon van Eijma,63,CB,,Curaçao,Eredivisie,,27.0,186.0,78.0,Right,2.0,2.0,,Men's Football,https://www.ea.com/games/ea-sports-fc/ratings/player-ratings/242761,74,30,36,39,63,65,75.0,73.0,31.0,23.0,45.0,28.0,32.0,41.0,35.0,29.0,32.0,45.0,28.0,27.0,27.0,40.0,67.0,63.0,44.0,54.0,61.0,67.0,60.0,65.0,62.0,76.0,58.0,68.0,65.0,12.0,13.0,8.0,12.0,11.0
Curaçao,5,DF,PEC Zwolle,False,False,ea_fc26,5881.0,Sherel Floranus,69,RB,"CB, LB",Curaçao,Eredivisie,,27.0,181.0,74.0,Right,3.0,2.0,Long Throw,Men's Football,https://www.ea.com/games/ea-sports-fc/ratings/player-ratings/233098,87,46,58,68,64,75,84.0,89.0,61.0,45.0,55.0,38.0,43.0,40.0,44.0,59.0,34.0,67.0,64.0,55.0,67.0,80.0,70.0,66.0,65.0,65.0,67.0,60.0,63.0,64.0,60.0,81.0,76.0,73.0,76.0,9.0,9.0,15.0,9.0,9.0
Curaçao,6,MF,RKC Waalwijk,False,False,ea_fc26,10049.0,Godfried Roemeratoe,65,CDM,CM,Curaçao,Eredivisie,,26.0,178.0,74.0,Right,3.0,3.0,,Men's Football,https://www.ea.com/games/ea-sports-fc/ratings/player-ratings/239558,63,45,59,62,64,72,64.0,63.0,51.0,40.0,59.0,37.0,48.0,51.0,57.0,52.0,49.0,65.0,61.0,50.0,59.0,69.0,70.0,63.0,63.0,63.0,62.0,60.0,64.0,65.0,64.0,71.0,74.0,71.0,71.0,14.0,6.0,11.0,8.0,11.0
Curaçao,7,MF,Volendam,False,False,ea_fc26,5019.0,Juninho Bacuna,70,CDM,"LM, CM",Curaçao,ROSHN Saudi League,Al Wehda,28.0,178.0,74.0,Right,4.0,4.0,"Long Ball Pass, Flair",Men's Football,https://www.ea.com/games/ea-sports-fc/ratings/player-ratings/226677,73,68,70,73,64,77,76.0,71.0,68.0,62.0,80.0,71.0,61.0,59.0,70.0,70.0,67.0,70.0,71.0,72.0,72.0,73.0,71.0,67.0,76.0,65.0,63.0,61.0,67.0,65.0,59.0,79.0,75.0,74.0,84.0,6.0,11.0,8.0,14.0,10.0
Curaçao,10,MF,Iğdır,True,False,ea_fc26,6856.0,Leandro Bacuna,68,RB,"RM, CM",Curaçao,Eredivisie,,34.0,180.0,77.0,Right,4.0,3.0,"Slide Tackle, Long Throw",Men's Football,https://www.ea.com/games/ea-sports-fc/ratings/player-ratings/198133,75,64,67,70,63,76,72.0,78.0,61.0,58.0,78.0,63.0,69.0,68.0,67.0,66.0,69.0,67.0,67.0,75.0,70.0,76.0,72.0,60.0,69.0,64.0,62.0,60.0,59.0,68.0,64.0,79.0,77.0,78.0,71.0,15.0,8.0,14.0,16.0,15.0
Curaçao,11,FW,Kifisia,False,False,ea_fc26,8960.0,Jeremy Antonisse,66,LM,LW,Curaçao,Liga Portugal,Moreirense FC,24.0,184.0,72.0,Right,4.0,3.0,"Rapid, Flair",Men's Football,https://www.ea.com/games/ea-sports-fc/ratings/player-ratings/260745,81,56,61,69,40,60,80.0,81.0,55.0,56.0,59.0,55.0,53.0,56.0,64.0,64.0,54.0,60.0,55.0,62.0,72.0,76.0,69.0,58.0,66.0,60.0,42.0,42.0,40.0,40.0,38.0,54.0,57.0,62.0,59.0,10.0,10.0,15.0,12.0,6.0
Curaçao,12,FW,Middlesbrough,False,False,ea_fc26,6856.0,Sontje Hansen,68,RM,"LM, RW",Holland,Eredivisie,,24.0,173.0,69.0,Right,4.0,4.0,"Rapid, Flair",Men's Football,https://www.ea.com/games/ea-sports-fc/ratings/player-ratings/254752,85,62,61,71,29,57,87.0,83.0,60.0,63.0,66.0,58.0,62.0,62.0,69.0,60.0,50.0,63.0,53.0,59.0,72.0,79.0,77.0,60.0,69.0,64.0,21.0,55.0,22.0,32.0,27.0,64.0,62.0,57.0,50.0,7.0,10.0,8.0,7.0,14.0
Curaçao,15,MF,Rotherham United,False,False,ea_fc26,11128.0,Ar'jany Martha,64,LB,RW,Curaçao,1A Pro League,K. Beerschot VA,22.0,180.0,67.0,Left,2.0,3.0,,Men's Football,https://www.ea.com/games/ea-sports-fc/ratings/player-ratings/264221,79,50,61,70,55,50,86.0,73.0,59.0,50.0,54.0,41.0,51.0,61.0,57.0,65.0,44.0,66.0,55.0,63.0,70.0,89.0,55.0,65.0,67.0,62.0,63.0,46.0,55.0,54.0,52.0,45.0,67.0,38.0,58.0,14.0,8.0,12.0,9.0,11.0
Curaçao,18,DF,PSV Eindhoven,False,False,ea_fc26,2871.0,Armando Obispo,73,CB,,Holland,Eredivisie,,27.0,185.0,79.0,Left,2.0,2.0,Power Header,Men's Football,https://www.ea.com/games/ea-sports-fc/ratings/player-ratings/241171,72,42,60,66,72,75,70.0,73.0,29.0,35.0,64.0,41.0,37.0,39.0,47.0,41.0,58.0,75.0,73.0,41.0,62.0,68.0,64.0,70.0,70.0,66.0,72.0,73.0,71.0,71.0,75.0,82.0,68.0,78.0,72.0,12.0,14.0,11.0,8.0,8.0
Curaçao,21,FW,Sheffield United,False,False,ea_fc26,4248.0,Tahith Chong,71,CAM,CM,Holland,EFL Championship,Luton Town,26.0,185.0,75.0,Left,3.0,4.0,Rapid,Men's Football,https://www.ea.com/games/ea-sports-fc/ratings/player-ratings/233510,77,66,70,72,54,63,75.0,78.0,70.0,67.0,70.0,62.0,59.0,51.0,72.0,70.0,62.0,72.0,68.0,68.0,75.0,71.0,58.0,69.0,72.0,72.0,51.0,53.0,54.0,59.0,48.0,65.0,69.0,59.0,65.0,13.0,7.0,14.0,8.0,11.0
Curaçao,22,MF,Den Bosch,False,False,ea_fc26,11128.0,Kevin Felida,64,CDM,CM,Curaçao,Eredivisie,,26.0,172.0,63.0,Right,3.0,2.0,,Men's Football,https://www.ea.com/games/ea-sports-fc/ratings/player-ratings/270011,64,48,57,61,61,67,63.0,65.0,47.0,44.0,55.0,53.0,39.0,48.0,53.0,49.0,46.0,65.0,62.0,41.0,57.0,69.0,74.0,58.0,61.0,62.0,63.0,54.0,60.0,63.0,62.0,63.0,69.0,66.0,67.0,10.0,7.0,11.0,8.0,8.0
Curaçao,23,DF,Konyaspor,False,False,ea_fc26,1881.0,Riechedly Bazoer,75,CB,CDM,Holland,Eredivisie,,29.0,184.0,74.0,Right,4.0,3.0,"Bruiser, Press Proven, Trivela",Men's Football,https://www.ea.com/games/ea-sports-fc/ratings/player-ratings/212269,67,68,74,75,74,74,65.0,69.0,64.0,64.0,77.0,74.0,68.0,54.0,73.0,72.0,63.0,76.0,78.0,74.0,75.0,69.0,74.0,75.0,76.0,79.0,73.0,72.0,75.0,75.0,74.0,74.0,63.0,80.0,73.0,6.0,11.0,12.0,14.0,10.0
New Zealand,1,GK,Millwall,False,False,ea_fc26,10049.0,Max Crocombe,65,GK,,New Zealand,EFL League One,Burton Albion,32.0,194.0,88.0,Right,2.0,1.0,"Long Ball Pass, Cross Claimer, Deflector",Men's Football,https://www.ea.com/games/ea-sports-fc/ratings/player-ratings/206566,65,65,62,65,47,63,46.0,49.0,12.0,14.0,47.0,19.0,20.0,21.0,40.0,24.0,21.0,34.0,35.0,19.0,16.0,54.0,42.0,61.0,21.0,45.0,25.0,23.0,10.0,21.0,21.0,62.0,38.0,58.0,41.0,65.0,65.0,62.0,63.0,65.0
New Zealand,2,DF,Wellington Phoenix,False,False,ea_fc26,7904.0,Tim Payne,67,RB,CB,New Zealand,A-League,Well. Phoenix,32.0,179.0,73.0,Right,3.0,2.0,Slide Tackle,Men's Football,https://www.ea.com/games/ea-sports-fc/ratings/player-ratings/209361,68,56,61,59,62,81,67.0,68.0,58.0,53.0,68.0,55.0,49.0,50.0,56.0,68.0,55.0,61.0,56.0,64.0,59.0,58.0,62.0,58.0,60.0,52.0,61.0,63.0,60.0,65.0,63.0,79.0,83.0,83.0,76.0,13.0,9.0,7.0,9.0,12.0
New Zealand,3,DF,Auckland FC,False,False,ea_fc26,11128.0,Francis de Vries,64,LB,CB,New Zealand,A-League,Auckland FC,31.0,188.0,80.0,Left,2.0,2.0,Long Throw,Men's Football,https://www.ea.com/games/ea-sports-fc/ratings/player-ratings/237268,64,48,62,61,59,73,62.0,66.0,57.0,42.0,61.0,46.0,49.0,55.0,56.0,68.0,62.0,63.0,62.0,64.0,62.0,56.0,60.0,57.0,63.0,61.0,60.0,54.0,61.0,60.0,56.0,70.0,74.0,78.0,61.0,8.0,8.0,12.0,5.0,13.0
New Zealand,4,DF,Sheffield United,False,False,ea_fc26,7904.0,Tyler Bindon,67,CB,RB,New Zealand,EFL League One,Reading,21.0,190.0,76.0,Right,3.0,2.0,,Men's Football,https://www.ea.com/games/ea-sports-fc/ratings/player-ratings/277552,60,32,49,58,67,70,59.0,61.0,29.0,28.0,44.0,28.0,32.0,37.0,36.0,38.0,40.0,63.0,58.0,35.0,56.0,59.0,62.0,66.0,56.0,65.0,68.0,68.0,67.0,67.0,68.0,75.0,65.0,77.0,58.0,11.0,6.0,9.0,11.0,8.0
New Zealand,5,DF,Minnesota United FC,False,False,ea_fc26,5881.0,Michael Boxall,69,CB,,New Zealand,MLS,Minnesota United,37.0,188.0,91.0,Right,2.0,2.0,,Men's Football,https://www.ea.com/games/ea-sports-fc/ratings/player-ratings/202170,54,42,58,57,67,80,40.0,66.0,59.0,35.0,61.0,33.0,54.0,42.0,52.0,58.0,43.0,64.0,57.0,56.0,56.0,47.0,50.0,66.0,60.0,60.0,67.0,65.0,66.0,69.0,66.0,73.0,67.0,91.0,69.0,13.0,9.0,14.0,7.0,8.0
New Zealand,6,MF,Viking,False,False,ea_fc26,7904.0,Joe Bell,67,CM,CDM,New Zealand,Eliteserien,Viking FK,27.0,182.0,77.0,Right,3.0,3.0,"Long Ball Pass, Tiki Taka, Press Proven",Men's Football,https://www.ea.com/games/ea-sports-fc/ratings/player-ratings/254142,63,61,66,66,63,78,65.0,62.0,66.0,58.0,67.0,64.0,56.0,52.0,65.0,65.0,64.0,67.0,67.0,66.0,65.0,67.0,74.0,63.0,67.0,65.0,64.0,61.0,63.0,62.0,62.0,75.0,88.0,76.0,73.0,8.0,10.0,5.0,8.0,6.0
New Zealand,7,MF,Peterborough United,False,False,ea_fc26,11128.0,Matthew Garbett,64,CAM,CM,New Zealand,Eredivisie,,24.0,188.0,68.0,Right,3.0,3.0,,Men's Football,https://www.ea.com/games/ea-sports-fc/ratings/player-ratings/255360,73,60,61,66,51,66,74.0,72.0,61.0,60.0,63.0,61.0,52.0,60.0,62.0,56.0,58.0,64.0,62.0,59.0,65.0,75.0,74.0,61.0,65.0,62.0,53.0,52.0,46.0,54.0,51.0,67.0,72.0,64.0,65.0,7.0,7.0,8.0,10.0,6.0
New Zealand,8,MF,Swansea City,False,False,ea_fc26,3509.0,Marko Stamenić,72,CDM,CM,New Zealand,Hellas Liga,Olympiacos FC,24.0,188.0,80.0,Right,4.0,3.0,Flair,Men's Football,https://www.ea.com/games/ea-sports-fc/ratings/player-ratings/259680,67,60,68,72,66,75,65.0,68.0,64.0,55.0,68.0,60.0,62.0,58.0,70.0,59.0,55.0,73.0,72.0,60.0,70.0,74.0,71.0,68.0,73.0,75.0,66.0,62.0,66.0,68.0,66.0,72.0,75.0,72.0,84.0,13.0,10.0,8.0,10.0,10.0
New Zealand,9,FW,Nottingham Forest,True,False,ea_fc26,1520.0,Chris Wood,76,ST,,New Zealand,Premier League,Nott'm Forest,34.0,191.0,92.0,Right,3.0,2.0,,Men's Football,https://www.ea.com/games/ea-sports-fc/ratings/player-ratings/192123,49,78,61,68,40,79,45.0,52.0,79.0,78.0,83.0,72.0,75.0,79.0,64.0,46.0,64.0,72.0,48.0,69.0,70.0,49.0,33.0,78.0,75.0,75.0,40.0,85.0,39.0,30.0,29.0,84.0,63.0,87.0,77.0,14.0,16.0,16.0,7.0,16.0
New Zealand,12,GK,Lechia Gdańsk,False,False,ea_fc26,5019.0,Alex Paulsen,70,GK,,New Zealand,Premier League,AFC Bournemouth,23.0,193.0,82.0,Right,4.0,1.0,,Men's Football,https://www.ea.com/games/ea-sports-fc/ratings/player-ratings/263851,68,65,70,73,49,64,47.0,52.0,18.0,19.0,53.0,16.0,16.0,24.0,56.0,25.0,23.0,41.0,45.0,31.0,26.0,59.0,52.0,78.0,43.0,60.0,14.0,20.0,13.0,18.0,16.0,59.0,45.0,52.0,21.0,68.0,65.0,70.0,64.0,73.0
New Zealand,13,DF,Wrexham,False,False,ea_fc26,3509.0,Liberato Cacace,72,LB,LM,New Zealand,Serie A Enilive,Empoli,25.0,184.0,81.0,Left,4.0,3.0,"Rapid, Long Throw",Men's Football,https://www.ea.com/games/ea-sports-fc/ratings/player-ratings/242429,71,60,66,69,68,76,72.0,71.0,71.0,59.0,62.0,59.0,51.0,55.0,65.0,64.0,59.0,70.0,60.0,65.0,69.0,68.0,75.0,68.0,68.0,72.0,66.0,65.0,68.0,71.0,70.0,78.0,82.0,75.0,70.0,12.0,11.0,10.0,9.0,12.0
New Zealand,14,MF,Wellington Phoenix,False,False,ea_fc26,6856.0,Alex Rufer,68,CDM,CM,New Zealand,A-League,Well. Phoenix,29.0,184.0,75.0,Right,3.0,3.0,"Long Ball Pass, Slide Tackle",Men's Football,https://www.ea.com/games/ea-sports-fc/ratings/player-ratings/219392,64,58,66,66,63,78,64.0,64.0,65.0,57.0,64.0,55.0,43.0,68.0,69.0,56.0,59.0,69.0,70.0,58.0,64.0,68.0,65.0,61.0,66.0,76.0,62.0,60.0,64.0,63.0,61.0,77.0,72.0,83.0,75.0,13.0,10.0,10.0,15.0,11.0
New Zealand,15,DF,Auckland FC,False,False,ea_fc26,13032.0,Nando Pijnaker,62,CB,,New Zealand,A-League,Auckland FC,27.0,192.0,88.0,Left,3.0,2.0,Jockey,Men's Football,https://www.ea.com/games/ea-sports-fc/ratings/player-ratings/254143,48,41,52,50,61,74,50.0,47.0,42.0,38.0,55.0,35.0,31.0,41.0,54.0,42.0,36.0,58.0,57.0,35.0,51.0,46.0,38.0,61.0,49.0,49.0,60.0,62.0,60.0,62.0,60.0,71.0,72.0,80.0,62.0,11.0,12.0,13.0,12.0,13.0
New Zealand,16,DF,Portland Timbers,False,False,ea_fc26,8960.0,Finn Surman,66,CB,,New Zealand,MLS,Portland Timbers,22.0,190.0,81.0,Right,2.0,2.0,Slide Tackle,Men's Football,https://www.ea.com/games/ea-sports-fc/ratings/player-ratings/266150,64,33,47,52,65,78,62.0,65.0,32.0,35.0,38.0,26.0,35.0,29.0,44.0,39.0,25.0,60.0,45.0,29.0,50.0,51.0,50.0,70.0,52.0,64.0,65.0,61.0,63.0,67.0,65.0,74.0,80.0,78.0,74.0,10.0,15.0,7.0,13.0,14.0
New Zealand,17,FW,Western Sydney Wanderers,False,False,ea_fc26,6856.0,Kosta Barbarouses,68,ST,CAM,New Zealand,A-League,Well. Phoenix,36.0,171.0,68.0,Right,3.0,3.0,Rapid,Men's Football,https://www.ea.com/games/ea-sports-fc/ratings/player-ratings/182091,78,68,58,70,38,74,79.0,78.0,72.0,72.0,69.0,62.0,62.0,57.0,66.0,56.0,48.0,58.0,51.0,68.0,71.0,81.0,73.0,70.0,63.0,70.0,45.0,51.0,28.0,42.0,32.0,70.0,88.0,67.0,73.0,8.0,11.0,12.0,13.0,9.0
New Zealand,18,FW,Port Vale,False,False,ea_fc26,11128.0,Ben Waine,64,ST,,New Zealand,EFL League One,Mansfield Town,24.0,179.0,78.0,Right,3.0,2.0,Finesse Shot,Men's Football,https://www.ea.com/games/ea-sports-fc/ratings/player-ratings/245539,82,63,55,63,44,75,83.0,81.0,64.0,64.0,63.0,61.0,63.0,62.0,58.0,59.0,53.0,54.0,50.0,59.0,61.0,71.0,72.0,57.0,63.0,58.0,48.0,61.0,36.0,45.0,38.0,83.0,75.0,75.0,73.0,13.0,7.0,11.0,13.0,12.0
New Zealand,19,MF,Saint-Étienne,False,False,ea_fc26,7904.0,Ben Old,67,LM,"CAM, CM, LW",New Zealand,Ligue 1 McDonald's,AS Saint-Étienne,23.0,173.0,73.0,Left,2.0,3.0,,Men's Football,https://www.ea.com/games/ea-sports-fc/ratings/player-ratings/262289,82,59,62,68,43,69,83.0,82.0,65.0,64.0,58.0,52.0,45.0,51.0,65.0,59.0,53.0,67.0,56.0,54.0,68.0,81.0,85.0,54.0,65.0,60.0,44.0,40.0,36.0,52.0,42.0,64.0,72.0,65.0,75.0,10.0,9.0,9.0,6.0,5.0
New Zealand,20,MF,Silkeborg,False,False,ea_fc26,8960.0,Callum McCowatt,66,CAM,LM,New Zealand,3F Superliga,Silkeborg IF,27.0,179.0,73.0,Right,3.0,3.0,"Finesse Shot, Power Shot",Men's Football,https://www.ea.com/games/ea-sports-fc/ratings/player-ratings/243666,76,66,64,66,52,67,75.0,76.0,63.0,65.0,71.0,67.0,58.0,60.0,65.0,62.0,63.0,65.0,63.0,65.0,66.0,67.0,68.0,64.0,66.0,63.0,55.0,57.0,45.0,55.0,51.0,70.0,73.0,62.0,72.0,7.0,10.0,5.0,10.0,13.0
New Zealand,22,GK,Auckland FC,False,False,ea_fc26,13032.0,Michael Woud,62,GK,,New Zealand,A-League,Auckland FC,27.0,196.0,85.0,Left,2.0,1.0,,Men's Football,https://www.ea.com/games/ea-sports-fc/ratings/player-ratings/235860,70,50,60,67,39,56,41.0,35.0,10.0,10.0,45.0,10.0,10.0,10.0,34.0,14.0,12.0,18.0,15.0,13.0,11.0,48.0,32.0,64.0,13.0,34.0,13.0,14.0,10.0,13.0,13.0,56.0,34.0,57.0,25.0,70.0,50.0,60.0,56.0,67.0
New Zealand,23,MF,PEC Zwolle,False,False,ea_fc26,8960.0,Ryan Thomas,66,CM,"CAM, CDM",New Zealand,Eredivisie,,31.0,174.0,64.0,Right,4.0,3.0,Technical,Men's Football,https://www.ea.com/games/ea-sports-fc/ratings/player-ratings/220763,69,59,68,69,57,61,72.0,66.0,64.0,56.0,66.0,55.0,60.0,62.0,73.0,65.0,63.0,68.0,67.0,63.0,68.0,72.0,72.0,68.0,69.0,72.0,67.0,42.0,60.0,54.0,52.0,56.0,57.0,59.0,74.0,10.0,12.0,6.0,8.0,9.0
New Zealand,24,DF,Auckland FC,False,False,ea_fc26,13032.0,Callan Elliot,62,RB,,New Zealand,A-League,Auckland FC,26.0,173.0,68.0,Right,2.0,2.0,,Men's Football,https://www.ea.com/games/ea-sports-fc/ratings/player-ratings/246195,76,48,57,64,54,64,80.0,73.0,56.0,49.0,48.0,47.0,40.0,48.0,57.0,63.0,48.0,57.0,53.0,49.0,62.0,73.0,76.0,60.0,62.0,60.0,53.0,47.0,53.0,58.0,56.0,67.0,67.0,64.0,60.0,7.0,5.0,9.0,6.0,8.0
New Zealand,25,MF,Newcastle Jets,False,False,ea_fc26,15606.0,Lachlan Bayliss,58,RM,"ST, CAM, RW",New Zealand,A-League,Newcastle Jets,23.0,179.0,75.0,Right,4.0,2.0,,Men's Football,https://www.ea.com/games/ea-sports-fc/ratings/player-ratings/276249,74,55,52,59,40,56,75.0,73.0,54.0,54.0,58.0,55.0,49.0,53.0,54.0,48.0,52.0,54.0,46.0,55.0,58.0,74.0,73.0,56.0,56.0,53.0,33.0,48.0,35.0,45.0,43.0,60.0,60.0,56.0,50.0,7.0,11.0,12.0,8.0,13.0
New Zealand,26,DF,Braintree Town,False,False,ea_fc26,13032.0,Tommy Smith,62,CB,,New Zealand,A-League,Auckland FC,36.0,188.0,82.0,Left,2.0,2.0,Long Ball Pass,Men's Football,https://www.ea.com/games/ea-sports-fc/ratings/player-ratings/186352,39,37,48,47,60,67,42.0,37.0,40.0,33.0,45.0,38.0,30.0,34.0,45.0,38.0,32.0,57.0,55.0,37.0,44.0,43.0,42.0,60.0,49.0,56.0,59.0,62.0,61.0,60.0,58.0,67.0,44.0,77.0,69.0,11.0,16.0,9.0,15.0,10.0
Haiti,,GK,Bastia,True,False,ea_fc26,7904.0,Johny Placide,67,GK,,Haiti,Ligue 2 BKT,SC Bastia,38.0,181.0,84.0,Right,2.0,1.0,Cross Claimer,Men's Football,https://www.ea.com/games/ea-sports-fc/ratings/player-ratings/178363,63,65,69,66,54,67,53.0,56.0,11.0,12.0,52.0,11.0,13.0,15.0,32.0,11.0,10.0,34.0,33.0,11.0,10.0,38.0,38.0,68.0,17.0,57.0,20.0,15.0,18.0,13.0,12.0,67.0,27.0,70.0,29.0,63.0,65.0,69.0,67.0,66.0
Haiti,,DF,Angers,False,False,ea_fc26,6856.0,Carlens Arcus,68,RB,,Haiti,Ligue 1 McDonald's,Angers SCO,29.0,180.0,73.0,Right,2.0,2.0,Intercept,Men's Football,https://www.ea.com/games/ea-sports-fc/ratings/player-ratings/228591,75,43,63,64,61,73,74.0,75.0,64.0,38.0,54.0,37.0,41.0,42.0,62.0,69.0,39.0,66.0,62.0,49.0,62.0,66.0,77.0,66.0,64.0,65.0,60.0,60.0,58.0,65.0,64.0,76.0,77.0,73.0,68.0,8.0,10.0,6.0,15.0,11.0
Haiti,,DF,Gent,False,False,ea_fc26,4248.0,Jean-Kévin Duverne,71,LB,"RB, CB",Haiti,Ligue 1 McDonald's,FC Nantes,28.0,184.0,71.0,Right,3.0,3.0,Bruiser,Men's Football,https://www.ea.com/games/ea-sports-fc/ratings/player-ratings/229705,60,38,62,67,72,73,57.0,62.0,55.0,31.0,55.0,36.0,32.0,33.0,54.0,58.0,28.0,73.0,63.0,54.0,65.0,65.0,65.0,69.0,71.0,65.0,72.0,70.0,71.0,73.0,72.0,73.0,73.0,75.0,68.0,13.0,9.0,8.0,6.0,12.0
Haiti,,DF,Lugano,False,False,ea_fc26,3509.0,Hannes Delcroix,72,CB,LB,Belgium,EFL Championship,Burnley,27.0,183.0,78.0,Left,2.0,2.0,,Men's Football,https://www.ea.com/games/ea-sports-fc/ratings/player-ratings/237440,67,33,61,62,72,70,64.0,69.0,36.0,31.0,45.0,26.0,28.0,33.0,51.0,58.0,27.0,73.0,68.0,38.0,55.0,65.0,67.0,69.0,67.0,69.0,73.0,70.0,69.0,75.0,71.0,75.0,64.0,73.0,69.0,10.0,11.0,7.0,8.0,8.0
Haiti,,MF,Philadelphia Union,False,False,ea_fc26,5019.0,Danley Jean Jacques,70,CDM,CM,Haiti,MLS,Philadelphia,26.0,182.0,72.0,Left,3.0,2.0,,Men's Football,https://www.ea.com/games/ea-sports-fc/ratings/player-ratings/268805,69,51,65,67,67,74,68.0,69.0,64.0,41.0,67.0,59.0,44.0,35.0,62.0,56.0,45.0,72.0,69.0,62.0,66.0,68.0,68.0,65.0,69.0,69.0,65.0,64.0,66.0,71.0,67.0,74.0,76.0,73.0,73.0,11.0,12.0,7.0,9.0,7.0
Haiti,,MF,Wolverhampton Wanderers,False,False,ea_fc26,1881.0,Jean-Ricner Bellegarde,75,CM,"CDM, LW",France,Premier League,Wolves,27.0,170.0,70.0,Right,3.0,3.0,Relentless,Men's Football,https://www.ea.com/games/ea-sports-fc/ratings/player-ratings/235456,81,63,73,79,69,72,80.0,81.0,74.0,61.0,69.0,64.0,56.0,55.0,75.0,66.0,68.0,77.0,76.0,59.0,78.0,83.0,86.0,75.0,79.0,75.0,70.0,61.0,68.0,72.0,69.0,76.0,80.0,68.0,72.0,12.0,15.0,14.0,10.0,9.0
Haiti,,FW,Esteghlal,False,False,ea_fc26,6856.0,Duckens Nazon,68,ST,,Haiti,Trendyol Süper Lig,Kayserispor,32.0,181.0,79.0,Right,3.0,3.0,Technical,Men's Football,https://www.ea.com/games/ea-sports-fc/ratings/player-ratings/227573,76,68,51,67,24,63,74.0,78.0,62.0,71.0,73.0,62.0,62.0,62.0,45.0,38.0,43.0,63.0,48.0,59.0,68.0,69.0,71.0,63.0,68.0,56.0,20.0,63.0,21.0,20.0,16.0,80.0,46.0,79.0,40.0,14.0,8.0,9.0,16.0,13.0
Haiti,,FW,Çaykur Rizespor,False,False,ea_fc26,15990.0,Frantz Pierrot,57,ST,,Haiti,SSE Airtricity PD,Drogheda United,27.0,185.0,93.0,Right,3.0,2.0,Finesse Shot,Men's Football,https://www.ea.com/games/ea-sports-fc/ratings/player-ratings/279537,62,58,43,52,26,64,61.0,62.0,58.0,59.0,57.0,54.0,56.0,61.0,49.0,35.0,39.0,49.0,31.0,54.0,49.0,54.0,51.0,54.0,56.0,54.0,20.0,54.0,22.0,25.0,22.0,70.0,57.0,80.0,30.0,7.0,8.0,10.0,9.0,10.0
Haiti,,FW,Toronto FC,False,False,ea_fc26,7904.0,Derrick Etienne Jr.,67,LM,"RM, LW",Haiti,MLS,Toronto FC,29.0,178.0,77.0,Right,3.0,3.0,Technical,Men's Football,https://www.ea.com/games/ea-sports-fc/ratings/player-ratings/166539,81,62,61,67,40,64,83.0,80.0,64.0,63.0,68.0,54.0,58.0,53.0,64.0,60.0,40.0,65.0,56.0,67.0,65.0,80.0,77.0,63.0,65.0,66.0,42.0,42.0,50.0,33.0,27.0,64.0,71.0,61.0,63.0,7.0,10.0,6.0,6.0,5.0
Haiti,,FW,Almere City,False,False,ea_fc26,6856.0,Ruben Providence,68,LM,LW,France,Eredivisie,,24.0,178.0,66.0,Right,3.0,4.0,"Technical, First Touch",Men's Football,https://www.ea.com/games/ea-sports-fc/ratings/player-ratings/264311,83,63,57,73,29,56,86.0,81.0,63.0,66.0,66.0,58.0,56.0,56.0,62.0,56.0,43.0,61.0,47.0,55.0,73.0,82.0,85.0,63.0,72.0,66.0,25.0,57.0,24.0,29.0,22.0,70.0,71.0,54.0,39.0,7.0,7.0,12.0,10.0,5.0
Haiti,,FW,Auxerre,False,False,ea_fc26,4248.0,Josué Casimir,71,RM,"ST, RW",France,Ligue 1 McDonald's,Havre AC,24.0,180.0,72.0,Right,3.0,3.0,Trivela,Men's Football,https://www.ea.com/games/ea-sports-fc/ratings/player-ratings/260943,83,67,62,72,43,65,81.0,84.0,67.0,69.0,67.0,67.0,55.0,61.0,64.0,67.0,45.0,68.0,49.0,52.0,72.0,68.0,73.0,70.0,73.0,66.0,45.0,58.0,41.0,39.0,37.0,75.0,71.0,68.0,48.0,8.0,5.0,6.0,9.0,5.0
Haiti,,FW,Ferencváros,False,False,ea_fc26,6856.0,Lenny Joseph,68,RW,RM,France,Ligue 2 BKT,Grenoble Foot 38,25.0,183.0,73.0,Right,2.0,3.0,,Men's Football,https://www.ea.com/games/ea-sports-fc/ratings/player-ratings/262652,80,69,59,69,26,62,81.0,80.0,67.0,70.0,71.0,67.0,60.0,66.0,60.0,58.0,45.0,66.0,55.0,42.0,69.0,70.0,73.0,59.0,70.0,64.0,17.0,67.0,27.0,19.0,21.0,78.0,73.0,63.0,40.0,10.0,12.0,15.0,9.0,8.0
Canada,1,GK,Inter Miami CF,False,False,ea_fc26,4248.0,Dayne St. Clair,71,GK,,Canada,MLS,Minnesota United,29.0,191.0,75.0,Left,3.0,1.0,Cross Claimer,Men's Football,https://www.ea.com/games/ea-sports-fc/ratings/player-ratings/247228,71,66,56,76,27,70,27.0,26.0,5.0,5.0,42.0,8.0,6.0,10.0,38.0,14.0,13.0,16.0,26.0,10.0,9.0,39.0,21.0,72.0,19.0,39.0,9.0,11.0,8.0,10.0,12.0,47.0,26.0,47.0,27.0,71.0,66.0,56.0,70.0,76.0
Canada,2,DF,Celtic,False,False,ea_fc26,1881.0,Alistair Johnston,75,RB,,Canada,Scottish Prem,Celtic,27.0,180.0,77.0,Right,3.0,2.0,"Jockey, Relentless",Men's Football,https://www.ea.com/games/ea-sports-fc/ratings/player-ratings/256107,79,57,71,70,71,80,76.0,82.0,71.0,55.0,68.0,53.0,34.0,49.0,74.0,72.0,37.0,74.0,73.0,66.0,67.0,75.0,70.0,70.0,72.0,74.0,66.0,60.0,74.0,75.0,72.0,79.0,85.0,76.0,85.0,8.0,9.0,14.0,11.0,11.0
Canada,3,DF,Dender,False,False,ea_fc26,15606.0,Luc De Fougerolles,58,CB,"RB, LB",Canada,Premier League,Fulham,20.0,180.0,76.0,Right,4.0,2.0,,Men's Football,https://www.ea.com/games/ea-sports-fc/ratings/player-ratings/279008,64,32,44,48,60,58,65.0,63.0,29.0,27.0,46.0,27.0,33.0,44.0,37.0,33.0,33.0,56.0,49.0,28.0,45.0,57.0,64.0,56.0,46.0,51.0,58.0,59.0,61.0,60.0,58.0,62.0,63.0,57.0,52.0,6.0,12.0,5.0,8.0,14.0
Canada,4,DF,Middlesbrough,False,False,ea_fc26,3509.0,Alfie Jones,72,CB,,England,EFL Championship,Hull City,28.0,191.0,87.0,Right,3.0,2.0,Long Ball Pass,Men's Football,https://www.ea.com/games/ea-sports-fc/ratings/player-ratings/236315,59,40,59,59,72,77,56.0,61.0,45.0,37.0,49.0,38.0,37.0,44.0,59.0,42.0,36.0,71.0,67.0,49.0,56.0,52.0,61.0,68.0,62.0,68.0,71.0,72.0,72.0,72.0,71.0,71.0,76.0,79.0,75.0,8.0,10.0,12.0,10.0,15.0
Canada,5,DF,Chicago Fire FC,False,False,ea_fc26,7904.0,Joel Waterman,67,CB,,Canada,MLS,CF Montréal,30.0,185.0,75.0,Right,2.0,2.0,Long Ball Pass,Men's Football,https://www.ea.com/games/ea-sports-fc/ratings/player-ratings/255956,41,33,58,51,67,73,34.0,47.0,45.0,35.0,39.0,17.0,22.0,44.0,60.0,39.0,24.0,71.0,73.0,28.0,49.0,33.0,36.0,69.0,58.0,54.0,66.0,61.0,70.0,68.0,62.0,65.0,64.0,78.0,73.0,6.0,7.0,10.0,11.0,11.0
Canada,6,MF,Los Angeles FC,False,False,ea_fc26,5019.0,Mathieu Choinière,70,CM,"LM, RM",Canada,CSSL,GC Zürich,27.0,175.0,68.0,Right,4.0,3.0,Technical,Men's Football,https://www.ea.com/games/ea-sports-fc/ratings/player-ratings/244680,62,60,69,72,62,58,70.0,55.0,67.0,60.0,64.0,54.0,60.0,59.0,68.0,64.0,58.0,73.0,70.0,64.0,72.0,73.0,71.0,66.0,72.0,72.0,62.0,32.0,64.0,69.0,60.0,49.0,88.0,54.0,35.0,14.0,11.0,7.0,13.0,14.0
Canada,7,MF,Los Angeles FC,False,False,ea_fc26,1520.0,Stephen Eustáquio,76,CDM,CM,Canada,Liga Portugal,FC Porto,29.0,178.0,67.0,Right,3.0,2.0,"Jockey, Bruiser, Press Proven",Men's Football,https://www.ea.com/games/ea-sports-fc/ratings/player-ratings/242380,66,66,75,73,72,73,67.0,65.0,67.0,64.0,72.0,68.0,57.0,64.0,77.0,72.0,65.0,78.0,75.0,74.0,71.0,72.0,73.0,75.0,77.0,76.0,75.0,55.0,74.0,74.0,72.0,75.0,77.0,69.0,76.0,6.0,5.0,13.0,7.0,11.0
Canada,8,MF,Sassuolo,False,False,ea_fc26,3509.0,Ismaël Koné,72,CM,,Canada,Ligue 1 McDonald's,OM,23.0,188.0,76.0,Right,4.0,3.0,Flair,Men's Football,https://www.ea.com/games/ea-sports-fc/ratings/player-ratings/264207,78,63,68,71,64,69,74.0,81.0,68.0,59.0,71.0,73.0,46.0,44.0,71.0,56.0,48.0,74.0,72.0,72.0,72.0,69.0,52.0,72.0,73.0,74.0,67.0,52.0,65.0,66.0,58.0,69.0,75.0,69.0,62.0,7.0,7.0,13.0,9.0,13.0
Canada,9,FW,Southampton,False,False,ea_fc26,1881.0,Cyle Larin,75,ST,,Canada,LALIGA EA SPORTS,RCD Mallorca,31.0,188.0,90.0,Right,4.0,3.0,,Men's Football,https://www.ea.com/games/ea-sports-fc/ratings/player-ratings/226777,71,75,65,69,28,78,67.0,74.0,77.0,78.0,80.0,70.0,61.0,63.0,67.0,69.0,50.0,70.0,47.0,66.0,71.0,63.0,48.0,73.0,70.0,65.0,22.0,75.0,21.0,25.0,20.0,86.0,72.0,88.0,60.0,12.0,9.0,8.0,12.0,7.0
Canada,10,FW,Juventus,False,False,ea_fc26,456.0,Jonathan David,81,ST,,Canada,Ligue 1 McDonald's,LOSC Lille,26.0,175.0,70.0,Right,5.0,3.0,"Quick Step, Relentless, Trivela",Men's Football,https://www.ea.com/games/ea-sports-fc/ratings/player-ratings/243630,82,81,71,78,34,75,80.0,84.0,85.0,83.0,79.0,77.0,77.0,86.0,73.0,67.0,58.0,76.0,69.0,59.0,78.0,75.0,71.0,82.0,80.0,81.0,33.0,77.0,29.0,29.0,19.0,88.0,85.0,77.0,55.0,7.0,7.0,11.0,7.0,7.0
Canada,11,MF,Hull City,False,False,ea_fc26,3509.0,Liam Millar,72,LM,"RM, LB, LW",Canada,EFL Championship,Hull City,26.0,181.0,75.0,Right,3.0,4.0,Rapid,Men's Football,https://www.ea.com/games/ea-sports-fc/ratings/player-ratings/240925,85,65,63,75,52,61,87.0,84.0,69.0,65.0,66.0,65.0,58.0,56.0,65.0,67.0,56.0,64.0,55.0,68.0,77.0,82.0,79.0,66.0,73.0,65.0,53.0,54.0,49.0,54.0,51.0,71.0,68.0,59.0,53.0,14.0,9.0,13.0,7.0,8.0
Canada,12,FW,Villarreal,False,False,ea_fc26,15131.0,Tani Oluwaseyi,59,ST,RW,Nigeria,MLS,Minnesota United,26.0,188.0,77.0,Right,4.0,3.0,,Men's Football,https://www.ea.com/games/ea-sports-fc/ratings/player-ratings/271108,76,61,43,58,29,60,72.0,80.0,58.0,63.0,61.0,60.0,44.0,60.0,49.0,35.0,43.0,49.0,31.0,36.0,57.0,74.0,58.0,50.0,55.0,57.0,20.0,59.0,26.0,29.0,26.0,69.0,61.0,60.0,55.0,7.0,13.0,11.0,8.0,11.0
Canada,13,DF,Rangers,False,False,ea_fc26,3509.0,Derek Cornelius,72,CB,,Canada,Ligue 1 McDonald's,OM,28.0,188.0,86.0,Left,2.0,2.0,Power Header,Men's Football,https://www.ea.com/games/ea-sports-fc/ratings/player-ratings/243009,68,45,51,57,68,85,63.0,72.0,44.0,27.0,76.0,57.0,47.0,32.0,52.0,34.0,56.0,60.0,51.0,46.0,52.0,61.0,52.0,70.0,60.0,65.0,71.0,78.0,69.0,64.0,62.0,89.0,70.0,91.0,90.0,13.0,10.0,13.0,7.0,6.0
Canada,14,MF,Los Angeles FC,False,False,ea_fc26,7904.0,Jacob Shaffelburg,67,LM,"ST, LW",Canada,MLS,Nashville SC,26.0,178.0,74.0,Left,2.0,3.0,"Whipped Pass, Rapid",Men's Football,https://www.ea.com/games/ea-sports-fc/ratings/player-ratings/251352,91,61,60,65,52,63,90.0,91.0,64.0,62.0,72.0,50.0,54.0,49.0,58.0,68.0,42.0,61.0,54.0,60.0,65.0,80.0,64.0,54.0,62.0,55.0,47.0,46.0,54.0,56.0,45.0,69.0,69.0,60.0,62.0,11.0,9.0,7.0,9.0,11.0
Canada,15,DF,Nice,False,False,ea_fc26,7904.0,Moïse Bombito,67,CB,LB,Canada,Ligue 1 McDonald's,OGC Nice,26.0,190.0,81.0,Right,3.0,2.0,,Men's Football,https://www.ea.com/games/ea-sports-fc/ratings/player-ratings/274536,91,47,57,62,66,70,92.0,90.0,59.0,55.0,40.0,42.0,22.0,32.0,54.0,53.0,29.0,66.0,59.0,43.0,63.0,47.0,48.0,63.0,68.0,64.0,67.0,58.0,68.0,68.0,64.0,82.0,62.0,73.0,67.0,7.0,5.0,5.0,9.0,10.0
Canada,16,GK,Orlando City SC,False,False,ea_fc26,2871.0,Maxime Crépeau,73,GK,,Canada,MLS,Portland Timbers,32.0,180.0,88.0,Right,2.0,1.0,"Far Throw, Footwork",Men's Football,https://www.ea.com/games/ea-sports-fc/ratings/player-ratings/213536,74,71,70,75,49,71,50.0,48.0,7.0,17.0,53.0,14.0,19.0,23.0,55.0,19.0,14.0,34.0,46.0,16.0,19.0,43.0,40.0,64.0,40.0,58.0,20.0,14.0,10.0,17.0,17.0,67.0,33.0,69.0,38.0,74.0,71.0,70.0,71.0,75.0
Canada,17,MF,Villarreal,False,False,ea_fc26,2309.0,Tajon Buchanan,74,RM,"RB, RW",Canada,Serie A Enilive,Lombardia FC,27.0,183.0,69.0,Right,3.0,3.0,"Rapid, Quick Step, Relentless",Men's Football,https://www.ea.com/games/ea-sports-fc/ratings/player-ratings/246800,92,65,66,74,67,73,93.0,91.0,64.0,65.0,75.0,58.0,58.0,55.0,68.0,67.0,47.0,70.0,61.0,55.0,75.0,79.0,69.0,73.0,74.0,66.0,68.0,68.0,68.0,66.0,64.0,84.0,73.0,70.0,78.0,13.0,9.0,7.0,8.0,7.0
Canada,18,GK,Barnsley,False,False,ea_fc26,13032.0,Owen Goodman,62,GK,,England,EFL League Two,AFC Wimbledon,22.0,193.0,84.0,Left,3.0,1.0,,Men's Football,https://www.ea.com/games/ea-sports-fc/ratings/player-ratings/276806,64,59,64,64,38,59,37.0,40.0,8.0,5.0,48.0,5.0,7.0,12.0,46.0,13.0,10.0,44.0,44.0,12.0,30.0,55.0,45.0,54.0,35.0,48.0,9.0,14.0,5.0,13.0,14.0,63.0,35.0,73.0,17.0,64.0,59.0,64.0,59.0,64.0
Canada,19,DF,Bayern Munich,True,False,ea_fc26,320.0,Alphonso Davies,82,LB,LM,Canada,Bundesliga,FC Bayern München,25.0,185.0,77.0,Left,3.0,4.0,"Rapid, Quick Step",Men's Football,https://www.ea.com/games/ea-sports-fc/ratings/player-ratings/234396,95,66,77,84,72,76,96.0,95.0,77.0,64.0,74.0,63.0,59.0,54.0,77.0,83.0,44.0,82.0,71.0,72.0,85.0,85.0,83.0,83.0,84.0,78.0,78.0,69.0,69.0,73.0,73.0,86.0,80.0,75.0,72.0,11.0,11.0,6.0,5.0,14.0
Canada,20,MF,Norwich City,False,False,ea_fc26,11128.0,Ali Ahmed,64,CM,RM,Canada,MLS,Whitecaps FC,25.0,180.0,70.0,Right,2.0,3.0,,Men's Football,https://www.ea.com/games/ea-sports-fc/ratings/player-ratings/272604,75,55,60,66,61,63,75.0,75.0,62.0,57.0,59.0,51.0,52.0,39.0,61.0,53.0,30.0,66.0,63.0,56.0,66.0,65.0,69.0,60.0,67.0,65.0,64.0,48.0,59.0,65.0,62.0,64.0,67.0,62.0,59.0,11.0,10.0,13.0,14.0,6.0
Canada,21,MF,Toronto FC,False,False,ea_fc26,3509.0,Jonathan Osorio,72,CM,"CDM, LM",Canada,MLS,Toronto FC,33.0,175.0,68.0,Right,5.0,3.0,"Technical, Flair",Men's Football,https://www.ea.com/games/ea-sports-fc/ratings/player-ratings/213439,58,68,70,74,61,65,63.0,53.0,75.0,68.0,74.0,66.0,63.0,50.0,71.0,56.0,65.0,79.0,70.0,65.0,73.0,80.0,75.0,72.0,72.0,76.0,63.0,55.0,62.0,64.0,53.0,64.0,78.0,62.0,58.0,8.0,11.0,7.0,15.0,13.0
Canada,22,DF,Toronto FC,False,False,ea_fc26,4248.0,Richie Laryea,71,RB,"LB, RM",Canada,MLS,Toronto FC,31.0,175.0,70.0,Right,4.0,4.0,"Block, Rapid, Long Throw",Men's Football,https://www.ea.com/games/ea-sports-fc/ratings/player-ratings/232081,83,61,65,74,65,72,82.0,84.0,70.0,60.0,70.0,57.0,38.0,57.0,64.0,66.0,49.0,69.0,62.0,58.0,76.0,80.0,69.0,68.0,71.0,75.0,63.0,51.0,66.0,69.0,65.0,71.0,84.0,65.0,74.0,8.0,8.0,9.0,12.0,12.0
Canada,23,DF,Hajduk Split,False,False,ea_fc26,5881.0,Niko Sigur,69,RB,"CDM, CM",Canada,Liga Hrvatska,Hajduk Split,22.0,180.0,68.0,Right,3.0,2.0,Slide Tackle,Men's Football,https://www.ea.com/games/ea-sports-fc/ratings/player-ratings/275238,71,56,67,73,61,68,69.0,72.0,53.0,43.0,74.0,69.0,49.0,50.0,68.0,59.0,54.0,72.0,71.0,58.0,72.0,75.0,72.0,75.0,72.0,75.0,66.0,48.0,59.0,62.0,65.0,58.0,81.0,56.0,82.0,15.0,10.0,10.0,7.0,13.0
Canada,24,FW,Union Saint-Gilloise,False,False,ea_fc26,12144.0,Promise David,63,ST,,Canada,1A Pro League,R. Union St.-G.,24.0,195.0,85.0,Right,3.0,2.0,,Men's Football,https://www.ea.com/games/ea-sports-fc/ratings/player-ratings/73070,61,63,39,53,27,67,55.0,65.0,70.0,70.0,66.0,50.0,46.0,58.0,44.0,26.0,29.0,50.0,31.0,30.0,55.0,45.0,50.0,46.0,55.0,45.0,20.0,73.0,20.0,24.0,26.0,79.0,58.0,77.0,50.0,12.0,13.0,10.0,8.0,6.0
Canada,25,MF,Anderlecht,False,False,ea_fc26,13032.0,Nathan-Dylan Saliba,62,CM,CAM,Canada,MLS,CF Montréal,22.0,173.0,71.0,Right,3.0,2.0,,Men's Football,https://www.ea.com/games/ea-sports-fc/ratings/player-ratings/260398,63,45,58,69,56,59,68.0,58.0,50.0,42.0,51.0,48.0,31.0,43.0,54.0,43.0,52.0,69.0,63.0,45.0,69.0,77.0,73.0,64.0,68.0,64.0,53.0,50.0,59.0,59.0,50.0,59.0,65.0,58.0,55.0,13.0,14.0,10.0,7.0,13.0
Argentina,16,FW,Atlético Madrid,False,True,estimated,,Thiago Almada,81,FW,,Argentina,,Atlético Madrid,,,,,,,,,,83,83,75,83,51,74,,,,,,,,,,,,,,,,,,,,,,,,,,,,,,,,,,
Brazil,2,DF,Roma,False,True,estimated,,Wesley,75,DF,,Brazil,,Roma,,,,,,,,,,72,53,67,66,78,76,,,,,,,,,,,,,,,,,,,,,,,,,,,,,,,,,,
Brazil,15,DF,Flamengo,False,True,estimated,,Léo Pereira,78,DF,,Brazil,,Flamengo,,,,,,,,,,75,56,70,69,81,79,,,,,,,,,,,,,,,,,,,,,,,,,,,,,,,,,,
Brazil,16,DF,Zenit Saint Petersburg,False,True,estimated,,Douglas Santos,78,DF,,Brazil,,Zenit Saint Petersburg,,,,,,,,,,75,56,70,69,81,79,,,,,,,,,,,,,,,,,,,,,,,,,,,,,,,,,,
Brazil,18,MF,Botafogo,False,True,estimated,,Danilo Santos,74,MF,,Brazil,,Botafogo,,,,,,,,,,69,68,76,75,68,69,,,,,,,,,,,,,,,,,,,,,,,,,,,,,,,,,,
Brazil,26,FW,Bournemouth,False,True,estimated,,Rayan,72,FW,,Brazil,,Bournemouth,,,,,,,,,,74,74,66,74,42,65,,,,,,,,,,,,,,,,,,,,,,,,,,,,,,,,,,
France,14,MF,Milan,False,True,estimated,,Adrien Rabiot,84,MF,,France,,Milan,,,,,,,,,,79,78,86,85,78,79,,,,,,,,,,,,,,,,,,,,,,,,,,,,,,,,,,
Spain,25,FW,Osasuna,False,True,estimated,,Víctor Muñoz,66,FW,,Spain,,Osasuna,,,,,,,,,,68,68,60,68,36,59,,,,,,,,,,,,,,,,,,,,,,,,,,,,,,,,,,
England,,DF,Manchester City,False,True,estimated,,Nico O'Reilly,71,DF,,England,,Manchester City,,,,,,,,,,68,49,63,62,74,72,,,,,,,,,,,,,,,,,,,,,,,,,,,,,,,,,,
Netherlands,,FW,Corinthians,False,True,estimated,,Memphis Depay,82,FW,,Holland,,Corinthians,,,,,,,,,,84,84,76,84,52,75,,,,,,,,,,,,,,,,,,,,,,,,,,,,,,,,,,
Morocco,,GK,RS Berkane,False,True,estimated,,Munir Mohamedi,73,GK,,Morocco,,RS Berkane,,,,,,,,,,74,71,69,73,38,70,,,,,,,,,,,,,,,,,,,,,,,,,,,,,,74.0,71.0,69.0,72.0,74.0
Morocco,,GK,AS FAR,False,True,estimated,,Ahmed Reda Tagnaouti,73,GK,,Morocco,,AS FAR,,,,,,,,,,74,71,69,73,38,70,,,,,,,,,,,,,,,,,,,,,,,,,,,,,,74.0,71.0,69.0,72.0,74.0
Morocco,,DF,Al Ahly,False,True,estimated,,Youssef Belammari,73,DF,,Morocco,,Al Ahly,,,,,,,,,,70,51,65,64,76,74,,,,,,,,,,,,,,,,,,,,,,,,,,,,,,,,,,
Morocco,,DF,Mechelen,False,True,estimated,,Redouane Halhal,73,DF,,Morocco,,Mechelen,,,,,,,,,,70,51,65,64,76,74,,,,,,,,,,,,,,,,,,,,,,,,,,,,,,,,,,
Morocco,,MF,Strasbourg,False,True,estimated,,Samir El Mourabet,73,MF,,Morocco,,Strasbourg,,,,,,,,,,68,67,75,74,67,68,,,,,,,,,,,,,,,,,,,,,,,,,,,,,,,,,,
Morocco,,MF,Lille,False,True,estimated,,Ayyoub Bouaddi,73,MF,,Morocco,,Lille,,,,,,,,,,68,67,75,74,67,68,,,,,,,,,,,,,,,,,,,,,,,,,,,,,,,,,,
Morocco,,FW,Strasbourg,False,True,estimated,,Gessime Yassine,73,FW,,Morocco,,Strasbourg,,,,,,,,,,75,75,67,75,43,66,,,,,,,,,,,,,,,,,,,,,,,,,,,,,,,,,,
Morocco,,FW,Eintracht Frankfurt,False,True,estimated,,Ayoube Amaimouni,73,FW,,Morocco,,Eintracht Frankfurt,,,,,,,,,,75,75,67,75,43,66,,,,,,,,,,,,,,,,,,,,,,,,,,,,,,,,,,
Germany,25,MF,Bayern Munich,False,True,estimated,,Lennart Karl,68,MF,,Germany,,Bayern Munich,,,,,,,,,,63,62,70,69,62,63,,,,,,,,,,,,,,,,,,,,,,,,,,,,,,,,,,
Croatia,,MF,Rijeka,False,True,estimated,,Toni Fruk,73,MF,,Croatia,,Rijeka,,,,,,,,,,68,67,75,74,67,68,,,,,,,,,,,,,,,,,,,,,,,,,,,,,,,,,,
Croatia,,FW,PSV Eindhoven,False,True,estimated,,Ivan Perišić,73,FW,,Croatia,,PSV Eindhoven,,,,,,,,,,75,75,67,75,43,66,,,,,,,,,,,,,,,,,,,,,,,,,,,,,,,,,,
Croatia,,FW,Orlando City SC,False,True,estimated,,Marco Pašalić,72,FW,,Croatia,,Orlando City SC,,,,,,,,,,74,74,66,74,42,65,,,,,,,,,,,,,,,,,,,,,,,,,,,,,,,,,,
Colombia,,GK,Atlas,False,True,estimated,,Camilo Vargas,73,GK,,Colombia,,Atlas,,,,,,,,,,74,71,69,73,38,70,,,,,,,,,,,,,,,,,,,,,,,,,,,,,,74.0,71.0,69.0,72.0,74.0
Colombia,,DF,Independiente,False,True,estimated,,Santiago Arias,73,DF,,Colombia,,Independiente,,,,,,,,,,70,51,65,64,76,74,,,,,,,,,,,,,,,,,,,,,,,,,,,,,,,,,,
Colombia,,DF,Cruz Azul,False,True,estimated,,Willer Ditta,73,DF,,Colombia,,Cruz Azul,,,,,,,,,,70,51,65,64,76,74,,,,,,,,,,,,,,,,,,,,,,,,,,,,,,,,,,
Colombia,,MF,Minnesota United FC,True,True,estimated,,James Rodríguez,75,MF,,Colombia,,Minnesota United FC,,,,,,,,,,70,69,77,76,69,70,,,,,,,,,,,,,,,,,,,,,,,,,,,,,,,,,,
Colombia,,MF,Benfica,False,True,estimated,,Richard Ríos,73,MF,,Colombia,,Benfica,,,,,,,,,,68,67,75,74,67,68,,,,,,,,,,,,,,,,,,,,,,,,,,,,,,,,,,
Colombia,,MF,River Plate,False,True,estimated,,Kevin Castaño,73,MF,,Colombia,,River Plate,,,,,,,,,,68,67,75,74,67,68,,,,,,,,,,,,,,,,,,,,,,,,,,,,,,,,,,
Colombia,,MF,Flamengo,False,True,estimated,,Jorge Carrascal,73,MF,,Colombia,,Flamengo,,,,,,,,,,68,67,75,74,67,68,,,,,,,,,,,,,,,,,,,,,,,,,,,,,,,,,,
Colombia,,FW,Krasnodar,False,True,estimated,,Jhon Córdoba,73,FW,,Colombia,,Krasnodar,,,,,,,,,,75,75,67,75,43,66,,,,,,,,,,,,,,,,,,,,,,,,,,,,,,,,,,
Senegal,,DF,Maccabi Haifa,False,True,estimated,,Abdoulaye Seck,72,DF,,Senegal,,Maccabi Haifa,,,,,,,,,,69,50,64,63,75,73,,,,,,,,,,,,,,,,,,,,,,,,,,,,,,,,,,
Senegal,,DF,Anderlecht,False,True,estimated,,Ilay Camara,72,DF,,Senegal,,Anderlecht,,,,,,,,,,69,50,64,63,75,73,,,,,,,,,,,,,,,,,,,,,,,,,,,,,,,,,,
Senegal,,MF,Bayern Munich,False,True,estimated,,Bara Sapoko Ndiaye,72,MF,,Senegal,,Bayern Munich,,,,,,,,,,67,66,74,73,66,67,,,,,,,,,,,,,,,,,,,,,,,,,,,,,,,,,,
Senegal,,FW,Samsunspor,False,True,estimated,,Cherif Ndiaye,72,FW,,Senegal,,Samsunspor,,,,,,,,,,74,74,66,74,42,65,,,,,,,,,,,,,,,,,,,,,,,,,,,,,,,,,,
Senegal,,FW,Paris Saint-Germain,False,True,estimated,,Ibrahim Mbaye,72,FW,,Senegal,,Paris Saint-Germain,,,,,,,,,,74,74,66,74,42,65,,,,,,,,,,,,,,,,,,,,,,,,,,,,,,,,,,
Senegal,,FW,Como,False,True,estimated,,Assane Diao,72,FW,,Senegal,,Como,,,,,,,,,,74,74,66,74,42,65,,,,,,,,,,,,,,,,,,,,,,,,,,,,,,,,,,
Mexico,,GK,AEL Limassol,False,True,estimated,,Guillermo Ochoa,71,GK,,Mexico,,AEL Limassol,,,,,,,,,,72,69,67,71,36,68,,,,,,,,,,,,,,,,,,,,,,,,,,,,,,72.0,69.0,67.0,70.0,72.0
Mexico,,GK,Guadalajara,False,True,estimated,,Raúl Rangel,71,GK,,Mexico,,Guadalajara,,,,,,,,,,72,69,67,71,36,68,,,,,,,,,,,,,,,,,,,,,,,,,,,,,,72.0,69.0,67.0,70.0,72.0
Mexico,,GK,Santos Laguna,False,True,estimated,,Carlos Acevedo,71,GK,,Mexico,,Santos Laguna,,,,,,,,,,72,69,67,71,36,68,,,,,,,,,,,,,,,,,,,,,,,,,,,,,,72.0,69.0,67.0,70.0,72.0
Mexico,,DF,Toluca,False,True,estimated,,Jesús Gallardo,71,DF,,Mexico,,Toluca,,,,,,,,,,68,49,63,62,74,72,,,,,,,,,,,,,,,,,,,,,,,,,,,,,,,,,,
Mexico,,DF,PAOK,False,True,estimated,,Jorge Sánchez,71,DF,,Mexico,,PAOK,,,,,,,,,,68,49,63,62,74,72,,,,,,,,,,,,,,,,,,,,,,,,,,,,,,,,,,
Mexico,,DF,América,False,True,estimated,,Israel Reyes,71,DF,,Mexico,,América,,,,,,,,,,68,49,63,62,74,72,,,,,,,,,,,,,,,,,,,,,,,,,,,,,,,,,,
Mexico,,DF,AZ,False,True,estimated,,Mateo Chávez,71,DF,,Mexico,,AZ,,,,,,,,,,68,49,63,62,74,72,,,,,,,,,,,,,,,,,,,,,,,,,,,,,,,,,,
Mexico,,MF,Guadalajara,False,True,estimated,,Roberto Alvarado,71,MF,,Mexico,,Guadalajara,,,,,,,,,,66,65,73,72,65,66,,,,,,,,,,,,,,,,,,,,,,,,,,,,,,,,,,
Mexico,,MF,Guadalajara,False,True,estimated,,Luis Romo,71,MF,,Mexico,,Guadalajara,,,,,,,,,,66,65,73,72,65,66,,,,,,,,,,,,,,,,,,,,,,,,,,,,,,,,,,
Mexico,,MF,Dynamo Moscow,False,True,estimated,,Luis Chávez,71,MF,,Mexico,,Dynamo Moscow,,,,,,,,,,66,65,73,72,65,66,,,,,,,,,,,,,,,,,,,,,,,,,,,,,,,,,,
Mexico,,MF,Cruz Azul,False,True,estimated,,Érik Lira,71,MF,,Mexico,,Cruz Azul,,,,,,,,,,66,65,73,72,65,66,,,,,,,,,,,,,,,,,,,,,,,,,,,,,,,,,,
Mexico,,MF,Tijuana,False,True,estimated,,Gilberto Mora,71,MF,,Mexico,,Tijuana,,,,,,,,,,66,65,73,72,65,66,,,,,,,,,,,,,,,,,,,,,,,,,,,,,,,,,,
Mexico,,MF,Real Betis,False,True,estimated,,Álvaro Fidalgo,71,MF,,Mexico,,Real Betis,,,,,,,,,,66,65,73,72,65,66,,,,,,,,,,,,,,,,,,,,,,,,,,,,,,,,,,
Mexico,,FW,Toluca,False,True,estimated,,Alexis Vega,71,FW,,Mexico,,Toluca,,,,,,,,,,73,73,65,73,41,64,,,,,,,,,,,,,,,,,,,,,,,,,,,,,,,,,,
Mexico,,FW,Anderlecht,False,True,estimated,,César Huerta,71,FW,,Mexico,,Anderlecht,,,,,,,,,,73,73,65,73,41,64,,,,,,,,,,,,,,,,,,,,,,,,,,,,,,,,,,
Mexico,,FW,UNAM,False,True,estimated,,Guillermo Martínez,71,FW,,Mexico,,UNAM,,,,,,,,,,73,73,65,73,41,64,,,,,,,,,,,,,,,,,,,,,,,,,,,,,,,,,,
Mexico,,FW,Guadalajara,False,True,estimated,,Armando González,71,FW,,Mexico,,Guadalajara,,,,,,,,,,73,73,65,73,41,64,,,,,,,,,,,,,,,,,,,,,,,,,,,,,,,,,,
USA,26,FW,América,False,True,estimated,,Alejandro Zendejas,70,FW,,United States,,América,,,,,,,,,,72,72,64,72,40,63,,,,,,,,,,,,,,,,,,,,,,,,,,,,,,,,,,
Uruguay,,GK,Internacional,False,True,estimated,,Sergio Rochet,76,GK,,Uruguay,,Internacional,,,,,,,,,,77,74,72,76,41,73,,,,,,,,,,,,,,,,,,,,,,,,,,,,,,77.0,74.0,72.0,75.0,77.0
Uruguay,,DF,River Plate,False,True,estimated,,Matías Viña,76,DF,,Uruguay,,River Plate,,,,,,,,,,73,54,68,67,79,77,,,,,,,,,,,,,,,,,,,,,,,,,,,,,,,,,,
Uruguay,,DF,Flamengo,False,True,estimated,,Guillermo Varela,76,DF,,Uruguay,,Flamengo,,,,,,,,,,73,54,68,67,79,77,,,,,,,,,,,,,,,,,,,,,,,,,,,,,,,,,,
Uruguay,,DF,América,False,True,estimated,,Sebastián Cáceres,76,DF,,Uruguay,,América,,,,,,,,,,73,54,68,67,79,77,,,,,,,,,,,,,,,,,,,,,,,,,,,,,,,,,,
Uruguay,,DF,Palmeiras,False,True,estimated,,Joaquín Piquerez,76,DF,,Uruguay,,Palmeiras,,,,,,,,,,73,54,68,67,79,77,,,,,,,,,,,,,,,,,,,,,,,,,,,,,,,,,,
Uruguay,,MF,Flamengo,False,True,estimated,,Giorgian de Arrascaeta,76,MF,,Uruguay,,Flamengo,,,,,,,,,,71,70,78,77,70,71,,,,,,,,,,,,,,,,,,,,,,,,,,,,,,,,,,
Uruguay,,MF,Flamengo,False,True,estimated,,Nicolás de la Cruz,76,MF,,Uruguay,,Flamengo,,,,,,,,,,71,70,78,77,70,71,,,,,,,,,,,,,,,,,,,,,,,,,,,,,,,,,,
Uruguay,,MF,América,False,True,estimated,,Brian Rodríguez,76,MF,,Uruguay,,América,,,,,,,,,,71,70,78,77,70,71,,,,,,,,,,,,,,,,,,,,,,,,,,,,,,,,,,
Uruguay,,MF,Sporting CP,False,True,estimated,,Maximiliano Araújo,76,MF,,Uruguay,,Sporting CP,,,,,,,,,,71,70,78,77,70,71,,,,,,,,,,,,,,,,,,,,,,,,,,,,,,,,,,
Uruguay,,MF,Fluminense,False,True,estimated,,Agustín Canobbio,76,MF,,Uruguay,,Fluminense,,,,,,,,,,71,70,78,77,70,71,,,,,,,,,,,,,,,,,,,,,,,,,,,,,,,,,,
Uruguay,,MF,Real Salt Lake,False,True,estimated,,Juan Manuel Sanabria,76,MF,,Uruguay,,Real Salt Lake,,,,,,,,,,71,70,78,77,70,71,,,,,,,,,,,,,,,,,,,,,,,,,,,,,,,,,,
Uruguay,,FW,Oviedo,False,True,estimated,,Federico Viñas,76,FW,,Uruguay,,Oviedo,,,,,,,,,,78,78,70,78,46,69,,,,,,,,,,,,,,,,,,,,,,,,,,,,,,,,,,
Uruguay,,FW,UANL,False,True,estimated,,Rodrigo Aguirre,76,FW,,Uruguay,,UANL,,,,,,,,,,78,78,70,78,46,69,,,,,,,,,,,,,,,,,,,,,,,,,,,,,,,,,,
Japan,5,DF,FC Tokyo,False,True,estimated,,Yūto Nagatomo,72,DF,,Japan,,FC Tokyo,,,,,,,,,,69,50,64,63,75,73,,,,,,,,,,,,,,,,,,,,,,,,,,,,,,,,,,
Japan,9,FW,Sint-Truiden,False,True,estimated,,Keisuke Gotō,72,FW,,Japan,,Sint-Truiden,,,,,,,,,,74,74,66,74,42,65,,,,,,,,,,,,,,,,,,,,,,,,,,,,,,,,,,
Japan,12,GK,Sanfrecce Hiroshima,False,True,estimated,,Keisuke Ōsako,72,GK,,Japan,,Sanfrecce Hiroshima,,,,,,,,,,73,70,68,72,37,69,,,,,,,,,,,,,,,,,,,,,,,,,,,,,,73.0,70.0,68.0,71.0,73.0
Japan,23,GK,Kashima Antlers,False,True,estimated,,Tomoki Hayakawa,72,GK,,Japan,,Kashima Antlers,,,,,,,,,,73,70,68,72,37,69,,,,,,,,,,,,,,,,,,,,,,,,,,,,,,73.0,70.0,68.0,71.0,73.0
Japan,25,DF,Copenhagen,False,True,estimated,,Junnosuke Suzuki,72,DF,,Japan,,Copenhagen,,,,,,,,,,69,50,64,63,75,73,,,,,,,,,,,,,,,,,,,,,,,,,,,,,,,,,,
Japan,26,FW,VfL Wolfsburg,False,True,estimated,,Kento Shiogai,72,FW,,Japan,,VfL Wolfsburg,,,,,,,,,,74,74,66,74,42,65,,,,,,,,,,,,,,,,,,,,,,,,,,,,,,,,,,
Iran,,GK,Tractor,False,True,estimated,,Alireza Beiranvand,68,GK,,Iran,,Tractor,,,,,,,,,,69,66,64,68,33,65,,,,,,,,,,,,,,,,,,,,,,,,,,,,,,69.0,66.0,64.0,67.0,69.0
Iran,,GK,Persepolis,False,True,estimated,,Payam Niazmand,68,GK,,Iran,,Persepolis,,,,,,,,,,69,66,64,68,33,65,,,,,,,,,,,,,,,,,,,,,,,,,,,,,,69.0,66.0,64.0,67.0,69.0
Iran,,GK,Sepahan,False,True,estimated,,Hossein Hosseini,68,GK,,Iran,,Sepahan,,,,,,,,,,69,66,64,68,33,65,,,,,,,,,,,,,,,,,,,,,,,,,,,,,,69.0,66.0,64.0,67.0,69.0
Iran,,DF,Sepahan,True,True,estimated,,Ehsan Hajsafi,70,DF,,Iran,,Sepahan,,,,,,,,,,67,48,62,61,73,71,,,,,,,,,,,,,,,,,,,,,,,,,,,,,,,,,,
Iran,,DF,Persepolis,False,True,estimated,,Milad Mohammadi,68,DF,,Iran,,Persepolis,,,,,,,,,,65,46,60,59,71,69,,,,,,,,,,,,,,,,,,,,,,,,,,,,,,,,,,
Iran,,DF,Foolad,False,True,estimated,,Ramin Rezaeian,68,DF,,Iran,,Foolad,,,,,,,,,,65,46,60,59,71,69,,,,,,,,,,,,,,,,,,,,,,,,,,,,,,,,,,
Iran,,DF,Persepolis,False,True,estimated,,Hossein Kanaanizadegan,68,DF,,Iran,,Persepolis,,,,,,,,,,65,46,60,59,71,69,,,,,,,,,,,,,,,,,,,,,,,,,,,,,,,,,,
Iran,,DF,Tractor,False,True,estimated,,Shojae Khalilzadeh,68,DF,,Iran,,Tractor,,,,,,,,,,65,46,60,59,71,69,,,,,,,,,,,,,,,,,,,,,,,,,,,,,,,,,,
Iran,,DF,Esteghlal,False,True,estimated,,Saleh Hardani,68,DF,,Iran,,Esteghlal,,,,,,,,,,65,46,60,59,71,69,,,,,,,,,,,,,,,,,,,,,,,,,,,,,,,,,,
Iran,,DF,Foolad,False,True,estimated,,Ali Nemati,68,DF,,Iran,,Foolad,,,,,,,,,,65,46,60,59,71,69,,,,,,,,,,,,,,,,,,,,,,,,,,,,,,,,,,
Iran,,DF,Malavan,False,True,estimated,,Danial Eiri,68,DF,,Iran,,Malavan,,,,,,,,,,65,46,60,59,71,69,,,,,,,,,,,,,,,,,,,,,,,,,,,,,,,,,,
Iran,,MF,Dender,False,True,estimated,,Alireza Jahanbakhsh,68,MF,,Iran,,Dender,,,,,,,,,,63,62,70,69,62,63,,,,,,,,,,,,,,,,,,,,,,,,,,,,,,,,,,
Iran,,MF,Shabab Al-Ahli,False,True,estimated,,Saeid Ezatolahi,68,MF,,Iran,,Shabab Al-Ahli,,,,,,,,,,63,62,70,69,62,63,,,,,,,,,,,,,,,,,,,,,,,,,,,,,,,,,,
Iran,,MF,Kalba,False,True,estimated,,Saman Ghoddos,68,MF,,Iran,,Kalba,,,,,,,,,,63,62,70,69,62,63,,,,,,,,,,,,,,,,,,,,,,,,,,,,,,,,,,
Iran,,MF,Tractor,False,True,estimated,,Mehdi Torabi,68,MF,,Iran,,Tractor,,,,,,,,,,63,62,70,69,62,63,,,,,,,,,,,,,,,,,,,,,,,,,,,,,,,,,,
Iran,,MF,Esteghlal,False,True,estimated,,Rouzbeh Cheshmi,68,MF,,Iran,,Esteghlal,,,,,,,,,,63,62,70,69,62,63,,,,,,,,,,,,,,,,,,,,,,,,,,,,,,,,,,
Iran,,MF,Rostov,False,True,estimated,,Mohammad Mohebi,68,MF,,Iran,,Rostov,,,,,,,,,,63,62,70,69,62,63,,,,,,,,,,,,,,,,,,,,,,,,,,,,,,,,,,
Iran,,MF,Al-Nasr,False,True,estimated,,Mehdi Ghayedi,68,MF,,Iran,,Al-Nasr,,,,,,,,,,63,62,70,69,62,63,,,,,,,,,,,,,,,,,,,,,,,,,,,,,,,,,,
Iran,,MF,Al-Wahda,False,True,estimated,,Mohammad Ghorbani,68,MF,,Iran,,Al-Wahda,,,,,,,,,,63,62,70,69,62,63,,,,,,,,,,,,,,,,,,,,,,,,,,,,,,,,,,
Iran,,MF,Sepahan,False,True,estimated,,Aria Yousefi,68,MF,,Iran,,Sepahan,,,,,,,,,,63,62,70,69,62,63,,,,,,,,,,,,,,,,,,,,,,,,,,,,,,,,,,
Iran,,MF,Esteghlal,False,True,estimated,,Amirmohammad Razzaghinia,68,MF,,Iran,,Esteghlal,,,,,,,,,,63,62,70,69,62,63,,,,,,,,,,,,,,,,,,,,,,,,,,,,,,,,,,
Iran,,FW,Kalba,False,True,estimated,,Shahriyar Moghanlou,68,FW,,Iran,,Kalba,,,,,,,,,,70,70,62,70,38,61,,,,,,,,,,,,,,,,,,,,,,,,,,,,,,,,,,
Iran,,FW,Tractor,False,True,estimated,,Amirhossein Hosseinzadeh,68,FW,,Iran,,Tractor,,,,,,,,,,70,70,62,70,38,61,,,,,,,,,,,,,,,,,,,,,,,,,,,,,,,,,,
Iran,,FW,Persepolis,False,True,estimated,,Ali Alipour,68,FW,,Iran,,Persepolis,,,,,,,,,,70,70,62,70,38,61,,,,,,,,,,,,,,,,,,,,,,,,,,,,,,,,,,
Iran,,FW,Standard Liège,False,True,estimated,,Dennis Eckert,68,FW,,Iran,,Standard Liège,,,,,,,,,,70,70,62,70,38,61,,,,,,,,,,,,,,,,,,,,,,,,,,,,,,,,,,
Turkey,,DF,Çaykur Rizespor,False,True,estimated,,Samet Akaydin,71,DF,,Turkey,,Çaykur Rizespor,,,,,,,,,,68,49,63,62,74,72,,,,,,,,,,,,,,,,,,,,,,,,,,,,,,,,,,
Turkey,,DF,Al-Hilal,False,True,estimated,,Yusuf Akçiçek,71,DF,,Turkey,,Al-Hilal,,,,,,,,,,68,49,63,62,74,72,,,,,,,,,,,,,,,,,,,,,,,,,,,,,,,,,,
Ecuador,2,DF,Internacional,False,True,estimated,,Félix Torres,68,DF,,Ecuador,,Internacional,,,,,,,,,,65,46,60,59,71,69,,,,,,,,,,,,,,,,,,,,,,,,,,,,,,,,,,
Ecuador,5,MF,Independiente del Valle,False,True,estimated,,Jordy Alcívar,68,MF,,Ecuador,,Independiente del Valle,,,,,,,,,,63,62,70,69,62,63,,,,,,,,,,,,,,,,,,,,,,,,,,,,,,,,,,
Ecuador,13,FW,Pachuca,True,True,estimated,,Enner Valencia,70,FW,,Ecuador,,Pachuca,,,,,,,,,,72,72,64,72,40,63,,,,,,,,,,,,,,,,,,,,,,,,,,,,,,,,,,
Ecuador,19,MF,Flamengo,False,True,estimated,,Gonzalo Plata,68,MF,,Ecuador,,Flamengo,,,,,,,,,,63,62,70,69,62,63,,,,,,,,,,,,,,,,,,,,,,,,,,,,,,,,,,
Ecuador,21,MF,Atlético Mineiro,False,True,estimated,,Alan Franco,68,MF,,Ecuador,,Atlético Mineiro,,,,,,,,,,63,62,70,69,62,63,,,,,,,,,,,,,,,,,,,,,,,,,,,,,,,,,,
Ecuador,26,FW,VfB Stuttgart,False,True,estimated,,Jeremy Arévalo,68,FW,,Ecuador,,VfB Stuttgart,,,,,,,,,,70,70,62,70,38,61,,,,,,,,,,,,,,,,,,,,,,,,,,,,,,,,,,
Austria,2,DF,Elche,False,True,estimated,,David Affengruber,74,DF,,Austria,,Elche,,,,,,,,,,71,52,66,65,77,75,,,,,,,,,,,,,,,,,,,,,,,,,,,,,,,,,,
Austria,12,GK,Viktoria Plzeň,False,True,estimated,,Florian Wiegele,74,GK,,Austria,,Viktoria Plzeň,,,,,,,,,,75,72,70,74,39,71,,,,,,,,,,,,,,,,,,,,,,,,,,,,,,75.0,72.0,70.0,73.0,75.0
South Korea,,GK,Jeonbuk Hyundai Motors,False,True,estimated,,Song Bum-keun,68,GK,,Korea Republic,,Jeonbuk Hyundai Motors,,,,,,,,,,69,66,64,68,33,65,,,,,,,,,,,,,,,,,,,,,,,,,,,,,,69.0,66.0,64.0,67.0,69.0
South Korea,,DF,Gangwon FC,False,True,estimated,,Lee Ki-hyuk,68,DF,,Korea Republic,,Gangwon FC,,,,,,,,,,65,46,60,59,71,69,,,,,,,,,,,,,,,,,,,,,,,,,,,,,,,,,,
South Korea,,DF,Jeonbuk Hyundai Motors,False,True,estimated,,Cho Wi-je,68,DF,,Korea Republic,,Jeonbuk Hyundai Motors,,,,,,,,,,65,46,60,59,71,69,,,,,,,,,,,,,,,,,,,,,,,,,,,,,,,,,,
South Korea,,MF,Feyenoord,False,True,estimated,,Hwang In-beom,68,MF,,Korea Republic,,Feyenoord,,,,,,,,,,63,62,70,69,62,63,,,,,,,,,,,,,,,,,,,,,,,,,,,,,,,,,,
South Korea,,MF,Jeonbuk Hyundai Motors,False,True,estimated,,Kim Jin-gyu,68,MF,,Korea Republic,,Jeonbuk Hyundai Motors,,,,,,,,,,63,62,70,69,62,63,,,,,,,,,,,,,,,,,,,,,,,,,,,,,,,,,,
South Korea,,MF,Ulsan HD,False,True,estimated,,Lee Dong-gyeong,68,MF,,Korea Republic,,Ulsan HD,,,,,,,,,,63,62,70,69,62,63,,,,,,,,,,,,,,,,,,,,,,,,,,,,,,,,,,
Australia,2,DF,APOEL,False,True,estimated,,Miloš Degenek,65,DF,,Australia,,APOEL,,,,,,,,,,62,43,57,56,68,66,,,,,,,,,,,,,,,,,,,,,,,,,,,,,,,,,,
Australia,24,MF,Sydney FC,False,True,estimated,,Paul Okon-Engstler,65,MF,,Australia,,Sydney FC,,,,,,,,,,60,59,67,66,59,60,,,,,,,,,,,,,,,,,,,,,,,,,,,,,,,,,,
Australia,25,DF,Colorado Rapids,False,True,estimated,,Lucas Herrington,65,DF,,Australia,,Colorado Rapids,,,,,,,,,,62,43,57,56,68,66,,,,,,,,,,,,,,,,,,,,,,,,,,,,,,,,,,
Australia,26,FW,Machida Zelvia,False,True,estimated,,Tete Yengi,65,FW,,Australia,,Machida Zelvia,,,,,,,,,,67,67,59,67,35,58,,,,,,,,,,,,,,,,,,,,,,,,,,,,,,,,,,
Algeria,,GK,USM Alger,False,True,estimated,,Oussama Benbot,70,GK,,Algeria,,USM Alger,,,,,,,,,,71,68,66,70,35,67,,,,,,,,,,,,,,,,,,,,,,,,,,,,,,71.0,68.0,66.0,69.0,71.0
Algeria,,GK,Stade Nyonnais,False,True,estimated,,Melvin Mastil,70,GK,,Algeria,,Stade Nyonnais,,,,,,,,,,71,68,66,70,35,67,,,,,,,,,,,,,,,,,,,,,,,,,,,,,,71.0,68.0,66.0,69.0,71.0
Algeria,,DF,Espérance de Tunis,False,True,estimated,,Mohamed Amine Tougai,70,DF,,Algeria,,Espérance de Tunis,,,,,,,,,,67,48,62,61,73,71,,,,,,,,,,,,,,,,,,,,,,,,,,,,,,,,,,
Algeria,,DF,USM Alger,False,True,estimated,,Achref Abada,70,DF,,Algeria,,USM Alger,,,,,,,,,,67,48,62,61,73,71,,,,,,,,,,,,,,,,,,,,,,,,,,,,,,,,,,
Algeria,,FW,Al-Duhail,False,True,estimated,,Adil Boulbina,70,FW,,Algeria,,Al-Duhail,,,,,,,,,,72,72,64,72,40,63,,,,,,,,,,,,,,,,,,,,,,,,,,,,,,,,,,
Algeria,,FW,Győri ETO,False,True,estimated,,Nadhir Benbouali,70,FW,,Algeria,,Győri ETO,,,,,,,,,,72,72,64,72,40,63,,,,,,,,,,,,,,,,,,,,,,,,,,,,,,,,,,
Algeria,,FW,Frosinone,False,True,estimated,,Farès Ghedjemis,70,FW,,Algeria,,Frosinone,,,,,,,,,,72,72,64,72,40,63,,,,,,,,,,,,,,,,,,,,,,,,,,,,,,,,,,
Egypt,,GK,Al Ahly,False,True,estimated,,Mohamed El Shenawy,71,GK,,Egypt,,Al Ahly,,,,,,,,,,72,69,67,71,36,68,,,,,,,,,,,,,,,,,,,,,,,,,,,,,,72.0,69.0,67.0,70.0,72.0
Egypt,,GK,Al Ahly,False,True,estimated,,Mostafa Shobeir,71,GK,,Egypt,,Al Ahly,,,,,,,,,,72,69,67,71,36,68,,,,,,,,,,,,,,,,,,,,,,,,,,,,,,72.0,69.0,67.0,70.0,72.0
Egypt,,GK,El Gouna,False,True,estimated,,Mohamed Alaa,71,GK,,Egypt,,El Gouna,,,,,,,,,,72,69,67,71,36,68,,,,,,,,,,,,,,,,,,,,,,,,,,,,,,72.0,69.0,67.0,70.0,72.0
Egypt,,GK,Zamalek,False,True,estimated,,El Mahdy Soliman,71,GK,,Egypt,,Zamalek,,,,,,,,,,72,69,67,71,36,68,,,,,,,,,,,,,,,,,,,,,,,,,,,,,,72.0,69.0,67.0,70.0,72.0
Egypt,,DF,Al-Wakrah,False,True,estimated,,Hamdy Fathy,71,DF,,Egypt,,Al-Wakrah,,,,,,,,,,68,49,63,62,74,72,,,,,,,,,,,,,,,,,,,,,,,,,,,,,,,,,,
Egypt,,DF,Al-Ain,False,True,estimated,,Ramy Rabia,71,DF,,Egypt,,Al-Ain,,,,,,,,,,68,49,63,62,74,72,,,,,,,,,,,,,,,,,,,,,,,,,,,,,,,,,,
Egypt,,DF,Al Ahly,False,True,estimated,,Mohamed Hany,71,DF,,Egypt,,Al Ahly,,,,,,,,,,68,49,63,62,74,72,,,,,,,,,,,,,,,,,,,,,,,,,,,,,,,,,,
Egypt,,DF,Zamalek,False,True,estimated,,Ahmed Fatouh,71,DF,,Egypt,,Zamalek,,,,,,,,,,68,49,63,62,74,72,,,,,,,,,,,,,,,,,,,,,,,,,,,,,,,,,,
Egypt,,DF,Nice,False,True,estimated,,Mohamed Abdelmonem,71,DF,,Egypt,,Nice,,,,,,,,,,68,49,63,62,74,72,,,,,,,,,,,,,,,,,,,,,,,,,,,,,,,,,,
Egypt,,DF,Al Ahly,False,True,estimated,,Yasser Ibrahim,71,DF,,Egypt,,Al Ahly,,,,,,,,,,68,49,63,62,74,72,,,,,,,,,,,,,,,,,,,,,,,,,,,,,,,,,,
Egypt,,DF,Zamalek,False,True,estimated,,Hossam Abdelmaguid,71,DF,,Egypt,,Zamalek,,,,,,,,,,68,49,63,62,74,72,,,,,,,,,,,,,,,,,,,,,,,,,,,,,,,,,,
Egypt,,DF,Pyramids,False,True,estimated,,Karim Hafez,71,DF,,Egypt,,Pyramids,,,,,,,,,,68,49,63,62,74,72,,,,,,,,,,,,,,,,,,,,,,,,,,,,,,,,,,
Egypt,,DF,ZED,False,True,estimated,,Tarek Alaa,71,DF,,Egypt,,ZED,,,,,,,,,,68,49,63,62,74,72,,,,,,,,,,,,,,,,,,,,,,,,,,,,,,,,,,
Egypt,,MF,Al Ahly,False,True,estimated,,Marwan Attia,71,MF,,Egypt,,Al Ahly,,,,,,,,,,66,65,73,72,65,66,,,,,,,,,,,,,,,,,,,,,,,,,,,,,,,,,,
Egypt,,MF,Al Ahly,False,True,estimated,,Emam Ashour,71,MF,,Egypt,,Al Ahly,,,,,,,,,,66,65,73,72,65,66,,,,,,,,,,,,,,,,,,,,,,,,,,,,,,,,,,
Egypt,,MF,Pyramids,False,True,estimated,,Mohanad Lasheen,71,MF,,Egypt,,Pyramids,,,,,,,,,,66,65,73,72,65,66,,,,,,,,,,,,,,,,,,,,,,,,,,,,,,,,,,
Egypt,,MF,ZED,False,True,estimated,,Mahmoud Saber,71,MF,,Egypt,,ZED,,,,,,,,,,66,65,73,72,65,66,,,,,,,,,,,,,,,,,,,,,,,,,,,,,,,,,,
Egypt,,MF,Al-Najma,False,True,estimated,,Nabil Emad,71,MF,,Egypt,,Al-Najma,,,,,,,,,,66,65,73,72,65,66,,,,,,,,,,,,,,,,,,,,,,,,,,,,,,,,,,
Egypt,,MF,Pyramids,False,True,estimated,,Mostafa Ziko,71,MF,,Egypt,,Pyramids,,,,,,,,,,66,65,73,72,65,66,,,,,,,,,,,,,,,,,,,,,,,,,,,,,,,,,,
Egypt,,FW,Al Ahly,False,True,estimated,,Trézéguet,71,FW,,Egypt,,Al Ahly,,,,,,,,,,73,73,65,73,41,64,,,,,,,,,,,,,,,,,,,,,,,,,,,,,,,,,,
Egypt,,FW,Al Ahly,False,True,estimated,,Zizo,71,FW,,Egypt,,Al Ahly,,,,,,,,,,73,73,65,73,41,64,,,,,,,,,,,,,,,,,,,,,,,,,,,,,,,,,,
Egypt,,FW,Nordsjælland,False,True,estimated,,Ibrahim Adel,71,FW,,Egypt,,Nordsjælland,,,,,,,,,,73,73,65,73,41,64,,,,,,,,,,,,,,,,,,,,,,,,,,,,,,,,,,
Egypt,,FW,Barcelona,False,True,estimated,,Hamza Abdelkarim,71,FW,,Egypt,,Barcelona,,,,,,,,,,73,73,65,73,41,64,,,,,,,,,,,,,,,,,,,,,,,,,,,,,,,,,,
Norway,25,DF,Viking,False,True,estimated,,Henrik Falchener,71,DF,,Norway,,Viking,,,,,,,,,,68,49,63,62,74,72,,,,,,,,,,,,,,,,,,,,,,,,,,,,,,,,,,
Ivory Coast,,DF,Gil Vicente,False,True,estimated,,Ghislain Konan,72,DF,,Côte d'Ivoire,,Gil Vicente,,,,,,,,,,69,50,64,63,75,73,,,,,,,,,,,,,,,,,,,,,,,,,,,,,,,,,,
Ivory Coast,,FW,RB Leipzig,False,True,estimated,,Yan Diomande,72,FW,,Côte d'Ivoire,,RB Leipzig,,,,,,,,,,74,74,66,74,42,65,,,,,,,,,,,,,,,,,,,,,,,,,,,,,,,,,,
Ivory Coast,,FW,Inter Milan,False,True,estimated,,Ange-Yoan Bonny,72,FW,,Côte d'Ivoire,,Inter Milan,,,,,,,,,,74,74,66,74,42,65,,,,,,,,,,,,,,,,,,,,,,,,,,,,,,,,,,
Congo DR,,MF,Atromitos,False,True,estimated,,Samuel Moutoussamy,69,MF,,Congo DR,,Atromitos,,,,,,,,,,64,63,71,70,63,64,,,,,,,,,,,,,,,,,,,,,,,,,,,,,,,,,,
Congo DR,,MF,AEL,False,True,estimated,,Gaël Kakuta,69,MF,,Congo DR,,AEL,,,,,,,,,,64,63,71,70,63,64,,,,,,,,,,,,,,,,,,,,,,,,,,,,,,,,,,
Congo DR,,MF,Kilmarnock,False,True,estimated,,Aaron Tshibola,69,MF,,Congo DR,,Kilmarnock,,,,,,,,,,64,63,71,70,63,64,,,,,,,,,,,,,,,,,,,,,,,,,,,,,,,,,,
Congo DR,,FW,Spartak Moscow,False,True,estimated,,Théo Bongonda,69,FW,,Congo DR,,Spartak Moscow,,,,,,,,,,71,71,63,71,39,62,,,,,,,,,,,,,,,,,,,,,,,,,,,,,,,,,,
Congo DR,,FW,Pyramids,False,True,estimated,,Fiston Mayele,69,FW,,Congo DR,,Pyramids,,,,,,,,,,71,71,63,71,39,62,,,,,,,,,,,,,,,,,,,,,,,,,,,,,,,,,,
Czech Republic,,MF,Hradec Králové,False,True,estimated,,Vladimír Darida,72,MF,,Czech Republic,,Hradec Králové,,,,,,,,,,67,66,74,73,66,67,,,,,,,,,,,,,,,,,,,,,,,,,,,,,,,,,,
Czech Republic,,MF,Sparta Prague,False,True,estimated,,Hugo Sochůrek,72,MF,,Czech Republic,,Sparta Prague,,,,,,,,,,67,66,74,73,66,67,,,,,,,,,,,,,,,,,,,,,,,,,,,,,,,,,,
Czech Republic,,MF,Viktoria Plzeň,False,True,estimated,,Alexandr Sojka,72,MF,,Czech Republic,,Viktoria Plzeň,,,,,,,,,,67,66,74,73,66,67,,,,,,,,,,,,,,,,,,,,,,,,,,,,,,,,,,
Czech Republic,,MF,Viktoria Plzeň,False,True,estimated,,Denis Višinský,72,MF,,Czech Republic,,Viktoria Plzeň,,,,,,,,,,67,66,74,73,66,67,,,,,,,,,,,,,,,,,,,,,,,,,,,,,,,,,,
Scotland,,MF,Kilmarnock,False,True,estimated,,Findlay Curtis,71,MF,,Scotland,,Kilmarnock,,,,,,,,,,66,65,73,72,65,66,,,,,,,,,,,,,,,,,,,,,,,,,,,,,,,,,,
Scotland,,MF,Manchester United,False,True,estimated,,Tyler Fletcher,71,MF,,Scotland,,Manchester United,,,,,,,,,,66,65,73,72,65,66,,,,,,,,,,,,,,,,,,,,,,,,,,,,,,,,,,
Paraguay,,GK,Cerro Porteño,False,True,estimated,,Gatito Fernández,69,GK,,Paraguay,,Cerro Porteño,,,,,,,,,,70,67,65,69,34,66,,,,,,,,,,,,,,,,,,,,,,,,,,,,,,70.0,67.0,65.0,68.0,70.0
Paraguay,,GK,San Lorenzo,False,True,estimated,,Orlando Gill,69,GK,,Paraguay,,San Lorenzo,,,,,,,,,,70,67,65,69,34,66,,,,,,,,,,,,,,,,,,,,,,,,,,,,,,70.0,67.0,65.0,68.0,70.0
Paraguay,,DF,Palmeiras,True,True,estimated,,Gustavo Gómez,71,DF,,Paraguay,,Palmeiras,,,,,,,,,,68,49,63,62,74,72,,,,,,,,,,,,,,,,,,,,,,,,,,,,,,,,,,
Paraguay,,DF,Grêmio,False,True,estimated,,Fabián Balbuena,69,DF,,Paraguay,,Grêmio,,,,,,,,,,66,47,61,60,72,70,,,,,,,,,,,,,,,,,,,,,,,,,,,,,,,,,,
Paraguay,,DF,Lanús,False,True,estimated,,José Canale,69,DF,,Paraguay,,Lanús,,,,,,,,,,66,47,61,60,72,70,,,,,,,,,,,,,,,,,,,,,,,,,,,,,,,,,,
Paraguay,,DF,Talleres,False,True,estimated,,Alexandro Maidana,69,DF,,Paraguay,,Talleres,,,,,,,,,,66,47,61,60,72,70,,,,,,,,,,,,,,,,,,,,,,,,,,,,,,,,,,
Paraguay,,MF,São Paulo,False,True,estimated,,Damián Bobadilla,69,MF,,Paraguay,,São Paulo,,,,,,,,,,64,63,71,70,63,64,,,,,,,,,,,,,,,,,,,,,,,,,,,,,,,,,,
Paraguay,,MF,Palmeiras,False,True,estimated,,Maurício,69,MF,,Paraguay,,Palmeiras,,,,,,,,,,64,63,71,70,63,64,,,,,,,,,,,,,,,,,,,,,,,,,,,,,,,,,,
Paraguay,,FW,Red Bull Bragantino,False,True,estimated,,Isidro Pitta,69,FW,,Paraguay,,Red Bull Bragantino,,,,,,,,,,71,71,63,71,39,62,,,,,,,,,,,,,,,,,,,,,,,,,,,,,,,,,,
Qatar,1,GK,Al-Rayyan,False,True,estimated,,Mahmud Abunada,66,GK,,Qatar,,Al-Rayyan,,,,,,,,,,67,64,62,66,31,63,,,,,,,,,,,,,,,,,,,,,,,,,,,,,,67.0,64.0,62.0,65.0,67.0
Qatar,2,DF,Al-Sadd,False,True,estimated,,Pedro Miguel,66,DF,,Qatar,,Al-Sadd,,,,,,,,,,63,44,58,57,69,67,,,,,,,,,,,,,,,,,,,,,,,,,,,,,,,,,,
Qatar,3,DF,Al-Wakrah,False,True,estimated,,Lucas Mendes,66,DF,,Qatar,,Al-Wakrah,,,,,,,,,,63,44,58,57,69,67,,,,,,,,,,,,,,,,,,,,,,,,,,,,,,,,,,
Qatar,4,DF,Al-Arabi,False,True,estimated,,Issa Laye,66,DF,,Qatar,,Al-Arabi,,,,,,,,,,63,44,58,57,69,67,,,,,,,,,,,,,,,,,,,,,,,,,,,,,,,,,,
Qatar,5,MF,Al-Rayyan,False,True,estimated,,Jassem Gaber,66,MF,,Qatar,,Al-Rayyan,,,,,,,,,,61,60,68,67,60,61,,,,,,,,,,,,,,,,,,,,,,,,,,,,,,,,,,
Qatar,6,MF,Al-Rayyan,False,True,estimated,,Abdulaziz Hatem,66,MF,,Qatar,,Al-Rayyan,,,,,,,,,,61,60,68,67,60,61,,,,,,,,,,,,,,,,,,,,,,,,,,,,,,,,,,
Qatar,7,FW,Al-Rayyan,False,True,estimated,,Ahmed Alaaeldin,66,FW,,Qatar,,Al-Rayyan,,,,,,,,,,68,68,60,68,36,59,,,,,,,,,,,,,,,,,,,,,,,,,,,,,,,,,,
Qatar,8,FW,Al-Duhail,False,True,estimated,,Edmilson Junior,66,FW,,Qatar,,Al-Duhail,,,,,,,,,,68,68,60,68,36,59,,,,,,,,,,,,,,,,,,,,,,,,,,,,,,,,,,
Qatar,9,FW,Al-Gharafa,False,True,estimated,,Mohammed Muntari,66,FW,,Qatar,,Al-Gharafa,,,,,,,,,,68,68,60,68,36,59,,,,,,,,,,,,,,,,,,,,,,,,,,,,,,,,,,
Qatar,10,FW,Al-Sadd,True,True,estimated,,Hassan Al-Haydos,68,FW,,Qatar,,Al-Sadd,,,,,,,,,,70,70,62,70,38,61,,,,,,,,,,,,,,,,,,,,,,,,,,,,,,,,,,
Qatar,11,FW,Al-Sadd,False,True,estimated,,Akram Afif,79,FW,,Qatar,,Al-Sadd,,,,,,,,,,81,81,73,81,49,72,,,,,,,,,,,,,,,,,,,,,,,,,,,,,,,,,,
Qatar,12,MF,Al-Duhail,False,True,estimated,,Karim Boudiaf,66,MF,,Qatar,,Al-Duhail,,,,,,,,,,61,60,68,67,60,61,,,,,,,,,,,,,,,,,,,,,,,,,,,,,,,,,,
Qatar,13,DF,Al-Gharafa,False,True,estimated,,Ayoub Al-Oui,66,DF,,Qatar,,Al-Gharafa,,,,,,,,,,63,44,58,57,69,67,,,,,,,,,,,,,,,,,,,,,,,,,,,,,,,,,,
Qatar,14,DF,Cultural Leonesa,False,True,estimated,,Homam Ahmed,66,DF,,Qatar,,Cultural Leonesa,,,,,,,,,,63,44,58,57,69,67,,,,,,,,,,,,,,,,,,,,,,,,,,,,,,,,,,
Qatar,15,FW,Al-Wakrah,False,True,estimated,,Yusuf Abdurisag,66,FW,,Qatar,,Al-Wakrah,,,,,,,,,,68,68,60,68,36,59,,,,,,,,,,,,,,,,,,,,,,,,,,,,,,,,,,
Qatar,16,DF,Al-Sadd,False,True,estimated,,Boualem Khoukhi,73,DF,,Qatar,,Al-Sadd,,,,,,,,,,70,51,65,64,76,74,,,,,,,,,,,,,,,,,,,,,,,,,,,,,,,,,,
Qatar,17,FW,Al-Gharafa,False,True,estimated,,Ahmed Al-Ganehi,66,FW,,Qatar,,Al-Gharafa,,,,,,,,,,68,68,60,68,36,59,,,,,,,,,,,,,,,,,,,,,,,,,,,,,,,,,,
Qatar,18,DF,Al-Duhail,False,True,estimated,,Sultan Al-Brake,66,DF,,Qatar,,Al-Duhail,,,,,,,,,,63,44,58,57,69,67,,,,,,,,,,,,,,,,,,,,,,,,,,,,,,,,,,
Qatar,19,FW,Al-Duhail,False,True,estimated,,Almoez Ali,76,FW,,Qatar,,Al-Duhail,,,,,,,,,,78,78,70,78,46,69,,,,,,,,,,,,,,,,,,,,,,,,,,,,,,,,,,
Qatar,20,MF,Al-Arabi,False,True,estimated,,Ahmed Fathy,66,MF,,Qatar,,Al-Arabi,,,,,,,,,,61,60,68,67,60,61,,,,,,,,,,,,,,,,,,,,,,,,,,,,,,,,,,
Qatar,21,GK,Al-Duhail,False,True,estimated,,Salah Zakaria,66,GK,,Qatar,,Al-Duhail,,,,,,,,,,67,64,62,66,31,63,,,,,,,,,,,,,,,,,,,,,,,,,,,,,,67.0,64.0,62.0,65.0,67.0
Qatar,22,GK,Al-Sadd,False,True,estimated,,Meshaal Barsham,66,GK,,Qatar,,Al-Sadd,,,,,,,,,,67,64,62,66,31,63,,,,,,,,,,,,,,,,,,,,,,,,,,,,,,67.0,64.0,62.0,65.0,67.0
Qatar,23,MF,Al-Wakrah,False,True,estimated,,Assim Madibo,66,MF,,Qatar,,Al-Wakrah,,,,,,,,,,61,60,68,67,60,61,,,,,,,,,,,,,,,,,,,,,,,,,,,,,,,,,,
Qatar,24,FW,Al-Duhail,False,True,estimated,,Tahsin Jamshid,66,FW,,Qatar,,Al-Duhail,,,,,,,,,,68,68,60,68,36,59,,,,,,,,,,,,,,,,,,,,,,,,,,,,,,,,,,
Qatar,25,DF,Al-Arabi,False,True,estimated,,Al-Hashmi Al-Hussain,66,DF,,Qatar,,Al-Arabi,,,,,,,,,,63,44,58,57,69,67,,,,,,,,,,,,,,,,,,,,,,,,,,,,,,,,,,
Qatar,26,MF,Al-Shamal,False,True,estimated,,Mohamed Al-Mannai,66,MF,,Qatar,,Al-Shamal,,,,,,,,,,61,60,68,67,60,61,,,,,,,,,,,,,,,,,,,,,,,,,,,,,,,,,,
Tunisia,,GK,CS Sfaxien,False,True,estimated,,Aymen Dahmen,66,GK,,Tunisia,,CS Sfaxien,,,,,,,,,,67,64,62,66,31,63,,,,,,,,,,,,,,,,,,,,,,,,,,,,,,67.0,64.0,62.0,65.0,67.0
Tunisia,,GK,Étoile du Sahel,False,True,estimated,,Sabri Ben Hessen,66,GK,,Tunisia,,Étoile du Sahel,,,,,,,,,,67,64,62,66,31,63,,,,,,,,,,,,,,,,,,,,,,,,,,,,,,67.0,64.0,62.0,65.0,67.0
Tunisia,,GK,Club Africain,False,True,estimated,,Mouhib Chamakh,66,GK,,Tunisia,,Club Africain,,,,,,,,,,67,64,62,66,31,63,,,,,,,,,,,,,,,,,,,,,,,,,,,,,,67.0,64.0,62.0,65.0,67.0
Tunisia,,DF,Espérance de Tunis,False,True,estimated,,Mohamed Amine Ben Hamida,66,DF,,Tunisia,,Espérance de Tunis,,,,,,,,,,63,44,58,57,69,67,,,,,,,,,,,,,,,,,,,,,,,,,,,,,,,,,,
Tunisia,,DF,Kasımpaşa,False,True,estimated,,Adem Arous,66,DF,,Tunisia,,Kasımpaşa,,,,,,,,,,63,44,58,57,69,67,,,,,,,,,,,,,,,,,,,,,,,,,,,,,,,,,,
Tunisia,,DF,US Monastir,False,True,estimated,,Raed Chikhaoui,66,DF,,Tunisia,,US Monastir,,,,,,,,,,63,44,58,57,69,67,,,,,,,,,,,,,,,,,,,,,,,,,,,,,,,,,,
Tunisia,,FW,Club Africain,False,True,estimated,,Firas Chaouat,66,FW,,Tunisia,,Club Africain,,,,,,,,,,68,68,60,68,36,59,,,,,,,,,,,,,,,,,,,,,,,,,,,,,,,,,,
Tunisia,,FW,Dynamo Makhachkala,False,True,estimated,,Hazem Mastouri,66,FW,,Tunisia,,Dynamo Makhachkala,,,,,,,,,,68,68,60,68,36,59,,,,,,,,,,,,,,,,,,,,,,,,,,,,,,,,,,
Tunisia,,FW,Paris Saint-Germain,False,True,estimated,,Khalil Ayari,66,FW,,Tunisia,,Paris Saint-Germain,,,,,,,,,,68,68,60,68,36,59,,,,,,,,,,,,,,,,,,,,,,,,,,,,,,,,,,
Tunisia,,FW,Vancouver Whitecaps FC,False,True,estimated,,Rayan Elloumi,66,FW,,Tunisia,,Vancouver Whitecaps FC,,,,,,,,,,68,68,60,68,36,59,,,,,,,,,,,,,,,,,,,,,,,,,,,,,,,,,,
Iraq,,GK,Al-Zawraa,True,True,estimated,,Jalal Hassan,63,GK,,Iraq,,Al-Zawraa,,,,,,,,,,64,61,59,63,28,60,,,,,,,,,,,,,,,,,,,,,,,,,,,,,,64.0,61.0,59.0,62.0,64.0
Iraq,,GK,Al-Talaba,False,True,estimated,,Fahad Talib,61,GK,,Iraq,,Al-Talaba,,,,,,,,,,62,59,57,61,26,58,,,,,,,,,,,,,,,,,,,,,,,,,,,,,,62.0,59.0,57.0,60.0,62.0
Iraq,,GK,Al-Shorta,False,True,estimated,,Ahmed Basil,61,GK,,Iraq,,Al-Shorta,,,,,,,,,,62,59,57,61,26,58,,,,,,,,,,,,,,,,,,,,,,,,,,,,,,62.0,59.0,57.0,60.0,62.0
Iraq,,DF,Port,False,True,estimated,,Rebin Sulaka,61,DF,,Iraq,,Port,,,,,,,,,,58,39,53,52,64,62,,,,,,,,,,,,,,,,,,,,,,,,,,,,,,,,,,
Iraq,,DF,Al-Shorta,False,True,estimated,,Manaf Younis,61,DF,,Iraq,,Al-Shorta,,,,,,,,,,58,39,53,52,64,62,,,,,,,,,,,,,,,,,,,,,,,,,,,,,,,,,,
Iraq,,DF,Viktoria Plzeň,False,True,estimated,,Merchas Doski,61,DF,,Iraq,,Viktoria Plzeň,,,,,,,,,,58,39,53,52,64,62,,,,,,,,,,,,,,,,,,,,,,,,,,,,,,,,,,
Iraq,,DF,Pakhtakor,False,True,estimated,,Zaid Tahseen,61,DF,,Iraq,,Pakhtakor,,,,,,,,,,58,39,53,52,64,62,,,,,,,,,,,,,,,,,,,,,,,,,,,,,,,,,,
Iraq,,DF,Persib,False,True,estimated,,Frans Putros,61,DF,,Iraq,,Persib,,,,,,,,,,58,39,53,52,64,62,,,,,,,,,,,,,,,,,,,,,,,,,,,,,,,,,,
Iraq,,DF,Al-Shorta,False,True,estimated,,Ahmed Yahya,61,DF,,Iraq,,Al-Shorta,,,,,,,,,,58,39,53,52,64,62,,,,,,,,,,,,,,,,,,,,,,,,,,,,,,,,,,
Iraq,,DF,Al-Shorta,False,True,estimated,,Mustafa Saadoon,61,DF,,Iraq,,Al-Shorta,,,,,,,,,,58,39,53,52,64,62,,,,,,,,,,,,,,,,,,,,,,,,,,,,,,,,,,
Iraq,,DF,Al-Zawraa,False,True,estimated,,Akam Hashim,61,DF,,Iraq,,Al-Zawraa,,,,,,,,,,58,39,53,52,64,62,,,,,,,,,,,,,,,,,,,,,,,,,,,,,,,,,,
Iraq,,MF,Al-Dhafra,False,True,estimated,,Ibrahim Bayesh,61,MF,,Iraq,,Al-Dhafra,,,,,,,,,,56,55,63,62,55,56,,,,,,,,,,,,,,,,,,,,,,,,,,,,,,,,,,
Iraq,,MF,Al-Najma,False,True,estimated,,Ali Jasim,61,MF,,Iraq,,Al-Najma,,,,,,,,,,56,55,63,62,55,56,,,,,,,,,,,,,,,,,,,,,,,,,,,,,,,,,,
Iraq,,MF,Venezia,False,True,estimated,,Marko Farji,61,MF,,Iraq,,Venezia,,,,,,,,,,56,55,63,62,55,56,,,,,,,,,,,,,,,,,,,,,,,,,,,,,,,,,,
Iraq,,MF,Al-Talaba,False,True,estimated,,Zaid Ismail,61,MF,,Iraq,,Al-Talaba,,,,,,,,,,56,55,63,62,55,56,,,,,,,,,,,,,,,,,,,,,,,,,,,,,,,,,,
Iraq,,FW,Al-Karma,False,True,estimated,,Aymen Hussein,61,FW,,Iraq,,Al-Karma,,,,,,,,,,63,63,55,63,31,54,,,,,,,,,,,,,,,,,,,,,,,,,,,,,,,,,,
Iraq,,FW,Dibba,False,True,estimated,,Mohanad Ali,61,FW,,Iraq,,Dibba,,,,,,,,,,63,63,55,63,31,54,,,,,,,,,,,,,,,,,,,,,,,,,,,,,,,,,,
Iraq,,FW,Al-Talaba,False,True,estimated,,Ali Yousif,61,FW,,Iraq,,Al-Talaba,,,,,,,,,,63,63,55,63,31,54,,,,,,,,,,,,,,,,,,,,,,,,,,,,,,,,,,
South Africa,,GK,Mamelodi Sundowns,True,True,estimated,,Ronwen Williams,66,GK,,South Africa,,Mamelodi Sundowns,,,,,,,,,,67,64,62,66,31,63,,,,,,,,,,,,,,,,,,,,,,,,,,,,,,67.0,64.0,62.0,65.0,67.0
South Africa,,GK,Siwelele,False,True,estimated,,Ricardo Goss,64,GK,,South Africa,,Siwelele,,,,,,,,,,65,62,60,64,29,61,,,,,,,,,,,,,,,,,,,,,,,,,,,,,,65.0,62.0,60.0,63.0,65.0
South Africa,,GK,Orlando Pirates,False,True,estimated,,Sipho Chaine,64,GK,,South Africa,,Orlando Pirates,,,,,,,,,,65,62,60,64,29,61,,,,,,,,,,,,,,,,,,,,,,,,,,,,,,65.0,62.0,60.0,63.0,65.0
South Africa,,DF,Mamelodi Sundowns,False,True,estimated,,Aubrey Modiba,64,DF,,South Africa,,Mamelodi Sundowns,,,,,,,,,,61,42,56,55,67,65,,,,,,,,,,,,,,,,,,,,,,,,,,,,,,,,,,
South Africa,,DF,Mamelodi Sundowns,False,True,estimated,,Khuliso Mudau,64,DF,,South Africa,,Mamelodi Sundowns,,,,,,,,,,61,42,56,55,67,65,,,,,,,,,,,,,,,,,,,,,,,,,,,,,,,,,,
South Africa,,DF,Orlando Pirates,False,True,estimated,,Nkosinathi Sibisi,64,DF,,South Africa,,Orlando Pirates,,,,,,,,,,61,42,56,55,67,65,,,,,,,,,,,,,,,,,,,,,,,,,,,,,,,,,,
South Africa,,DF,Chicago Fire FC,False,True,estimated,,Mbekezeli Mbokazi,64,DF,,South Africa,,Chicago Fire FC,,,,,,,,,,61,42,56,55,67,65,,,,,,,,,,,,,,,,,,,,,,,,,,,,,,,,,,
South Africa,,DF,Hannover 96,False,True,estimated,,Ime Okon,64,DF,,South Africa,,Hannover 96,,,,,,,,,,61,42,56,55,67,65,,,,,,,,,,,,,,,,,,,,,,,,,,,,,,,,,,
South Africa,,DF,Molde,False,True,estimated,,Samukele Kabini,64,DF,,South Africa,,Molde,,,,,,,,,,61,42,56,55,67,65,,,,,,,,,,,,,,,,,,,,,,,,,,,,,,,,,,
South Africa,,DF,Mamelodi Sundowns,False,True,estimated,,Khulumani Ndamane,64,DF,,South Africa,,Mamelodi Sundowns,,,,,,,,,,61,42,56,55,67,65,,,,,,,,,,,,,,,,,,,,,,,,,,,,,,,,,,
South Africa,,DF,Polokwane City,False,True,estimated,,Thabang Matuludi,64,DF,,South Africa,,Polokwane City,,,,,,,,,,61,42,56,55,67,65,,,,,,,,,,,,,,,,,,,,,,,,,,,,,,,,,,
South Africa,,DF,Orlando Pirates,False,True,estimated,,Kamogelo Sebelebele,64,DF,,South Africa,,Orlando Pirates,,,,,,,,,,61,42,56,55,67,65,,,,,,,,,,,,,,,,,,,,,,,,,,,,,,,,,,
South Africa,,DF,Kaizer Chiefs,False,True,estimated,,Bradley Cross,64,DF,,South Africa,,Kaizer Chiefs,,,,,,,,,,61,42,56,55,67,65,,,,,,,,,,,,,,,,,,,,,,,,,,,,,,,,,,
South Africa,,MF,Mamelodi Sundowns,False,True,estimated,,Teboho Mokoena,64,MF,,South Africa,,Mamelodi Sundowns,,,,,,,,,,59,58,66,65,58,59,,,,,,,,,,,,,,,,,,,,,,,,,,,,,,,,,,
South Africa,,MF,Orlando Pirates,False,True,estimated,,Thalente Mbatha,64,MF,,South Africa,,Orlando Pirates,,,,,,,,,,59,58,66,65,58,59,,,,,,,,,,,,,,,,,,,,,,,,,,,,,,,,,,
South Africa,,MF,Mamelodi Sundowns,False,True,estimated,,Jayden Adams,64,MF,,South Africa,,Mamelodi Sundowns,,,,,,,,,,59,58,66,65,58,59,,,,,,,,,,,,,,,,,,,,,,,,,,,,,,,,,,
South Africa,,FW,Mamelodi Sundowns,False,True,estimated,,Themba Zwane,64,FW,,South Africa,,Mamelodi Sundowns,,,,,,,,,,66,66,58,66,34,57,,,,,,,,,,,,,,,,,,,,,,,,,,,,,,,,,,
South Africa,,FW,Orlando Pirates,False,True,estimated,,Evidence Makgopa,64,FW,,South Africa,,Orlando Pirates,,,,,,,,,,66,66,58,66,34,57,,,,,,,,,,,,,,,,,,,,,,,,,,,,,,,,,,
South Africa,,FW,Orlando Pirates,False,True,estimated,,Oswin Appollis,64,FW,,South Africa,,Orlando Pirates,,,,,,,,,,66,66,58,66,34,57,,,,,,,,,,,,,,,,,,,,,,,,,,,,,,,,,,
South Africa,,FW,Mamelodi Sundowns,False,True,estimated,,Iqraam Rayners,64,FW,,South Africa,,Mamelodi Sundowns,,,,,,,,,,66,66,58,66,34,57,,,,,,,,,,,,,,,,,,,,,,,,,,,,,,,,,,
South Africa,,FW,Orlando Pirates,False,True,estimated,,Relebohile Mofokeng,64,FW,,South Africa,,Orlando Pirates,,,,,,,,,,66,66,58,66,34,57,,,,,,,,,,,,,,,,,,,,,,,,,,,,,,,,,,
South Africa,,FW,AEL Limassol,False,True,estimated,,Thapelo Maseko,64,FW,,South Africa,,AEL Limassol,,,,,,,,,,66,66,58,66,34,57,,,,,,,,,,,,,,,,,,,,,,,,,,,,,,,,,,
South Africa,,FW,Orlando Pirates,False,True,estimated,,Tshepang Moremi,64,FW,,South Africa,,Orlando Pirates,,,,,,,,,,66,66,58,66,34,57,,,,,,,,,,,,,,,,,,,,,,,,,,,,,,,,,,
Saudi Arabia,,DF,Al-Hilal,False,True,estimated,,Hassan Al-Tambakti,65,DF,,Saudi Arabia,,Al-Hilal,,,,,,,,,,62,43,57,56,68,66,,,,,,,,,,,,,,,,,,,,,,,,,,,,,,,,,,
Saudi Arabia,,DF,Al-Ittihad,False,True,estimated,,Hassan Kadesh,65,DF,,Saudi Arabia,,Al-Ittihad,,,,,,,,,,62,43,57,56,68,66,,,,,,,,,,,,,,,,,,,,,,,,,,,,,,,,,,
Saudi Arabia,,DF,Al-Qadsiah,False,True,estimated,,Jehad Thakri,65,DF,,Saudi Arabia,,Al-Qadsiah,,,,,,,,,,62,43,57,56,68,66,,,,,,,,,,,,,,,,,,,,,,,,,,,,,,,,,,
Saudi Arabia,,DF,Al-Qadsiah,False,True,estimated,,Mohammed Abu Al-Shamat,65,DF,,Saudi Arabia,,Al-Qadsiah,,,,,,,,,,62,43,57,56,68,66,,,,,,,,,,,,,,,,,,,,,,,,,,,,,,,,,,
Saudi Arabia,,MF,Al-Qadsiah,False,True,estimated,,Musab Al-Juwayr,65,MF,,Saudi Arabia,,Al-Qadsiah,,,,,,,,,,60,59,67,66,59,60,,,,,,,,,,,,,,,,,,,,,,,,,,,,,,,,,,
Saudi Arabia,,MF,Neom,False,True,estimated,,Alaa Al-Hejji,65,MF,,Saudi Arabia,,Neom,,,,,,,,,,60,59,67,66,59,60,,,,,,,,,,,,,,,,,,,,,,,,,,,,,,,,,,
Saudi Arabia,,FW,Al-Ahli,False,True,estimated,,Firas Al-Buraikan,65,FW,,Saudi Arabia,,Al-Ahli,,,,,,,,,,67,67,59,67,35,58,,,,,,,,,,,,,,,,,,,,,,,,,,,,,,,,,,
Jordan,,GK,Al-Hussein,False,True,estimated,,Yazeed Abulaila,63,GK,,Jordan,,Al-Hussein,,,,,,,,,,64,61,59,63,28,60,,,,,,,,,,,,,,,,,,,,,,,,,,,,,,64.0,61.0,59.0,62.0,64.0
Jordan,,GK,Al-Wehdat,False,True,estimated,,Abdallah Al-Fakhouri,63,GK,,Jordan,,Al-Wehdat,,,,,,,,,,64,61,59,63,28,60,,,,,,,,,,,,,,,,,,,,,,,,,,,,,,64.0,61.0,59.0,62.0,64.0
Jordan,,GK,Al-Faisaly,False,True,estimated,,Nour Bani Attiah,63,GK,,Jordan,,Al-Faisaly,,,,,,,,,,64,61,59,63,28,60,,,,,,,,,,,,,,,,,,,,,,,,,,,,,,64.0,61.0,59.0,62.0,64.0
Jordan,,DF,Al-Hussein,True,True,estimated,,Ihsan Haddad,65,DF,,Jordan,,Al-Hussein,,,,,,,,,,62,43,57,56,68,66,,,,,,,,,,,,,,,,,,,,,,,,,,,,,,,,,,
Jordan,,DF,Al-Zawraa,False,True,estimated,,Abdallah Nasib,63,DF,,Jordan,,Al-Zawraa,,,,,,,,,,60,41,55,54,66,64,,,,,,,,,,,,,,,,,,,,,,,,,,,,,,,,,,
Jordan,,DF,Al-Hussein,False,True,estimated,,Saed Al-Rosan,63,DF,,Jordan,,Al-Hussein,,,,,,,,,,60,41,55,54,66,64,,,,,,,,,,,,,,,,,,,,,,,,,,,,,,,,,,
Jordan,,DF,Al-Faisaly,False,True,estimated,,Husam Abu Dahab,63,DF,,Jordan,,Al-Faisaly,,,,,,,,,,60,41,55,54,66,64,,,,,,,,,,,,,,,,,,,,,,,,,,,,,,,,,,
Jordan,,DF,Selangor,False,True,estimated,,Mo Abualnadi,63,DF,,Jordan,,Selangor,,,,,,,,,,60,41,55,54,66,64,,,,,,,,,,,,,,,,,,,,,,,,,,,,,,,,,,
Jordan,,DF,Al-Hussein,False,True,estimated,,Salim Obaid,63,DF,,Jordan,,Al-Hussein,,,,,,,,,,60,41,55,54,66,64,,,,,,,,,,,,,,,,,,,,,,,,,,,,,,,,,,
Jordan,,DF,Al-Faisaly,False,True,estimated,,Anas Badawi,63,DF,,Jordan,,Al-Faisaly,,,,,,,,,,60,41,55,54,66,64,,,,,,,,,,,,,,,,,,,,,,,,,,,,,,,,,,
Jordan,,MF,Al-Hussein,False,True,estimated,,Rajaei Ayed,63,MF,,Jordan,,Al-Hussein,,,,,,,,,,58,57,65,64,57,58,,,,,,,,,,,,,,,,,,,,,,,,,,,,,,,,,,
Jordan,,MF,Selangor,False,True,estimated,,Noor Al-Rawabdeh,63,MF,,Jordan,,Selangor,,,,,,,,,,58,57,65,64,57,58,,,,,,,,,,,,,,,,,,,,,,,,,,,,,,,,,,
Jordan,,MF,Al-Karma,False,True,estimated,,Ibrahim Sadeh,63,MF,,Jordan,,Al-Karma,,,,,,,,,,58,57,65,64,57,58,,,,,,,,,,,,,,,,,,,,,,,,,,,,,,,,,,
Jordan,,MF,Al-Karma,False,True,estimated,,Mohammad Abu Hashish,63,MF,,Jordan,,Al-Karma,,,,,,,,,,58,57,65,64,57,58,,,,,,,,,,,,,,,,,,,,,,,,,,,,,,,,,,
Jordan,,MF,Qatar SC,False,True,estimated,,Nizar Al-Rashdan,63,MF,,Jordan,,Qatar SC,,,,,,,,,,58,57,65,64,57,58,,,,,,,,,,,,,,,,,,,,,,,,,,,,,,,,,,
Jordan,,MF,Al-Quwa Al-Jawiya,False,True,estimated,,Mohannad Abu Taha,63,MF,,Jordan,,Al-Quwa Al-Jawiya,,,,,,,,,,58,57,65,64,57,58,,,,,,,,,,,,,,,,,,,,,,,,,,,,,,,,,,
Jordan,,MF,Al-Zawraa,False,True,estimated,,Amer Jamous,63,MF,,Jordan,,Al-Zawraa,,,,,,,,,,58,57,65,64,57,58,,,,,,,,,,,,,,,,,,,,,,,,,,,,,,,,,,
Jordan,,MF,Al-Wehdat,False,True,estimated,,Mohammad Al-Dawoud,63,MF,,Jordan,,Al-Wehdat,,,,,,,,,,58,57,65,64,57,58,,,,,,,,,,,,,,,,,,,,,,,,,,,,,,,,,,
Jordan,,MF,Al-Hussein,False,True,estimated,,Yousef Qashi,63,MF,,Jordan,,Al-Hussein,,,,,,,,,,58,57,65,64,57,58,,,,,,,,,,,,,,,,,,,,,,,,,,,,,,,,,,
Jordan,,MF,Al-Hussein,False,True,estimated,,Mohammad Taha,63,MF,,Jordan,,Al-Hussein,,,,,,,,,,58,57,65,64,57,58,,,,,,,,,,,,,,,,,,,,,,,,,,,,,,,,,,
Jordan,,FW,Rennes,False,True,estimated,,Musa Al-Taamari,63,FW,,Jordan,,Rennes,,,,,,,,,,65,65,57,65,33,56,,,,,,,,,,,,,,,,,,,,,,,,,,,,,,,,,,
Jordan,,FW,Al-Hussein,False,True,estimated,,Mahmoud Al-Mardi,63,FW,,Jordan,,Al-Hussein,,,,,,,,,,65,65,57,65,33,56,,,,,,,,,,,,,,,,,,,,,,,,,,,,,,,,,,
Jordan,,FW,Al-Sailiya,False,True,estimated,,Ali Olwan,63,FW,,Jordan,,Al-Sailiya,,,,,,,,,,65,65,57,65,33,56,,,,,,,,,,,,,,,,,,,,,,,,,,,,,,,,,,
Jordan,,FW,Raja Casablanca,False,True,estimated,,Mohammad Abu Zrayq,63,FW,,Jordan,,Raja Casablanca,,,,,,,,,,65,65,57,65,33,56,,,,,,,,,,,,,,,,,,,,,,,,,,,,,,,,,,
Jordan,,FW,Pyramids,False,True,estimated,,Odeh Al-Fakhouri,63,FW,,Jordan,,Pyramids,,,,,,,,,,65,65,57,65,33,56,,,,,,,,,,,,,,,,,,,,,,,,,,,,,,,,,,
Jordan,,FW,Lokomotiva Zagreb,False,True,estimated,,Ibrahim Sabra,63,FW,,Jordan,,Lokomotiva Zagreb,,,,,,,,,,65,65,57,65,33,56,,,,,,,,,,,,,,,,,,,,,,,,,,,,,,,,,,
Jordan,,FW,Al-Shabab,False,True,estimated,,Ali Azaizeh,63,FW,,Jordan,,Al-Shabab,,,,,,,,,,65,65,57,65,33,56,,,,,,,,,,,,,,,,,,,,,,,,,,,,,,,,,,
Bosnia-Herzegovina,,GK,Rijeka,False,True,estimated,,Martin Zlomislić,69,GK,,Bosnia and Herzegovina,,Rijeka,,,,,,,,,,70,67,65,69,34,66,,,,,,,,,,,,,,,,,,,,,,,,,,,,,,70.0,67.0,65.0,68.0,70.0
Bosnia-Herzegovina,,GK,Slaven Belupo,False,True,estimated,,Osman Hadžikić,69,GK,,Bosnia and Herzegovina,,Slaven Belupo,,,,,,,,,,70,67,65,69,34,66,,,,,,,,,,,,,,,,,,,,,,,,,,,,,,70.0,67.0,65.0,68.0,70.0
Bosnia-Herzegovina,,DF,Sassuolo,False,True,estimated,,Tarik Muharemović,69,DF,,Bosnia and Herzegovina,,Sassuolo,,,,,,,,,,66,47,61,60,72,70,,,,,,,,,,,,,,,,,,,,,,,,,,,,,,,,,,
Bosnia-Herzegovina,,DF,Gaziantep,False,True,estimated,,Nihad Mujakić,69,DF,,Bosnia and Herzegovina,,Gaziantep,,,,,,,,,,66,47,61,60,72,70,,,,,,,,,,,,,,,,,,,,,,,,,,,,,,,,,,
Bosnia-Herzegovina,,DF,Rijeka,False,True,estimated,,Stjepan Radeljić,69,DF,,Bosnia and Herzegovina,,Rijeka,,,,,,,,,,66,47,61,60,72,70,,,,,,,,,,,,,,,,,,,,,,,,,,,,,,,,,,
Bosnia-Herzegovina,,DF,Lens,False,True,estimated,,Nidal Čelik,69,DF,,Bosnia and Herzegovina,,Lens,,,,,,,,,,66,47,61,60,72,70,,,,,,,,,,,,,,,,,,,,,,,,,,,,,,,,,,
Bosnia-Herzegovina,,MF,Astana,False,True,estimated,,Ivan Bašić,69,MF,,Bosnia and Herzegovina,,Astana,,,,,,,,,,64,63,71,70,63,64,,,,,,,,,,,,,,,,,,,,,,,,,,,,,,,,,,
Bosnia-Herzegovina,,MF,Viktoria Plzeň,False,True,estimated,,Amar Memić,69,MF,,Bosnia and Herzegovina,,Viktoria Plzeň,,,,,,,,,,64,63,71,70,63,64,,,,,,,,,,,,,,,,,,,,,,,,,,,,,,,,,,
Bosnia-Herzegovina,,MF,Pafos,False,True,estimated,,Ivan Šunjić,69,MF,,Bosnia and Herzegovina,,Pafos,,,,,,,,,,64,63,71,70,63,64,,,,,,,,,,,,,,,,,,,,,,,,,,,,,,,,,,
Bosnia-Herzegovina,,MF,Red Bull Salzburg,False,True,estimated,,Kerim Alajbegović,69,MF,,Bosnia and Herzegovina,,Red Bull Salzburg,,,,,,,,,,64,63,71,70,63,64,,,,,,,,,,,,,,,,,,,,,,,,,,,,,,,,,,
Bosnia-Herzegovina,,MF,Slovan Liberec,False,True,estimated,,Ermin Mahmić,69,MF,,Bosnia and Herzegovina,,Slovan Liberec,,,,,,,,,,64,63,71,70,63,64,,,,,,,,,,,,,,,,,,,,,,,,,,,,,,,,,,
Bosnia-Herzegovina,,FW,Jagiellonia Białystok,False,True,estimated,,Samed Baždar,69,FW,,Bosnia and Herzegovina,,Jagiellonia Białystok,,,,,,,,,,71,71,63,71,39,62,,,,,,,,,,,,,,,,,,,,,,,,,,,,,,,,,,
Bosnia-Herzegovina,,FW,Universitatea Cluj,False,True,estimated,,Jovo Lukić,69,FW,,Bosnia and Herzegovina,,Universitatea Cluj,,,,,,,,,,71,71,63,71,39,62,,,,,,,,,,,,,,,,,,,,,,,,,,,,,,,,,,
Cape Verde,,GK,Chaves,False,True,estimated,,Vozinha,65,GK,,Cape Verde Islands,,Chaves,,,,,,,,,,66,63,61,65,30,62,,,,,,,,,,,,,,,,,,,,,,,,,,,,,,66.0,63.0,61.0,64.0,66.0
Cape Verde,,GK,Montana,False,True,estimated,,Márcio Rosa,65,GK,,Cape Verde Islands,,Montana,,,,,,,,,,66,63,61,65,30,62,,,,,,,,,,,,,,,,,,,,,,,,,,,,,,66.0,63.0,61.0,64.0,66.0
Cape Verde,,DF,Torreense,False,True,estimated,,Stopira,65,DF,,Cape Verde Islands,,Torreense,,,,,,,,,,62,43,57,56,68,66,,,,,,,,,,,,,,,,,,,,,,,,,,,,,,,,,,
Cape Verde,,DF,Al-Bataeh,False,True,estimated,,Diney,65,DF,,Cape Verde Islands,,Al-Bataeh,,,,,,,,,,62,43,57,56,68,66,,,,,,,,,,,,,,,,,,,,,,,,,,,,,,,,,,
Cape Verde,,DF,Benfica,False,True,estimated,,Sidny Lopes Cabral,65,DF,,Cape Verde Islands,,Benfica,,,,,,,,,,62,43,57,56,68,66,,,,,,,,,,,,,,,,,,,,,,,,,,,,,,,,,,
Cape Verde,,DF,SJK,False,True,estimated,,Kelvin Pires,65,DF,,Cape Verde Islands,,SJK,,,,,,,,,,62,43,57,56,68,66,,,,,,,,,,,,,,,,,,,,,,,,,,,,,,,,,,
Cape Verde,,MF,PEC Zwolle,False,True,estimated,,Jamiro Monteiro,65,MF,,Cape Verde Islands,,PEC Zwolle,,,,,,,,,,60,59,67,66,59,60,,,,,,,,,,,,,,,,,,,,,,,,,,,,,,,,,,
Cape Verde,,MF,Krasnodar,False,True,estimated,,Kevin Pina,65,MF,,Cape Verde Islands,,Krasnodar,,,,,,,,,,60,59,67,66,59,60,,,,,,,,,,,,,,,,,,,,,,,,,,,,,,,,,,
Cape Verde,,MF,Ludogorets Razgrad,False,True,estimated,,Deroy Duarte,65,MF,,Cape Verde Islands,,Ludogorets Razgrad,,,,,,,,,,60,59,67,66,59,60,,,,,,,,,,,,,,,,,,,,,,,,,,,,,,,,,,
Cape Verde,,MF,Puskás Akadémia,False,True,estimated,,Laros Duarte,65,MF,,Cape Verde Islands,,Puskás Akadémia,,,,,,,,,,60,59,67,66,59,60,,,,,,,,,,,,,,,,,,,,,,,,,,,,,,,,,,
Cape Verde,,MF,Farense,False,True,estimated,,Yannick Semedo,65,MF,,Cape Verde Islands,,Farense,,,,,,,,,,60,59,67,66,59,60,,,,,,,,,,,,,,,,,,,,,,,,,,,,,,,,,,
Cape Verde,,FW,Iğdır,True,True,estimated,,Ryan Mendes,67,FW,,Cape Verde Islands,,Iğdır,,,,,,,,,,69,69,61,69,37,60,,,,,,,,,,,,,,,,,,,,,,,,,,,,,,,,,,
Cape Verde,,FW,Apollon Limassol,False,True,estimated,,Garry Rodrigues,65,FW,,Cape Verde Islands,,Apollon Limassol,,,,,,,,,,67,67,59,67,35,58,,,,,,,,,,,,,,,,,,,,,,,,,,,,,,,,,,
Cape Verde,,FW,Omonia,False,True,estimated,,Willy Semedo,65,FW,,Cape Verde Islands,,Omonia,,,,,,,,,,67,67,59,67,35,58,,,,,,,,,,,,,,,,,,,,,,,,,,,,,,,,,,
Cape Verde,,FW,Estrela Amadora,False,True,estimated,,Jovane Cabral,65,FW,,Cape Verde Islands,,Estrela Amadora,,,,,,,,,,67,67,59,67,35,58,,,,,,,,,,,,,,,,,,,,,,,,,,,,,,,,,,
Cape Verde,,FW,Akron Tolyatti,False,True,estimated,,Gilson Benchimol,65,FW,,Cape Verde Islands,,Akron Tolyatti,,,,,,,,,,67,67,59,67,35,58,,,,,,,,,,,,,,,,,,,,,,,,,,,,,,,,,,
Cape Verde,,FW,Maccabi Tel Aviv,False,True,estimated,,Hélio Varela,65,FW,,Cape Verde Islands,,Maccabi Tel Aviv,,,,,,,,,,67,67,59,67,35,58,,,,,,,,,,,,,,,,,,,,,,,,,,,,,,,,,,
Panama,,GK,Al-Fayha,False,True,estimated,,Orlando Mosquera,65,GK,,Panama,,Al-Fayha,,,,,,,,,,66,63,61,65,30,62,,,,,,,,,,,,,,,,,,,,,,,,,,,,,,66.0,63.0,61.0,64.0,66.0
Panama,,GK,Marathón,False,True,estimated,,César Samudio,65,GK,,Panama,,Marathón,,,,,,,,,,66,63,61,65,30,62,,,,,,,,,,,,,,,,,,,,,,,,,,,,,,66.0,63.0,61.0,64.0,66.0
Panama,,DF,Plaza Amador,False,True,estimated,,Eric Davis,65,DF,,Panama,,Plaza Amador,,,,,,,,,,62,43,57,56,68,66,,,,,,,,,,,,,,,,,,,,,,,,,,,,,,,,,,
Panama,,DF,Saprissa,False,True,estimated,,Fidel Escobar,65,DF,,Panama,,Saprissa,,,,,,,,,,62,43,57,56,68,66,,,,,,,,,,,,,,,,,,,,,,,,,,,,,,,,,,
Panama,,DF,Turan Tovuz,False,True,estimated,,Roderick Miller,65,DF,,Panama,,Turan Tovuz,,,,,,,,,,62,43,57,56,68,66,,,,,,,,,,,,,,,,,,,,,,,,,,,,,,,,,,
Panama,,DF,Slovan Bratislava,False,True,estimated,,César Blackman,65,DF,,Panama,,Slovan Bratislava,,,,,,,,,,62,43,57,56,68,66,,,,,,,,,,,,,,,,,,,,,,,,,,,,,,,,,,
Panama,,DF,Deportivo La Guaira,False,True,estimated,,Jorge Gutiérrez,65,DF,,Panama,,Deportivo La Guaira,,,,,,,,,,62,43,57,56,68,66,,,,,,,,,,,,,,,,,,,,,,,,,,,,,,,,,,
Panama,,DF,Pari Nizhny Novgorod,False,True,estimated,,Edgardo Fariña,65,DF,,Panama,,Pari Nizhny Novgorod,,,,,,,,,,62,43,57,56,68,66,,,,,,,,,,,,,,,,,,,,,,,,,,,,,,,,,,
Panama,,MF,Plaza Amador,False,True,estimated,,Alberto Quintero,65,MF,,Panama,,Plaza Amador,,,,,,,,,,60,59,67,66,59,60,,,,,,,,,,,,,,,,,,,,,,,,,,,,,,,,,,
Panama,,MF,Mazatlán,False,True,estimated,,Yoel Bárcenas,65,MF,,Panama,,Mazatlán,,,,,,,,,,60,59,67,66,59,60,,,,,,,,,,,,,,,,,,,,,,,,,,,,,,,,,,
Panama,,MF,Juárez,False,True,estimated,,José Luis Rodríguez,65,MF,,Panama,,Juárez,,,,,,,,,,60,59,67,66,59,60,,,,,,,,,,,,,,,,,,,,,,,,,,,,,,,,,,
Panama,,MF,Cobresal,False,True,estimated,,César Yanis,65,MF,,Panama,,Cobresal,,,,,,,,,,60,59,67,66,59,60,,,,,,,,,,,,,,,,,,,,,,,,,,,,,,,,,,
Panama,,MF,Universidad Católica,False,True,estimated,,Azarias Londoño,65,MF,,Panama,,Universidad Católica,,,,,,,,,,60,59,67,66,59,60,,,,,,,,,,,,,,,,,,,,,,,,,,,,,,,,,,
Panama,,FW,Universidad de Concepción,False,True,estimated,,Cecilio Waterman,65,FW,,Panama,,Universidad de Concepción,,,,,,,,,,67,67,59,67,35,58,,,,,,,,,,,,,,,,,,,,,,,,,,,,,,,,,,
Panama,,FW,Saprissa,False,True,estimated,,Tomás Rodríguez,65,FW,,Panama,,Saprissa,,,,,,,,,,67,67,59,67,35,58,,,,,,,,,,,,,,,,,,,,,,,,,,,,,,,,,,
Ghana,,GK,Hearts of Oak,False,True,estimated,,Benjamin Asare,69,GK,,Ghana,,Hearts of Oak,,,,,,,,,,70,67,65,69,34,66,,,,,,,,,,,,,,,,,,,,,,,,,,,,,,70.0,67.0,65.0,68.0,70.0
Ghana,,GK,Hearts of Oak,False,True,estimated,,Solomon Agbasi,69,GK,,Ghana,,Hearts of Oak,,,,,,,,,,70,67,65,69,34,66,,,,,,,,,,,,,,,,,,,,,,,,,,,,,,70.0,67.0,65.0,68.0,70.0
Ghana,,GK,Ajax,False,True,estimated,,Paul Reverson,69,GK,,Ghana,,Ajax,,,,,,,,,,70,67,65,69,34,66,,,,,,,,,,,,,,,,,,,,,,,,,,,,,,70.0,67.0,65.0,68.0,70.0
Ghana,,DF,PAOK,False,True,estimated,,Abdul Rahman Baba,69,DF,,Ghana,,PAOK,,,,,,,,,,66,47,61,60,72,70,,,,,,,,,,,,,,,,,,,,,,,,,,,,,,,,,,
Ghana,,DF,Nice,False,True,estimated,,Kojo Peprah Oppong,69,DF,,Ghana,,Nice,,,,,,,,,,66,47,61,60,72,70,,,,,,,,,,,,,,,,,,,,,,,,,,,,,,,,,,
Ghana,,DF,Pafos,False,True,estimated,,Derrick Luckassen,69,DF,,Ghana,,Pafos,,,,,,,,,,66,47,61,60,72,70,,,,,,,,,,,,,,,,,,,,,,,,,,,,,,,,,,
Ghana,,MF,Nordsjælland,False,True,estimated,,Caleb Yirenkyi,69,MF,,Ghana,,Nordsjælland,,,,,,,,,,64,63,71,70,63,64,,,,,,,,,,,,,,,,,,,,,,,,,,,,,,,,,,
Ghana,,FW,Viktoria Plzeň,False,True,estimated,,Prince Kwabena Adu,69,FW,,Ghana,,Viktoria Plzeň,,,,,,,,,,71,71,63,71,39,62,,,,,,,,,,,,,,,,,,,,,,,,,,,,,,,,,,
Uzbekistan,,GK,Navbahor,False,True,estimated,,Utkir Yusupov,65,GK,,Uzbekistan,,Navbahor,,,,,,,,,,66,63,61,65,30,62,,,,,,,,,,,,,,,,,,,,,,,,,,,,,,66.0,63.0,61.0,64.0,66.0
Uzbekistan,,GK,Nasaf,False,True,estimated,,Abduvohid Nematov,65,GK,,Uzbekistan,,Nasaf,,,,,,,,,,66,63,61,65,30,62,,,,,,,,,,,,,,,,,,,,,,,,,,,,,,66.0,63.0,61.0,64.0,66.0
Uzbekistan,,GK,Neftchi,False,True,estimated,,Botirali Ergashev,65,GK,,Uzbekistan,,Neftchi,,,,,,,,,,66,63,61,65,30,62,,,,,,,,,,,,,,,,,,,,,,,,,,,,,,66.0,63.0,61.0,64.0,66.0
Uzbekistan,,DF,Esteghlal,False,True,estimated,,Rustam Ashurmatov,65,DF,,Uzbekistan,,Esteghlal,,,,,,,,,,62,43,57,56,68,66,,,,,,,,,,,,,,,,,,,,,,,,,,,,,,,,,,
Uzbekistan,,DF,Neftchi,False,True,estimated,,Farrukh Sayfiev,65,DF,,Uzbekistan,,Neftchi,,,,,,,,,,62,43,57,56,68,66,,,,,,,,,,,,,,,,,,,,,,,,,,,,,,,,,,
Uzbekistan,,DF,Pakhtakor,False,True,estimated,,Khojiakbar Alijonov,65,DF,,Uzbekistan,,Pakhtakor,,,,,,,,,,62,43,57,56,68,66,,,,,,,,,,,,,,,,,,,,,,,,,,,,,,,,,,
Uzbekistan,,DF,Nasaf,False,True,estimated,,Sherzod Nasrullaev,65,DF,,Uzbekistan,,Nasaf,,,,,,,,,,62,43,57,56,68,66,,,,,,,,,,,,,,,,,,,,,,,,,,,,,,,,,,
Uzbekistan,,DF,Nasaf,False,True,estimated,,Umar Eshmurodov,65,DF,,Uzbekistan,,Nasaf,,,,,,,,,,62,43,57,56,68,66,,,,,,,,,,,,,,,,,,,,,,,,,,,,,,,,,,
Uzbekistan,,DF,Dibba,False,True,estimated,,Abdulla Abdullaev,65,DF,,Uzbekistan,,Dibba,,,,,,,,,,62,43,57,56,68,66,,,,,,,,,,,,,,,,,,,,,,,,,,,,,,,,,,
Uzbekistan,,DF,Surkhon,False,True,estimated,,Bekhruz Karimov,65,DF,,Uzbekistan,,Surkhon,,,,,,,,,,62,43,57,56,68,66,,,,,,,,,,,,,,,,,,,,,,,,,,,,,,,,,,
Uzbekistan,,DF,Dinamo Samarqand,False,True,estimated,,Jakhongir Urozov,65,DF,,Uzbekistan,,Dinamo Samarqand,,,,,,,,,,62,43,57,56,68,66,,,,,,,,,,,,,,,,,,,,,,,,,,,,,,,,,,
Uzbekistan,,DF,AGMK,False,True,estimated,,Avazbek Ulmasaliev,65,DF,,Uzbekistan,,AGMK,,,,,,,,,,62,43,57,56,68,66,,,,,,,,,,,,,,,,,,,,,,,,,,,,,,,,,,
Uzbekistan,,MF,Tractor,False,True,estimated,,Odiljon Hamrobekov,65,MF,,Uzbekistan,,Tractor,,,,,,,,,,60,59,67,66,59,60,,,,,,,,,,,,,,,,,,,,,,,,,,,,,,,,,,
Uzbekistan,,MF,Neftchi,False,True,estimated,,Jamshid Iskanderov,65,MF,,Uzbekistan,,Neftchi,,,,,,,,,,60,59,67,66,59,60,,,,,,,,,,,,,,,,,,,,,,,,,,,,,,,,,,
Uzbekistan,,MF,Pakhtakor,False,True,estimated,,Akmal Mozgovoy,65,MF,,Uzbekistan,,Pakhtakor,,,,,,,,,,60,59,67,66,59,60,,,,,,,,,,,,,,,,,,,,,,,,,,,,,,,,,,
Uzbekistan,,MF,Al-Bataeh,False,True,estimated,,Azizjon Ganiev,65,MF,,Uzbekistan,,Al-Bataeh,,,,,,,,,,60,59,67,66,59,60,,,,,,,,,,,,,,,,,,,,,,,,,,,,,,,,,,
Uzbekistan,,MF,Sogdiana,False,True,estimated,,Jasurbek Jaloliddinov,65,MF,,Uzbekistan,,Sogdiana,,,,,,,,,,60,59,67,66,59,60,,,,,,,,,,,,,,,,,,,,,,,,,,,,,,,,,,
Uzbekistan,,MF,Sabah,False,True,estimated,,Umarali Rakhmonaliev,65,MF,,Uzbekistan,,Sabah,,,,,,,,,,60,59,67,66,59,60,,,,,,,,,,,,,,,,,,,,,,,,,,,,,,,,,,
Uzbekistan,,MF,Bukhara,False,True,estimated,,Sherzod Esanov,65,MF,,Uzbekistan,,Bukhara,,,,,,,,,,60,59,67,66,59,60,,,,,,,,,,,,,,,,,,,,,,,,,,,,,,,,,,
Uzbekistan,,FW,Persepolis,False,True,estimated,,Igor Sergeev,65,FW,,Uzbekistan,,Persepolis,,,,,,,,,,67,67,59,67,35,58,,,,,,,,,,,,,,,,,,,,,,,,,,,,,,,,,,
Uzbekistan,,FW,Esteghlal,False,True,estimated,,Jaloliddin Masharipov,65,FW,,Uzbekistan,,Esteghlal,,,,,,,,,,67,67,59,67,35,58,,,,,,,,,,,,,,,,,,,,,,,,,,,,,,,,,,
Uzbekistan,,FW,Persepolis,False,True,estimated,,Oston Urunov,65,FW,,Uzbekistan,,Persepolis,,,,,,,,,,67,67,59,67,35,58,,,,,,,,,,,,,,,,,,,,,,,,,,,,,,,,,,
Uzbekistan,,FW,Pakhtakor,False,True,estimated,,Dostonbek Khamdamov,65,FW,,Uzbekistan,,Pakhtakor,,,,,,,,,,67,67,59,67,35,58,,,,,,,,,,,,,,,,,,,,,,,,,,,,,,,,,,
Uzbekistan,,FW,İstanbul Başakşehir,False,True,estimated,,Abbosbek Fayzullaev,65,FW,,Uzbekistan,,İstanbul Başakşehir,,,,,,,,,,67,67,59,67,35,58,,,,,,,,,,,,,,,,,,,,,,,,,,,,,,,,,,
Uzbekistan,,FW,Bukhara,False,True,estimated,,Azizbek Amonov,65,FW,,Uzbekistan,,Bukhara,,,,,,,,,,67,67,59,67,35,58,,,,,,,,,,,,,,,,,,,,,,,,,,,,,,,,,,
Uzbekistan,,FW,Navbahor,False,True,estimated,,Ruslanbek Jiyanov,65,FW,,Uzbekistan,,Navbahor,,,,,,,,,,67,67,59,67,35,58,,,,,,,,,,,,,,,,,,,,,,,,,,,,,,,,,,
Uzbekistan,,FW,Erbil,False,True,estimated,,Sherzod Temirov,65,FW,,Uzbekistan,,Erbil,,,,,,,,,,67,67,59,67,35,58,,,,,,,,,,,,,,,,,,,,,,,,,,,,,,,,,,
Curaçao,1,GK,Miami FC,False,True,estimated,,Eloy Room,65,GK,,Curaçao,,Miami FC,,,,,,,,,,66,63,61,65,30,62,,,,,,,,,,,,,,,,,,,,,,,,,,,,,,66.0,63.0,61.0,64.0,66.0
Curaçao,3,DF,Abha,False,True,estimated,,Juriën Gaari,65,DF,,Curaçao,,Abha,,,,,,,,,,62,43,57,56,68,66,,,,,,,,,,,,,,,,,,,,,,,,,,,,,,,,,,
Curaçao,8,MF,Zürich,False,True,estimated,,Livano Comenencia,65,MF,,Curaçao,,Zürich,,,,,,,,,,60,59,67,66,59,60,,,,,,,,,,,,,,,,,,,,,,,,,,,,,,,,,,
Curaçao,9,FW,Miami FC,False,True,estimated,,Jürgen Locadia,65,FW,,Curaçao,,Miami FC,,,,,,,,,,67,67,59,67,35,58,,,,,,,,,,,,,,,,,,,,,,,,,,,,,,,,,,
Curaçao,13,MF,Telstar,False,True,estimated,,Tyrese Noslin,65,MF,,Curaçao,,Telstar,,,,,,,,,,60,59,67,66,59,60,,,,,,,,,,,,,,,,,,,,,,,,,,,,,,,,,,
Curaçao,14,FW,Maccabi Haifa,False,True,estimated,,Kenji Gorré,65,FW,,Curaçao,,Maccabi Haifa,,,,,,,,,,67,67,59,67,35,58,,,,,,,,,,,,,,,,,,,,,,,,,,,,,,,,,,
Curaçao,16,FW,Beveren,False,True,estimated,,Jearl Margaritha,65,FW,,Curaçao,,Beveren,,,,,,,,,,67,67,59,67,35,58,,,,,,,,,,,,,,,,,,,,,,,,,,,,,,,,,,
Curaçao,17,FW,Volendam,False,True,estimated,,Brandley Kuwas,65,FW,,Curaçao,,Volendam,,,,,,,,,,67,67,59,67,35,58,,,,,,,,,,,,,,,,,,,,,,,,,,,,,,,,,,
Curaçao,19,FW,Terengganu,False,True,estimated,,Gervane Kastaneer,65,FW,,Curaçao,,Terengganu,,,,,,,,,,67,67,59,67,35,58,,,,,,,,,,,,,,,,,,,,,,,,,,,,,,,,,,
Curaçao,20,DF,Kayserispor,False,True,estimated,,Joshua Brenet,65,DF,,Curaçao,,Kayserispor,,,,,,,,,,62,43,57,56,68,66,,,,,,,,,,,,,,,,,,,,,,,,,,,,,,,,,,
Curaçao,24,DF,NEC,False,True,estimated,,Deveron Fonville,65,DF,,Curaçao,,NEC,,,,,,,,,,62,43,57,56,68,66,,,,,,,,,,,,,,,,,,,,,,,,,,,,,,,,,,
Curaçao,25,GK,Telstar,False,True,estimated,,Tyrick Bodak,65,GK,,Curaçao,,Telstar,,,,,,,,,,66,63,61,65,30,62,,,,,,,,,,,,,,,,,,,,,,,,,,,,,,66.0,63.0,61.0,64.0,66.0
Curaçao,26,GK,VVV-Venlo,False,True,estimated,,Trevor Doornbusch,65,GK,,Curaçao,,VVV-Venlo,,,,,,,,,,66,63,61,65,30,62,,,,,,,,,,,,,,,,,,,,,,,,,,,,,,66.0,63.0,61.0,64.0,66.0
New Zealand,10,MF,Wellington Phoenix,False,True,estimated,,Sarpreet Singh,63,MF,,New Zealand,,Wellington Phoenix,,,,,,,,,,58,57,65,64,57,58,,,,,,,,,,,,,,,,,,,,,,,,,,,,,,,,,,
New Zealand,11,MF,Motherwell,False,True,estimated,,Elijah Just,63,MF,,New Zealand,,Motherwell,,,,,,,,,,58,57,65,64,57,58,,,,,,,,,,,,,,,,,,,,,,,,,,,,,,,,,,
New Zealand,21,FW,Auckland FC,False,True,estimated,,Jesse Randall,63,FW,,New Zealand,,Auckland FC,,,,,,,,,,65,65,57,65,33,56,,,,,,,,,,,,,,,,,,,,,,,,,,,,,,,,,,
Haiti,,GK,Sochaux,False,True,estimated,,Alexandre Pierre,66,GK,,Haiti,,Sochaux,,,,,,,,,,67,64,62,66,31,63,,,,,,,,,,,,,,,,,,,,,,,,,,,,,,67.0,64.0,62.0,65.0,67.0
Haiti,,GK,Cosmos Koblenz,False,True,estimated,,Josué Duverger,66,GK,,Haiti,,Cosmos Koblenz,,,,,,,,,,67,64,62,66,31,63,,,,,,,,,,,,,,,,,,,,,,,,,,,,,,67.0,64.0,62.0,65.0,67.0
Haiti,,DF,LDU Quito,False,True,estimated,,Ricardo Adé,66,DF,,Haiti,,LDU Quito,,,,,,,,,,63,44,58,57,69,67,,,,,,,,,,,,,,,,,,,,,,,,,,,,,,,,,,
Haiti,,DF,Nancy,False,True,estimated,,Martin Expérience,66,DF,,Haiti,,Nancy,,,,,,,,,,63,44,58,57,69,67,,,,,,,,,,,,,,,,,,,,,,,,,,,,,,,,,,
Haiti,,DF,Colorado Springs Switchbacks FC,False,True,estimated,,Duke Lacroix,66,DF,,Haiti,,Colorado Springs Switchbacks FC,,,,,,,,,,63,44,58,57,69,67,,,,,,,,,,,,,,,,,,,,,,,,,,,,,,,,,,
Haiti,,DF,Zulte Waregem,False,True,estimated,,Wilguens Paugain,66,DF,,Haiti,,Zulte Waregem,,,,,,,,,,63,44,58,57,69,67,,,,,,,,,,,,,,,,,,,,,,,,,,,,,,,,,,
Haiti,,DF,Young Boys,False,True,estimated,,Keeto Thermoncy,66,DF,,Haiti,,Young Boys,,,,,,,,,,63,44,58,57,69,67,,,,,,,,,,,,,,,,,,,,,,,,,,,,,,,,,,
Haiti,,MF,Vizela,False,True,estimated,,Leverton Pierre,66,MF,,Haiti,,Vizela,,,,,,,,,,61,60,68,67,60,61,,,,,,,,,,,,,,,,,,,,,,,,,,,,,,,,,,
Haiti,,MF,El Paso Locomotive FC,False,True,estimated,,Carl Sainté,66,MF,,Haiti,,El Paso Locomotive FC,,,,,,,,,,61,60,68,67,60,61,,,,,,,,,,,,,,,,,,,,,,,,,,,,,,,,,,
Haiti,,MF,Violette,False,True,estimated,,Woodensky Pierre,66,MF,,Haiti,,Violette,,,,,,,,,,61,60,68,67,60,61,,,,,,,,,,,,,,,,,,,,,,,,,,,,,,,,,,
Haiti,,MF,Tatran Prešov,False,True,estimated,,Dominique Simon,66,MF,,Haiti,,Tatran Prešov,,,,,,,,,,61,60,68,67,60,61,,,,,,,,,,,,,,,,,,,,,,,,,,,,,,,,,,
Haiti,,FW,FC Dallas,False,True,estimated,,Louicius Deedson,66,FW,,Haiti,,FC Dallas,,,,,,,,,,68,68,60,68,36,59,,,,,,,,,,,,,,,,,,,,,,,,,,,,,,,,,,
Haiti,,FW,Vizela,False,True,estimated,,Yassin Fortuné,66,FW,,Haiti,,Vizela,,,,,,,,,,68,68,60,68,36,59,,,,,,,,,,,,,,,,,,,,,,,,,,,,,,,,,,
Haiti,,FW,Sunderland,False,True,estimated,,Wilson Isidor,66,FW,,Haiti,,Sunderland,,,,,,,,,,68,68,60,68,36,59,,,,,,,,,,,,,,,,,,,,,,,,,,,,,,,,,,
